<?xml version='1.0' encoding='UTF-8' standalone='yes' ?>
<gpx version="1.1" creator="OsmAnd 5.3.10" xmlns="http://www.topografix.com/GPX/1/1" xmlns:osmand="https://osmand.net/docs/technical/osmand-file-formats/osmand-gpx" xmlns:gpxtpx="https://www8.garmin.com/xmlschemas/TrackPointExtensionv1.xsd" xmlns:xsi="http://www.w3.org/2001/XMLSchema-instance" xsi:schemaLocation="http://www.topografix.com/GPX/1/1 https://www.topografix.com/GPX/1/1/gpx.xsd">
  <metadata>
    <name>2026-06-01_ментешето</name>
    <time>2026-06-01T18:57:18Z</time>
  </metadata>
  <trk>
    <trkseg>
      <trkpt lat="43.2526545" lon="27.8515627">
        <ele>214.1</ele>
        <time>2026-06-01T17:36:49Z</time>
        <hdop>3</hdop>
        <extensions>
          <osmand:speed>0.1</osmand:speed>
        </extensions>
      </trkpt>
      <trkpt lat="43.2526537" lon="27.8515639">
        <ele>211.8</ele>
        <time>2026-06-01T17:36:55Z</time>
        <hdop>3</hdop>
        <extensions>
          <osmand:speed>0.1</osmand:speed>
        </extensions>
      </trkpt>
      <trkpt lat="43.252653" lon="27.8515629">
        <ele>210.3</ele>
        <time>2026-06-01T17:37:01Z</time>
        <hdop>3</hdop>
        <extensions>
          <osmand:speed>0.1</osmand:speed>
        </extensions>
      </trkpt>
      <trkpt lat="43.2526525" lon="27.8515628">
        <ele>213.5</ele>
        <time>2026-06-01T17:37:06Z</time>
        <hdop>3.1</hdop>
        <extensions>
          <osmand:speed>0.2</osmand:speed>
        </extensions>
      </trkpt>
      <trkpt lat="43.2526541" lon="27.8515625">
        <ele>212.2</ele>
        <time>2026-06-01T17:37:11Z</time>
        <hdop>3.7</hdop>
        <extensions>
          <osmand:speed>0.2</osmand:speed>
        </extensions>
      </trkpt>
      <trkpt lat="43.2526594" lon="27.8515683">
        <ele>212.2</ele>
        <time>2026-06-01T17:37:16Z</time>
        <hdop>3.3</hdop>
        <extensions>
          <osmand:speed>0.2</osmand:speed>
        </extensions>
      </trkpt>
      <trkpt lat="43.2526609" lon="27.8515723">
        <ele>212.2</ele>
        <time>2026-06-01T17:37:21Z</time>
        <hdop>3</hdop>
        <extensions>
          <osmand:speed>0.2</osmand:speed>
        </extensions>
      </trkpt>
      <trkpt lat="43.2526595" lon="27.8515714">
        <ele>215.5</ele>
        <time>2026-06-01T17:37:26Z</time>
        <hdop>3</hdop>
        <extensions>
          <osmand:speed>0.1</osmand:speed>
        </extensions>
      </trkpt>
      <trkpt lat="43.2526616" lon="27.8515708">
        <ele>215.5</ele>
        <time>2026-06-01T17:37:31Z</time>
        <hdop>3</hdop>
        <extensions>
          <osmand:speed>0.1</osmand:speed>
        </extensions>
      </trkpt>
      <trkpt lat="43.2526611" lon="27.8515703">
        <ele>208.3</ele>
        <time>2026-06-01T17:37:36Z</time>
        <hdop>3</hdop>
        <extensions>
          <osmand:speed>0.1</osmand:speed>
        </extensions>
      </trkpt>
      <trkpt lat="43.2526611" lon="27.8515728">
        <ele>213.5</ele>
        <time>2026-06-01T17:37:41Z</time>
        <hdop>3</hdop>
        <extensions>
          <osmand:speed>0.1</osmand:speed>
        </extensions>
      </trkpt>
      <trkpt lat="43.2526618" lon="27.8515738">
        <ele>213.5</ele>
        <time>2026-06-01T17:37:46Z</time>
        <hdop>3</hdop>
        <extensions>
          <osmand:speed>0.1</osmand:speed>
        </extensions>
      </trkpt>
      <trkpt lat="43.2526618" lon="27.8515739">
        <ele>219.4</ele>
        <time>2026-06-01T17:37:52Z</time>
        <hdop>3</hdop>
        <extensions>
          <osmand:speed>0.1</osmand:speed>
        </extensions>
      </trkpt>
      <trkpt lat="43.2526807" lon="27.851569">
        <ele>208.3</ele>
        <time>2026-06-01T17:37:57Z</time>
        <hdop>3.4</hdop>
        <extensions>
          <osmand:speed>2.7</osmand:speed>
        </extensions>
      </trkpt>
      <trkpt lat="43.2528354" lon="27.8514445">
        <ele>208.3</ele>
        <time>2026-06-01T17:38:02Z</time>
        <hdop>3.9</hdop>
        <extensions>
          <osmand:speed>2.6</osmand:speed>
        </extensions>
      </trkpt>
      <trkpt lat="43.2529243" lon="27.8515457">
        <ele>208.3</ele>
        <time>2026-06-01T17:38:07Z</time>
        <hdop>3.1</hdop>
        <extensions>
          <osmand:speed>2.5</osmand:speed>
        </extensions>
      </trkpt>
      <trkpt lat="43.2530047" lon="27.8516945">
        <ele>208.3</ele>
        <time>2026-06-01T17:38:12Z</time>
        <hdop>3.2</hdop>
        <extensions>
          <osmand:speed>2.3</osmand:speed>
        </extensions>
      </trkpt>
      <trkpt lat="43.2530784" lon="27.851727">
        <ele>217.7</ele>
        <time>2026-06-01T17:38:18Z</time>
        <hdop>4.1</hdop>
        <extensions>
          <osmand:speed>1.2</osmand:speed>
        </extensions>
      </trkpt>
      <trkpt lat="43.2531168" lon="27.8517235">
        <ele>215.8</ele>
        <time>2026-06-01T17:38:23Z</time>
        <hdop>5.1</hdop>
        <extensions>
          <osmand:speed>1</osmand:speed>
        </extensions>
      </trkpt>
      <trkpt lat="43.2531733" lon="27.8516906">
        <ele>219.4</ele>
        <time>2026-06-01T17:38:28Z</time>
        <hdop>4.2</hdop>
        <extensions>
          <osmand:speed>1.4</osmand:speed>
        </extensions>
      </trkpt>
      <trkpt lat="43.2532201" lon="27.851706">
        <ele>219.6</ele>
        <time>2026-06-01T17:38:33Z</time>
        <hdop>3.1</hdop>
        <extensions>
          <osmand:speed>1.1</osmand:speed>
        </extensions>
      </trkpt>
      <trkpt lat="43.2532162" lon="27.8517906">
        <ele>220.4</ele>
        <time>2026-06-01T17:38:39Z</time>
        <hdop>3</hdop>
        <extensions>
          <osmand:speed>1.1</osmand:speed>
        </extensions>
      </trkpt>
      <trkpt lat="43.2532251" lon="27.8518594">
        <ele>216.2</ele>
        <time>2026-06-01T17:38:44Z</time>
        <hdop>3.1</hdop>
        <extensions>
          <osmand:speed>0.9</osmand:speed>
        </extensions>
      </trkpt>
      <trkpt lat="43.2532409" lon="27.8519226">
        <ele>217.8</ele>
        <time>2026-06-01T17:38:49Z</time>
        <hdop>3.1</hdop>
        <extensions>
          <osmand:speed>0.6</osmand:speed>
        </extensions>
      </trkpt>
      <trkpt lat="43.2532457" lon="27.8519563">
        <ele>216.6</ele>
        <time>2026-06-01T17:38:54Z</time>
        <hdop>3.1</hdop>
        <extensions>
          <osmand:speed>0.6</osmand:speed>
        </extensions>
      </trkpt>
      <trkpt lat="43.2532648" lon="27.8519825">
        <ele>218.3</ele>
        <time>2026-06-01T17:39:00Z</time>
        <hdop>3</hdop>
        <extensions>
          <osmand:speed>0.3</osmand:speed>
        </extensions>
      </trkpt>
      <trkpt lat="43.2532974" lon="27.851993">
        <ele>219.5</ele>
        <time>2026-06-01T17:39:05Z</time>
        <hdop>3.9</hdop>
        <extensions>
          <osmand:speed>0.7</osmand:speed>
        </extensions>
      </trkpt>
      <trkpt lat="43.253357" lon="27.851981">
        <ele>221.2</ele>
        <time>2026-06-01T17:39:10Z</time>
        <hdop>4.6</hdop>
        <extensions>
          <osmand:speed>1.1</osmand:speed>
        </extensions>
      </trkpt>
      <trkpt lat="43.2534378" lon="27.8518788">
        <ele>223.7</ele>
        <time>2026-06-01T17:39:15Z</time>
        <hdop>3.2</hdop>
        <extensions>
          <osmand:speed>1.5</osmand:speed>
        </extensions>
      </trkpt>
      <trkpt lat="43.2534737" lon="27.8518175">
        <ele>225</ele>
        <time>2026-06-01T17:39:20Z</time>
        <hdop>3</hdop>
        <extensions>
          <osmand:speed>1.2</osmand:speed>
        </extensions>
      </trkpt>
      <trkpt lat="43.2535044" lon="27.8517801">
        <ele>205.3</ele>
        <time>2026-06-01T17:39:26Z</time>
        <hdop>3</hdop>
        <extensions>
          <osmand:speed>0.6</osmand:speed>
        </extensions>
      </trkpt>
      <trkpt lat="43.2535011" lon="27.8518271">
        <ele>225</ele>
        <time>2026-06-01T17:39:31Z</time>
        <hdop>3</hdop>
        <extensions>
          <osmand:speed>0.6</osmand:speed>
        </extensions>
      </trkpt>
      <trkpt lat="43.25351" lon="27.8518697">
        <ele>224.4</ele>
        <time>2026-06-01T17:39:36Z</time>
        <hdop>3.3</hdop>
        <extensions>
          <osmand:speed>0.2</osmand:speed>
        </extensions>
      </trkpt>
      <trkpt lat="43.2535776" lon="27.8518671">
        <ele>224.1</ele>
        <time>2026-06-01T17:39:41Z</time>
        <hdop>4.5</hdop>
        <extensions>
          <osmand:speed>1.3</osmand:speed>
        </extensions>
      </trkpt>
      <trkpt lat="43.2536208" lon="27.8518227">
        <ele>223.8</ele>
        <time>2026-06-01T17:39:46Z</time>
        <hdop>3.9</hdop>
        <extensions>
          <osmand:speed>1</osmand:speed>
        </extensions>
      </trkpt>
      <trkpt lat="43.2536724" lon="27.8518206">
        <ele>224.5</ele>
        <time>2026-06-01T17:39:52Z</time>
        <hdop>3.1</hdop>
        <extensions>
          <osmand:speed>0.8</osmand:speed>
        </extensions>
      </trkpt>
      <trkpt lat="43.2537181" lon="27.8518387">
        <ele>226.1</ele>
        <time>2026-06-01T17:39:57Z</time>
        <hdop>3.1</hdop>
        <extensions>
          <osmand:speed>0.8</osmand:speed>
        </extensions>
      </trkpt>
      <trkpt lat="43.2537428" lon="27.8518418">
        <ele>226.4</ele>
        <time>2026-06-01T17:40:02Z</time>
        <hdop>4.3</hdop>
        <extensions>
          <osmand:speed>0.7</osmand:speed>
        </extensions>
      </trkpt>
      <trkpt lat="43.2537682" lon="27.8518734">
        <ele>225.2</ele>
        <time>2026-06-01T17:40:07Z</time>
        <hdop>3.6</hdop>
        <extensions>
          <osmand:speed>0.7</osmand:speed>
        </extensions>
      </trkpt>
      <trkpt lat="43.253772" lon="27.8519244">
        <ele>216.2</ele>
        <time>2026-06-01T17:40:13Z</time>
        <hdop>3</hdop>
        <extensions>
          <osmand:speed>0.5</osmand:speed>
        </extensions>
      </trkpt>
      <trkpt lat="43.2537801" lon="27.8519472">
        <ele>216.2</ele>
        <time>2026-06-01T17:40:18Z</time>
        <hdop>3</hdop>
        <extensions>
          <osmand:speed>0.5</osmand:speed>
        </extensions>
      </trkpt>
      <trkpt lat="43.2537907" lon="27.8519753">
        <ele>216.2</ele>
        <time>2026-06-01T17:40:23Z</time>
        <hdop>3</hdop>
        <extensions>
          <osmand:speed>0.3</osmand:speed>
        </extensions>
      </trkpt>
      <trkpt lat="43.2538305" lon="27.8519829">
        <ele>216.2</ele>
        <time>2026-06-01T17:40:29Z</time>
        <hdop>3.1</hdop>
        <extensions>
          <osmand:speed>0.5</osmand:speed>
        </extensions>
      </trkpt>
      <trkpt lat="43.2538589" lon="27.8519713">
        <ele>204.1</ele>
        <time>2026-06-01T17:40:34Z</time>
        <hdop>3.1</hdop>
        <extensions>
          <osmand:speed>0.2</osmand:speed>
        </extensions>
      </trkpt>
      <trkpt lat="43.2538816" lon="27.8519843">
        <ele>204.1</ele>
        <time>2026-06-01T17:40:39Z</time>
        <hdop>3</hdop>
        <extensions>
          <osmand:speed>0.4</osmand:speed>
        </extensions>
      </trkpt>
      <trkpt lat="43.2539129" lon="27.8520226">
        <ele>216.2</ele>
        <time>2026-06-01T17:40:44Z</time>
        <hdop>3</hdop>
        <extensions>
          <osmand:speed>0.6</osmand:speed>
        </extensions>
      </trkpt>
      <trkpt lat="43.2539139" lon="27.8520462">
        <ele>225.9</ele>
        <time>2026-06-01T17:40:50Z</time>
        <hdop>3</hdop>
        <extensions>
          <osmand:speed>0.1</osmand:speed>
        </extensions>
      </trkpt>
      <trkpt lat="43.2539142" lon="27.8520547">
        <ele>225.2</ele>
        <time>2026-06-01T17:40:55Z</time>
        <hdop>3</hdop>
        <extensions>
          <osmand:speed>0.1</osmand:speed>
        </extensions>
      </trkpt>
      <trkpt lat="43.2539364" lon="27.8520653">
        <ele>228</ele>
        <time>2026-06-01T17:41:01Z</time>
        <hdop>3</hdop>
        <extensions>
          <osmand:speed>0.5</osmand:speed>
        </extensions>
      </trkpt>
      <trkpt lat="43.2539839" lon="27.8520893">
        <ele>227.4</ele>
        <time>2026-06-01T17:41:06Z</time>
        <hdop>3</hdop>
        <extensions>
          <osmand:speed>0.7</osmand:speed>
        </extensions>
      </trkpt>
      <trkpt lat="43.2540194" lon="27.8520965">
        <ele>205.3</ele>
        <time>2026-06-01T17:41:11Z</time>
        <hdop>3</hdop>
        <extensions>
          <osmand:speed>0.8</osmand:speed>
        </extensions>
      </trkpt>
      <trkpt lat="43.2540461" lon="27.8520862">
        <ele>205.3</ele>
        <time>2026-06-01T17:41:16Z</time>
        <hdop>3</hdop>
        <extensions>
          <osmand:speed>0.5</osmand:speed>
        </extensions>
      </trkpt>
      <trkpt lat="43.2540687" lon="27.8520738">
        <ele>205.3</ele>
        <time>2026-06-01T17:41:22Z</time>
        <hdop>3</hdop>
        <extensions>
          <osmand:speed>0.3</osmand:speed>
        </extensions>
      </trkpt>
      <trkpt lat="43.2540998" lon="27.8520617">
        <ele>205.3</ele>
        <time>2026-06-01T17:41:27Z</time>
        <hdop>3</hdop>
        <extensions>
          <osmand:speed>0.4</osmand:speed>
        </extensions>
      </trkpt>
      <trkpt lat="43.2541138" lon="27.8520534">
        <ele>205.3</ele>
        <time>2026-06-01T17:41:32Z</time>
        <hdop>3</hdop>
        <extensions>
          <osmand:speed>0.2</osmand:speed>
        </extensions>
      </trkpt>
      <trkpt lat="43.2541283" lon="27.852035">
        <ele>205.3</ele>
        <time>2026-06-01T17:41:37Z</time>
        <hdop>3</hdop>
        <extensions>
          <osmand:speed>0.2</osmand:speed>
        </extensions>
      </trkpt>
      <trkpt lat="43.2541602" lon="27.8520169">
        <ele>216.2</ele>
        <time>2026-06-01T17:41:42Z</time>
        <hdop>3</hdop>
        <extensions>
          <osmand:speed>0.5</osmand:speed>
        </extensions>
      </trkpt>
      <trkpt lat="43.2542019" lon="27.8519634">
        <ele>216.2</ele>
        <time>2026-06-01T17:41:47Z</time>
        <hdop>3.1</hdop>
        <extensions>
          <osmand:speed>0.9</osmand:speed>
        </extensions>
      </trkpt>
      <trkpt lat="43.2542374" lon="27.8519257">
        <ele>216.2</ele>
        <time>2026-06-01T17:41:52Z</time>
        <hdop>3.1</hdop>
        <extensions>
          <osmand:speed>0.8</osmand:speed>
        </extensions>
      </trkpt>
      <trkpt lat="43.2542504" lon="27.8518947">
        <ele>216.2</ele>
        <time>2026-06-01T17:41:58Z</time>
        <hdop>3</hdop>
        <extensions>
          <osmand:speed>0.2</osmand:speed>
        </extensions>
      </trkpt>
      <trkpt lat="43.2542521" lon="27.8518798">
        <ele>216.2</ele>
        <time>2026-06-01T17:42:03Z</time>
        <hdop>3</hdop>
        <extensions>
          <osmand:speed>0.2</osmand:speed>
        </extensions>
      </trkpt>
      <trkpt lat="43.2542649" lon="27.8518458">
        <ele>216.2</ele>
        <time>2026-06-01T17:42:08Z</time>
        <hdop>3</hdop>
        <extensions>
          <osmand:speed>0.6</osmand:speed>
        </extensions>
      </trkpt>
      <trkpt lat="43.2543065" lon="27.8518099">
        <ele>216.2</ele>
        <time>2026-06-01T17:42:14Z</time>
        <hdop>3.1</hdop>
        <extensions>
          <osmand:speed>0.7</osmand:speed>
        </extensions>
      </trkpt>
      <trkpt lat="43.2543476" lon="27.8517798">
        <ele>204.1</ele>
        <time>2026-06-01T17:42:19Z</time>
        <hdop>3.1</hdop>
        <extensions>
          <osmand:speed>1</osmand:speed>
        </extensions>
      </trkpt>
      <trkpt lat="43.254389" lon="27.8517471">
        <ele>200.9</ele>
        <time>2026-06-01T17:42:24Z</time>
        <hdop>3.1</hdop>
        <extensions>
          <osmand:speed>0.9</osmand:speed>
        </extensions>
      </trkpt>
      <trkpt lat="43.2544245" lon="27.8517303">
        <ele>200.9</ele>
        <time>2026-06-01T17:42:29Z</time>
        <hdop>3.2</hdop>
        <extensions>
          <osmand:speed>0.7</osmand:speed>
        </extensions>
      </trkpt>
      <trkpt lat="43.2544276" lon="27.8516884">
        <ele>200.9</ele>
        <time>2026-06-01T17:42:34Z</time>
        <hdop>3.1</hdop>
        <extensions>
          <osmand:speed>0.5</osmand:speed>
        </extensions>
      </trkpt>
      <trkpt lat="43.2545308" lon="27.8516878">
        <ele>200.9</ele>
        <time>2026-06-01T17:42:39Z</time>
        <hdop>3.1</hdop>
        <extensions>
          <osmand:speed>1.9</osmand:speed>
        </extensions>
      </trkpt>
      <trkpt lat="43.2546711" lon="27.8516669">
        <ele>200.9</ele>
        <time>2026-06-01T17:42:44Z</time>
        <hdop>3.7</hdop>
        <extensions>
          <osmand:speed>2.3</osmand:speed>
        </extensions>
      </trkpt>
      <trkpt lat="43.2547816" lon="27.8517079">
        <ele>200.9</ele>
        <time>2026-06-01T17:42:49Z</time>
        <hdop>3.5</hdop>
        <extensions>
          <osmand:speed>2.1</osmand:speed>
        </extensions>
      </trkpt>
      <trkpt lat="43.2548931" lon="27.8516894">
        <ele>200.9</ele>
        <time>2026-06-01T17:42:54Z</time>
        <hdop>3.4</hdop>
        <extensions>
          <osmand:speed>2.3</osmand:speed>
        </extensions>
      </trkpt>
      <trkpt lat="43.2550069" lon="27.8516615">
        <ele>200.9</ele>
        <time>2026-06-01T17:43:00Z</time>
        <hdop>3.4</hdop>
        <extensions>
          <osmand:speed>2.4</osmand:speed>
        </extensions>
      </trkpt>
      <trkpt lat="43.2550967" lon="27.8516611">
        <ele>200.9</ele>
        <time>2026-06-01T17:43:05Z</time>
        <hdop>3.1</hdop>
        <extensions>
          <osmand:speed>1.9</osmand:speed>
        </extensions>
      </trkpt>
      <trkpt lat="43.2551836" lon="27.8516481">
        <ele>200.9</ele>
        <time>2026-06-01T17:43:10Z</time>
        <hdop>3.3</hdop>
        <extensions>
          <osmand:speed>2</osmand:speed>
        </extensions>
      </trkpt>
      <trkpt lat="43.2552611" lon="27.8516143">
        <ele>200.9</ele>
        <time>2026-06-01T17:43:15Z</time>
        <hdop>3.3</hdop>
        <extensions>
          <osmand:speed>1.8</osmand:speed>
        </extensions>
      </trkpt>
      <trkpt lat="43.2553282" lon="27.8515877">
        <ele>200.9</ele>
        <time>2026-06-01T17:43:20Z</time>
        <hdop>3.1</hdop>
        <extensions>
          <osmand:speed>1.7</osmand:speed>
        </extensions>
      </trkpt>
      <trkpt lat="43.2553861" lon="27.8515781">
        <ele>200.9</ele>
        <time>2026-06-01T17:43:25Z</time>
        <hdop>3.3</hdop>
        <extensions>
          <osmand:speed>1.3</osmand:speed>
        </extensions>
      </trkpt>
      <trkpt lat="43.2554625" lon="27.8515978">
        <ele>200.9</ele>
        <time>2026-06-01T17:43:30Z</time>
        <hdop>3.2</hdop>
        <extensions>
          <osmand:speed>1.7</osmand:speed>
        </extensions>
      </trkpt>
      <trkpt lat="43.2555164" lon="27.8516145">
        <ele>200.9</ele>
        <time>2026-06-01T17:43:35Z</time>
        <hdop>3</hdop>
        <extensions>
          <osmand:speed>1.1</osmand:speed>
        </extensions>
      </trkpt>
      <trkpt lat="43.255556" lon="27.8516242">
        <ele>200.9</ele>
        <time>2026-06-01T17:43:41Z</time>
        <hdop>3.1</hdop>
        <extensions>
          <osmand:speed>0.6</osmand:speed>
        </extensions>
      </trkpt>
      <trkpt lat="43.2555456" lon="27.8516271">
        <ele>200.9</ele>
        <time>2026-06-01T17:43:46Z</time>
        <hdop>3.1</hdop>
        <extensions>
          <osmand:speed>0.1</osmand:speed>
        </extensions>
      </trkpt>
      <trkpt lat="43.2555414" lon="27.851627">
        <ele>252.7</ele>
        <time>2026-06-01T17:43:52Z</time>
        <hdop>3</hdop>
        <extensions>
          <osmand:speed>0.1</osmand:speed>
        </extensions>
      </trkpt>
      <trkpt lat="43.2555487" lon="27.8516158">
        <ele>253.1</ele>
        <time>2026-06-01T17:43:57Z</time>
        <hdop>3</hdop>
        <extensions>
          <osmand:speed>0.2</osmand:speed>
        </extensions>
      </trkpt>
      <trkpt lat="43.2555815" lon="27.8515314">
        <ele>252.3</ele>
        <time>2026-06-01T17:44:02Z</time>
        <hdop>3</hdop>
        <extensions>
          <osmand:speed>1</osmand:speed>
        </extensions>
      </trkpt>
      <trkpt lat="43.2555942" lon="27.8514104">
        <ele>254.3</ele>
        <time>2026-06-01T17:44:07Z</time>
        <hdop>3.3</hdop>
        <extensions>
          <osmand:speed>1.6</osmand:speed>
        </extensions>
      </trkpt>
      <trkpt lat="43.2556027" lon="27.8513275">
        <ele>256.6</ele>
        <time>2026-06-01T17:44:12Z</time>
        <hdop>3.3</hdop>
        <extensions>
          <osmand:speed>1.2</osmand:speed>
        </extensions>
      </trkpt>
      <trkpt lat="43.255625" lon="27.8512094">
        <ele>259.4</ele>
        <time>2026-06-01T17:44:18Z</time>
        <hdop>3.8</hdop>
        <extensions>
          <osmand:speed>1.9</osmand:speed>
        </extensions>
      </trkpt>
      <trkpt lat="43.2557083" lon="27.8511098">
        <ele>260.8</ele>
        <time>2026-06-01T17:44:23Z</time>
        <hdop>4.1</hdop>
        <extensions>
          <osmand:speed>2.2</osmand:speed>
        </extensions>
      </trkpt>
      <trkpt lat="43.2558045" lon="27.8510282">
        <ele>261</ele>
        <time>2026-06-01T17:44:28Z</time>
        <hdop>4</hdop>
        <extensions>
          <osmand:speed>2.2</osmand:speed>
        </extensions>
      </trkpt>
      <trkpt lat="43.2559071" lon="27.8509449">
        <ele>261.2</ele>
        <time>2026-06-01T17:44:33Z</time>
        <hdop>3.8</hdop>
        <extensions>
          <osmand:speed>2.1</osmand:speed>
        </extensions>
      </trkpt>
      <trkpt lat="43.2559932" lon="27.8508406">
        <ele>260.8</ele>
        <time>2026-06-01T17:44:38Z</time>
        <hdop>3.5</hdop>
        <extensions>
          <osmand:speed>2.1</osmand:speed>
        </extensions>
      </trkpt>
      <trkpt lat="43.256094" lon="27.8507719">
        <ele>258.9</ele>
        <time>2026-06-01T17:44:43Z</time>
        <hdop>3.6</hdop>
        <extensions>
          <osmand:speed>2.1</osmand:speed>
        </extensions>
      </trkpt>
      <trkpt lat="43.2562069" lon="27.8507581">
        <ele>259.4</ele>
        <time>2026-06-01T17:44:48Z</time>
        <hdop>3.7</hdop>
        <extensions>
          <osmand:speed>2.1</osmand:speed>
        </extensions>
      </trkpt>
      <trkpt lat="43.2562847" lon="27.850689">
        <ele>266.4</ele>
        <time>2026-06-01T17:44:54Z</time>
        <hdop>4</hdop>
        <extensions>
          <osmand:speed>1.8</osmand:speed>
        </extensions>
      </trkpt>
      <trkpt lat="43.2563527" lon="27.8506844">
        <ele>269.3</ele>
        <time>2026-06-01T17:44:59Z</time>
        <hdop>3.7</hdop>
        <extensions>
          <osmand:speed>1.7</osmand:speed>
        </extensions>
      </trkpt>
      <trkpt lat="43.2563879" lon="27.8507072">
        <ele>271.6</ele>
        <time>2026-06-01T17:45:04Z</time>
        <hdop>3.4</hdop>
        <extensions>
          <osmand:speed>1.2</osmand:speed>
        </extensions>
      </trkpt>
      <trkpt lat="43.2564314" lon="27.8507618">
        <ele>271.3</ele>
        <time>2026-06-01T17:45:09Z</time>
        <hdop>3.9</hdop>
        <extensions>
          <osmand:speed>1.3</osmand:speed>
        </extensions>
      </trkpt>
      <trkpt lat="43.2564831" lon="27.8507867">
        <ele>272.6</ele>
        <time>2026-06-01T17:45:15Z</time>
        <hdop>3.3</hdop>
        <extensions>
          <osmand:speed>1.3</osmand:speed>
        </extensions>
      </trkpt>
      <trkpt lat="43.2565472" lon="27.8508171">
        <ele>275</ele>
        <time>2026-06-01T17:45:20Z</time>
        <hdop>4.5</hdop>
        <extensions>
          <osmand:speed>1.4</osmand:speed>
        </extensions>
      </trkpt>
      <trkpt lat="43.2566021" lon="27.8508362">
        <ele>275.5</ele>
        <time>2026-06-01T17:45:25Z</time>
        <hdop>5.9</hdop>
        <extensions>
          <osmand:speed>1.2</osmand:speed>
        </extensions>
      </trkpt>
      <trkpt lat="43.256648" lon="27.8508137">
        <ele>276.4</ele>
        <time>2026-06-01T17:45:31Z</time>
        <hdop>5.5</hdop>
        <extensions>
          <osmand:speed>1.2</osmand:speed>
        </extensions>
      </trkpt>
      <trkpt lat="43.2566923" lon="27.8508111">
        <ele>279.4</ele>
        <time>2026-06-01T17:45:36Z</time>
        <hdop>5.3</hdop>
        <extensions>
          <osmand:speed>1.1</osmand:speed>
        </extensions>
      </trkpt>
      <trkpt lat="43.2567663" lon="27.8508409">
        <ele>281.6</ele>
        <time>2026-06-01T17:45:41Z</time>
        <hdop>5.9</hdop>
        <extensions>
          <osmand:speed>1.9</osmand:speed>
        </extensions>
      </trkpt>
      <trkpt lat="43.2568532" lon="27.8508448">
        <ele>283.5</ele>
        <time>2026-06-01T17:45:46Z</time>
        <hdop>6.2</hdop>
        <extensions>
          <osmand:speed>1.9</osmand:speed>
        </extensions>
      </trkpt>
      <trkpt lat="43.2569387" lon="27.8508668">
        <ele>285</ele>
        <time>2026-06-01T17:45:51Z</time>
        <hdop>6.3</hdop>
        <extensions>
          <osmand:speed>2</osmand:speed>
        </extensions>
      </trkpt>
      <trkpt lat="43.2570325" lon="27.8508685">
        <ele>285.9</ele>
        <time>2026-06-01T17:45:56Z</time>
        <hdop>6.6</hdop>
        <extensions>
          <osmand:speed>2</osmand:speed>
        </extensions>
      </trkpt>
      <trkpt lat="43.2571345" lon="27.8508242">
        <ele>288.7</ele>
        <time>2026-06-01T17:46:01Z</time>
        <hdop>6.6</hdop>
        <extensions>
          <osmand:speed>2</osmand:speed>
        </extensions>
      </trkpt>
      <trkpt lat="43.2572144" lon="27.8507796">
        <ele>289.1</ele>
        <time>2026-06-01T17:46:07Z</time>
        <hdop>6.3</hdop>
        <extensions>
          <osmand:speed>1.3</osmand:speed>
        </extensions>
      </trkpt>
      <trkpt lat="43.2572758" lon="27.8507608">
        <ele>287.2</ele>
        <time>2026-06-01T17:46:12Z</time>
        <hdop>5.9</hdop>
        <extensions>
          <osmand:speed>1.2</osmand:speed>
        </extensions>
      </trkpt>
      <trkpt lat="43.2573589" lon="27.8507412">
        <ele>290</ele>
        <time>2026-06-01T17:46:18Z</time>
        <hdop>5.8</hdop>
        <extensions>
          <osmand:speed>1.3</osmand:speed>
        </extensions>
      </trkpt>
      <trkpt lat="43.2574134" lon="27.8506982">
        <ele>287.6</ele>
        <time>2026-06-01T17:46:23Z</time>
        <hdop>6</hdop>
        <extensions>
          <osmand:speed>1.1</osmand:speed>
        </extensions>
      </trkpt>
      <trkpt lat="43.257475" lon="27.8506312">
        <ele>290.4</ele>
        <time>2026-06-01T17:46:28Z</time>
        <hdop>6.1</hdop>
        <extensions>
          <osmand:speed>1.5</osmand:speed>
        </extensions>
      </trkpt>
      <trkpt lat="43.2575287" lon="27.8504944">
        <ele>292.7</ele>
        <time>2026-06-01T17:46:33Z</time>
        <hdop>6.1</hdop>
        <extensions>
          <osmand:speed>2</osmand:speed>
        </extensions>
      </trkpt>
      <trkpt lat="43.2576065" lon="27.8503797">
        <ele>294.5</ele>
        <time>2026-06-01T17:46:38Z</time>
        <hdop>6.8</hdop>
        <extensions>
          <osmand:speed>2</osmand:speed>
        </extensions>
      </trkpt>
      <trkpt lat="43.2576341" lon="27.8502852">
        <ele>293.4</ele>
        <time>2026-06-01T17:46:43Z</time>
        <hdop>6.1</hdop>
        <extensions>
          <osmand:speed>1.7</osmand:speed>
        </extensions>
      </trkpt>
      <trkpt lat="43.2576556" lon="27.8501619">
        <ele>296.4</ele>
        <time>2026-06-01T17:46:48Z</time>
        <hdop>5.7</hdop>
        <extensions>
          <osmand:speed>2.1</osmand:speed>
        </extensions>
      </trkpt>
      <trkpt lat="43.257694" lon="27.8500498">
        <ele>295.8</ele>
        <time>2026-06-01T17:46:53Z</time>
        <hdop>5.9</hdop>
        <extensions>
          <osmand:speed>1.9</osmand:speed>
        </extensions>
      </trkpt>
      <trkpt lat="43.257735" lon="27.8499674">
        <ele>297.4</ele>
        <time>2026-06-01T17:46:58Z</time>
        <hdop>6.7</hdop>
        <extensions>
          <osmand:speed>1.8</osmand:speed>
        </extensions>
      </trkpt>
      <trkpt lat="43.2577611" lon="27.849825">
        <ele>291</ele>
        <time>2026-06-01T17:47:03Z</time>
        <hdop>6.5</hdop>
        <extensions>
          <osmand:speed>2.1</osmand:speed>
        </extensions>
      </trkpt>
      <trkpt lat="43.2578075" lon="27.8496853">
        <ele>291.3</ele>
        <time>2026-06-01T17:47:08Z</time>
        <hdop>6.3</hdop>
        <extensions>
          <osmand:speed>2.2</osmand:speed>
        </extensions>
      </trkpt>
      <trkpt lat="43.2578785" lon="27.8495076">
        <ele>291.2</ele>
        <time>2026-06-01T17:47:14Z</time>
        <hdop>6.4</hdop>
        <extensions>
          <osmand:speed>2.4</osmand:speed>
        </extensions>
      </trkpt>
      <trkpt lat="43.2579179" lon="27.849316">
        <ele>293.6</ele>
        <time>2026-06-01T17:47:19Z</time>
        <hdop>6.2</hdop>
        <extensions>
          <osmand:speed>2.3</osmand:speed>
        </extensions>
      </trkpt>
      <trkpt lat="43.2579629" lon="27.8491299">
        <ele>294.5</ele>
        <time>2026-06-01T17:47:24Z</time>
        <hdop>6</hdop>
        <extensions>
          <osmand:speed>2.3</osmand:speed>
        </extensions>
      </trkpt>
      <trkpt lat="43.258017" lon="27.8489822">
        <ele>298.2</ele>
        <time>2026-06-01T17:47:29Z</time>
        <hdop>6.1</hdop>
        <extensions>
          <osmand:speed>2.2</osmand:speed>
        </extensions>
      </trkpt>
      <trkpt lat="43.2580805" lon="27.8488534">
        <ele>301</ele>
        <time>2026-06-01T17:47:34Z</time>
        <hdop>6.2</hdop>
        <extensions>
          <osmand:speed>2.2</osmand:speed>
        </extensions>
      </trkpt>
      <trkpt lat="43.2581552" lon="27.8487569">
        <ele>303</ele>
        <time>2026-06-01T17:47:39Z</time>
        <hdop>6</hdop>
        <extensions>
          <osmand:speed>2.2</osmand:speed>
        </extensions>
      </trkpt>
      <trkpt lat="43.2582157" lon="27.8486455">
        <ele>298.5</ele>
        <time>2026-06-01T17:47:44Z</time>
        <hdop>6.2</hdop>
        <extensions>
          <osmand:speed>2.3</osmand:speed>
        </extensions>
      </trkpt>
      <trkpt lat="43.2582917" lon="27.8485294">
        <ele>297</ele>
        <time>2026-06-01T17:47:49Z</time>
        <hdop>6.5</hdop>
        <extensions>
          <osmand:speed>2.2</osmand:speed>
        </extensions>
      </trkpt>
      <trkpt lat="43.2583805" lon="27.8484274">
        <ele>295.5</ele>
        <time>2026-06-01T17:47:55Z</time>
        <hdop>6.5</hdop>
        <extensions>
          <osmand:speed>2.1</osmand:speed>
        </extensions>
      </trkpt>
      <trkpt lat="43.2584634" lon="27.8483164">
        <ele>291.4</ele>
        <time>2026-06-01T17:48:00Z</time>
        <hdop>6.1</hdop>
        <extensions>
          <osmand:speed>2.1</osmand:speed>
        </extensions>
      </trkpt>
      <trkpt lat="43.2585408" lon="27.8481969">
        <ele>291.3</ele>
        <time>2026-06-01T17:48:05Z</time>
        <hdop>6.4</hdop>
        <extensions>
          <osmand:speed>2.2</osmand:speed>
        </extensions>
      </trkpt>
      <trkpt lat="43.2586528" lon="27.8480997">
        <ele>294.4</ele>
        <time>2026-06-01T17:48:10Z</time>
        <hdop>6.7</hdop>
        <extensions>
          <osmand:speed>2.2</osmand:speed>
        </extensions>
      </trkpt>
      <trkpt lat="43.2587847" lon="27.848057">
        <ele>297.6</ele>
        <time>2026-06-01T17:48:16Z</time>
        <hdop>6.8</hdop>
        <extensions>
          <osmand:speed>2.2</osmand:speed>
        </extensions>
      </trkpt>
      <trkpt lat="43.2588985" lon="27.8480199">
        <ele>300.8</ele>
        <time>2026-06-01T17:48:21Z</time>
        <hdop>6.8</hdop>
        <extensions>
          <osmand:speed>2.2</osmand:speed>
        </extensions>
      </trkpt>
      <trkpt lat="43.2589783" lon="27.8480132">
        <ele>296</ele>
        <time>2026-06-01T17:48:26Z</time>
        <hdop>6.8</hdop>
        <extensions>
          <osmand:speed>1.3</osmand:speed>
        </extensions>
      </trkpt>
      <trkpt lat="43.2590128" lon="27.848053">
        <ele>293</ele>
        <time>2026-06-01T17:48:31Z</time>
        <hdop>5.6</hdop>
        <extensions>
          <osmand:speed>1</osmand:speed>
        </extensions>
      </trkpt>
      <trkpt lat="43.259061" lon="27.8480911">
        <ele>293.6</ele>
        <time>2026-06-01T17:48:36Z</time>
        <hdop>5.4</hdop>
        <extensions>
          <osmand:speed>1</osmand:speed>
        </extensions>
      </trkpt>
      <trkpt lat="43.2590997" lon="27.8481126">
        <ele>292.5</ele>
        <time>2026-06-01T17:48:41Z</time>
        <hdop>5.9</hdop>
        <extensions>
          <osmand:speed>0.8</osmand:speed>
        </extensions>
      </trkpt>
      <trkpt lat="43.2591246" lon="27.8481456">
        <ele>293</ele>
        <time>2026-06-01T17:48:46Z</time>
        <hdop>6</hdop>
        <extensions>
          <osmand:speed>0.5</osmand:speed>
        </extensions>
      </trkpt>
      <trkpt lat="43.2591681" lon="27.8481866">
        <ele>294.3</ele>
        <time>2026-06-01T17:48:51Z</time>
        <hdop>6</hdop>
        <extensions>
          <osmand:speed>1.3</osmand:speed>
        </extensions>
      </trkpt>
      <trkpt lat="43.259244" lon="27.8482406">
        <ele>297.7</ele>
        <time>2026-06-01T17:48:56Z</time>
        <hdop>6.4</hdop>
        <extensions>
          <osmand:speed>1.6</osmand:speed>
        </extensions>
      </trkpt>
      <trkpt lat="43.2592901" lon="27.8482563">
        <ele>297.7</ele>
        <time>2026-06-01T17:49:01Z</time>
        <hdop>5.8</hdop>
        <extensions>
          <osmand:speed>1.1</osmand:speed>
        </extensions>
      </trkpt>
      <trkpt lat="43.2593247" lon="27.8483335">
        <ele>301.4</ele>
        <time>2026-06-01T17:49:06Z</time>
        <hdop>5.5</hdop>
        <extensions>
          <osmand:speed>1.6</osmand:speed>
        </extensions>
      </trkpt>
      <trkpt lat="43.2593092" lon="27.848419">
        <ele>302.3</ele>
        <time>2026-06-01T17:49:12Z</time>
        <hdop>5.3</hdop>
        <extensions>
          <osmand:speed>1.1</osmand:speed>
        </extensions>
      </trkpt>
      <trkpt lat="43.2593545" lon="27.8484538">
        <ele>305.8</ele>
        <time>2026-06-01T17:49:17Z</time>
        <hdop>5.3</hdop>
        <extensions>
          <osmand:speed>1.1</osmand:speed>
        </extensions>
      </trkpt>
      <trkpt lat="43.2593957" lon="27.8484974">
        <ele>306.4</ele>
        <time>2026-06-01T17:49:22Z</time>
        <hdop>5.5</hdop>
        <extensions>
          <osmand:speed>1</osmand:speed>
        </extensions>
      </trkpt>
      <trkpt lat="43.2594273" lon="27.8485042">
        <ele>307.2</ele>
        <time>2026-06-01T17:49:27Z</time>
        <hdop>5.4</hdop>
        <extensions>
          <osmand:speed>0.8</osmand:speed>
        </extensions>
      </trkpt>
      <trkpt lat="43.2594565" lon="27.8485504">
        <ele>306.5</ele>
        <time>2026-06-01T17:49:33Z</time>
        <hdop>5.6</hdop>
        <extensions>
          <osmand:speed>0.9</osmand:speed>
        </extensions>
      </trkpt>
      <trkpt lat="43.2594808" lon="27.848589">
        <ele>309.2</ele>
        <time>2026-06-01T17:49:38Z</time>
        <hdop>5.9</hdop>
        <extensions>
          <osmand:speed>0.8</osmand:speed>
        </extensions>
      </trkpt>
      <trkpt lat="43.2594981" lon="27.8486073">
        <ele>309</ele>
        <time>2026-06-01T17:49:43Z</time>
        <hdop>6.3</hdop>
        <extensions>
          <osmand:speed>0.8</osmand:speed>
        </extensions>
      </trkpt>
      <trkpt lat="43.2595286" lon="27.8486237">
        <ele>310.4</ele>
        <time>2026-06-01T17:49:49Z</time>
        <hdop>5.9</hdop>
        <extensions>
          <osmand:speed>0.8</osmand:speed>
        </extensions>
      </trkpt>
      <trkpt lat="43.2595427" lon="27.8486799">
        <ele>306.4</ele>
        <time>2026-06-01T17:49:54Z</time>
        <hdop>6.1</hdop>
        <extensions>
          <osmand:speed>1</osmand:speed>
        </extensions>
      </trkpt>
      <trkpt lat="43.2595313" lon="27.8487207">
        <ele>309.2</ele>
        <time>2026-06-01T17:50:00Z</time>
        <hdop>5.8</hdop>
        <extensions>
          <osmand:speed>0.6</osmand:speed>
        </extensions>
      </trkpt>
      <trkpt lat="43.2595351" lon="27.848777">
        <ele>313.7</ele>
        <time>2026-06-01T17:50:05Z</time>
        <hdop>6.4</hdop>
        <extensions>
          <osmand:speed>0.8</osmand:speed>
        </extensions>
      </trkpt>
      <trkpt lat="43.2595618" lon="27.8488072">
        <ele>315.1</ele>
        <time>2026-06-01T17:50:10Z</time>
        <hdop>6.2</hdop>
        <extensions>
          <osmand:speed>1.1</osmand:speed>
        </extensions>
      </trkpt>
      <trkpt lat="43.2596051" lon="27.8487848">
        <ele>318.8</ele>
        <time>2026-06-01T17:50:15Z</time>
        <hdop>5.6</hdop>
        <extensions>
          <osmand:speed>0.9</osmand:speed>
        </extensions>
      </trkpt>
      <trkpt lat="43.2596452" lon="27.8487885">
        <ele>322.3</ele>
        <time>2026-06-01T17:50:21Z</time>
        <hdop>5.2</hdop>
        <extensions>
          <osmand:speed>0.9</osmand:speed>
        </extensions>
      </trkpt>
      <trkpt lat="43.2596828" lon="27.8487526">
        <ele>321.7</ele>
        <time>2026-06-01T17:50:26Z</time>
        <hdop>5.5</hdop>
        <extensions>
          <osmand:speed>0.9</osmand:speed>
        </extensions>
      </trkpt>
      <trkpt lat="43.2597164" lon="27.8487175">
        <ele>325.9</ele>
        <time>2026-06-01T17:50:31Z</time>
        <hdop>5.7</hdop>
        <extensions>
          <osmand:speed>1</osmand:speed>
        </extensions>
      </trkpt>
      <trkpt lat="43.2597707" lon="27.8487127">
        <ele>326.3</ele>
        <time>2026-06-01T17:50:37Z</time>
        <hdop>5.9</hdop>
        <extensions>
          <osmand:speed>1.1</osmand:speed>
        </extensions>
      </trkpt>
      <trkpt lat="43.2598251" lon="27.8486907">
        <ele>327.7</ele>
        <time>2026-06-01T17:50:42Z</time>
        <hdop>6.1</hdop>
        <extensions>
          <osmand:speed>1.2</osmand:speed>
        </extensions>
      </trkpt>
      <trkpt lat="43.2598813" lon="27.8486038">
        <ele>330.7</ele>
        <time>2026-06-01T17:50:47Z</time>
        <hdop>6.1</hdop>
        <extensions>
          <osmand:speed>1.7</osmand:speed>
        </extensions>
      </trkpt>
      <trkpt lat="43.2599332" lon="27.8485432">
        <ele>330.7</ele>
        <time>2026-06-01T17:50:52Z</time>
        <hdop>6.3</hdop>
        <extensions>
          <osmand:speed>1.5</osmand:speed>
        </extensions>
      </trkpt>
      <trkpt lat="43.2599715" lon="27.8485197">
        <ele>331.9</ele>
        <time>2026-06-01T17:50:57Z</time>
        <hdop>5.6</hdop>
        <extensions>
          <osmand:speed>1.1</osmand:speed>
        </extensions>
      </trkpt>
      <trkpt lat="43.2600224" lon="27.8484569">
        <ele>329.9</ele>
        <time>2026-06-01T17:51:03Z</time>
        <hdop>5.8</hdop>
        <extensions>
          <osmand:speed>1.2</osmand:speed>
        </extensions>
      </trkpt>
      <trkpt lat="43.2600783" lon="27.8483883">
        <ele>327.8</ele>
        <time>2026-06-01T17:51:08Z</time>
        <hdop>6.1</hdop>
        <extensions>
          <osmand:speed>1</osmand:speed>
        </extensions>
      </trkpt>
      <trkpt lat="43.2601193" lon="27.8483393">
        <ele>326</ele>
        <time>2026-06-01T17:51:13Z</time>
        <hdop>5.5</hdop>
        <extensions>
          <osmand:speed>1</osmand:speed>
        </extensions>
      </trkpt>
      <trkpt lat="43.2601538" lon="27.8483258">
        <ele>328.4</ele>
        <time>2026-06-01T17:51:18Z</time>
        <hdop>5.6</hdop>
        <extensions>
          <osmand:speed>0.8</osmand:speed>
        </extensions>
      </trkpt>
      <trkpt lat="43.260185" lon="27.8482991">
        <ele>329.8</ele>
        <time>2026-06-01T17:51:23Z</time>
        <hdop>5.6</hdop>
        <extensions>
          <osmand:speed>0.9</osmand:speed>
        </extensions>
      </trkpt>
      <trkpt lat="43.2602293" lon="27.8482572">
        <ele>331.9</ele>
        <time>2026-06-01T17:51:28Z</time>
        <hdop>6.1</hdop>
        <extensions>
          <osmand:speed>1</osmand:speed>
        </extensions>
      </trkpt>
      <trkpt lat="43.2602832" lon="27.8482339">
        <ele>332.7</ele>
        <time>2026-06-01T17:51:33Z</time>
        <hdop>5.7</hdop>
        <extensions>
          <osmand:speed>1</osmand:speed>
        </extensions>
      </trkpt>
      <trkpt lat="43.2603469" lon="27.848227">
        <ele>331.4</ele>
        <time>2026-06-01T17:51:39Z</time>
        <hdop>5.5</hdop>
        <extensions>
          <osmand:speed>1.1</osmand:speed>
        </extensions>
      </trkpt>
      <trkpt lat="43.2603941" lon="27.8481949">
        <ele>332.6</ele>
        <time>2026-06-01T17:51:44Z</time>
        <hdop>5.6</hdop>
        <extensions>
          <osmand:speed>0.8</osmand:speed>
        </extensions>
      </trkpt>
      <trkpt lat="43.2604314" lon="27.8481652">
        <ele>326.1</ele>
        <time>2026-06-01T17:51:49Z</time>
        <hdop>4</hdop>
        <extensions>
          <osmand:speed>0.9</osmand:speed>
        </extensions>
      </trkpt>
      <trkpt lat="43.2604963" lon="27.8481192">
        <ele>328.6</ele>
        <time>2026-06-01T17:51:55Z</time>
        <hdop>3.4</hdop>
        <extensions>
          <osmand:speed>1.4</osmand:speed>
        </extensions>
      </trkpt>
      <trkpt lat="43.2605457" lon="27.8481048">
        <ele>328.7</ele>
        <time>2026-06-01T17:52:00Z</time>
        <hdop>3.4</hdop>
        <extensions>
          <osmand:speed>1</osmand:speed>
        </extensions>
      </trkpt>
      <trkpt lat="43.2606" lon="27.848099">
        <ele>330.1</ele>
        <time>2026-06-01T17:52:05Z</time>
        <hdop>3.1</hdop>
        <extensions>
          <osmand:speed>0.9</osmand:speed>
        </extensions>
      </trkpt>
      <trkpt lat="43.260655" lon="27.848043">
        <ele>326.5</ele>
        <time>2026-06-01T17:52:11Z</time>
        <hdop>3.1</hdop>
        <extensions>
          <osmand:speed>1</osmand:speed>
        </extensions>
      </trkpt>
      <trkpt lat="43.2607077" lon="27.8480457">
        <ele>327</ele>
        <time>2026-06-01T17:52:16Z</time>
        <hdop>3.6</hdop>
        <extensions>
          <osmand:speed>0.8</osmand:speed>
        </extensions>
      </trkpt>
      <trkpt lat="43.2607478" lon="27.848036">
        <ele>326.8</ele>
        <time>2026-06-01T17:52:21Z</time>
        <hdop>3.5</hdop>
        <extensions>
          <osmand:speed>0.7</osmand:speed>
        </extensions>
      </trkpt>
      <trkpt lat="43.260761" lon="27.8480128">
        <ele>327.5</ele>
        <time>2026-06-01T17:52:26Z</time>
        <hdop>3.4</hdop>
        <extensions>
          <osmand:speed>0.4</osmand:speed>
        </extensions>
      </trkpt>
      <trkpt lat="43.2607656" lon="27.847995">
        <ele>329.1</ele>
        <time>2026-06-01T17:52:31Z</time>
        <hdop>3.2</hdop>
        <extensions>
          <osmand:speed>0.4</osmand:speed>
        </extensions>
      </trkpt>
      <trkpt lat="43.2607797" lon="27.8479996">
        <ele>330.3</ele>
        <time>2026-06-01T17:52:37Z</time>
        <hdop>3.2</hdop>
        <extensions>
          <osmand:speed>0.4</osmand:speed>
        </extensions>
      </trkpt>
      <trkpt lat="43.260779" lon="27.8480127">
        <ele>332.5</ele>
        <time>2026-06-01T17:52:42Z</time>
        <hdop>3</hdop>
        <extensions>
          <osmand:speed>0.5</osmand:speed>
        </extensions>
      </trkpt>
      <trkpt lat="43.2608302" lon="27.8480291">
        <ele>332.6</ele>
        <time>2026-06-01T17:52:47Z</time>
        <hdop>3.5</hdop>
        <extensions>
          <osmand:speed>1.2</osmand:speed>
        </extensions>
      </trkpt>
      <trkpt lat="43.2608831" lon="27.8479746">
        <ele>334.6</ele>
        <time>2026-06-01T17:52:53Z</time>
        <hdop>3.7</hdop>
        <extensions>
          <osmand:speed>1.2</osmand:speed>
        </extensions>
      </trkpt>
      <trkpt lat="43.2609389" lon="27.8479304">
        <ele>334.7</ele>
        <time>2026-06-01T17:52:58Z</time>
        <hdop>3.5</hdop>
        <extensions>
          <osmand:speed>1.1</osmand:speed>
        </extensions>
      </trkpt>
      <trkpt lat="43.2609703" lon="27.8479367">
        <ele>333.3</ele>
        <time>2026-06-01T17:53:04Z</time>
        <hdop>3.3</hdop>
        <extensions>
          <osmand:speed>0.5</osmand:speed>
        </extensions>
      </trkpt>
      <trkpt lat="43.2609777" lon="27.8479594">
        <ele>330.6</ele>
        <time>2026-06-01T17:53:09Z</time>
        <hdop>3.2</hdop>
        <extensions>
          <osmand:speed>0.2</osmand:speed>
        </extensions>
      </trkpt>
      <trkpt lat="43.260995" lon="27.8479834">
        <ele>329.5</ele>
        <time>2026-06-01T17:53:14Z</time>
        <hdop>3.1</hdop>
        <extensions>
          <osmand:speed>0.4</osmand:speed>
        </extensions>
      </trkpt>
      <trkpt lat="43.2610148" lon="27.8480408">
        <ele>331.2</ele>
        <time>2026-06-01T17:53:19Z</time>
        <hdop>3.4</hdop>
        <extensions>
          <osmand:speed>0.9</osmand:speed>
        </extensions>
      </trkpt>
      <trkpt lat="43.2610475" lon="27.8480048">
        <ele>329.9</ele>
        <time>2026-06-01T17:53:24Z</time>
        <hdop>3.4</hdop>
        <extensions>
          <osmand:speed>0.8</osmand:speed>
        </extensions>
      </trkpt>
      <trkpt lat="43.2610842" lon="27.847965">
        <ele>331.1</ele>
        <time>2026-06-01T17:53:29Z</time>
        <hdop>4</hdop>
        <extensions>
          <osmand:speed>0.9</osmand:speed>
        </extensions>
      </trkpt>
      <trkpt lat="43.2611424" lon="27.8479063">
        <ele>335.1</ele>
        <time>2026-06-01T17:53:35Z</time>
        <hdop>4.1</hdop>
        <extensions>
          <osmand:speed>1.1</osmand:speed>
        </extensions>
      </trkpt>
      <trkpt lat="43.2611856" lon="27.8478587">
        <ele>332.8</ele>
        <time>2026-06-01T17:53:40Z</time>
        <hdop>3.5</hdop>
        <extensions>
          <osmand:speed>1.1</osmand:speed>
        </extensions>
      </trkpt>
      <trkpt lat="43.2612352" lon="27.8478407">
        <ele>333.6</ele>
        <time>2026-06-01T17:53:45Z</time>
        <hdop>3.6</hdop>
        <extensions>
          <osmand:speed>1</osmand:speed>
        </extensions>
      </trkpt>
      <trkpt lat="43.2612803" lon="27.8478531">
        <ele>331.7</ele>
        <time>2026-06-01T17:53:51Z</time>
        <hdop>3.2</hdop>
        <extensions>
          <osmand:speed>1.1</osmand:speed>
        </extensions>
      </trkpt>
      <trkpt lat="43.2613384" lon="27.8478657">
        <ele>331</ele>
        <time>2026-06-01T17:53:56Z</time>
        <hdop>3.3</hdop>
        <extensions>
          <osmand:speed>1.2</osmand:speed>
        </extensions>
      </trkpt>
      <trkpt lat="43.2613921" lon="27.8478346">
        <ele>333.1</ele>
        <time>2026-06-01T17:54:01Z</time>
        <hdop>3.4</hdop>
        <extensions>
          <osmand:speed>1.2</osmand:speed>
        </extensions>
      </trkpt>
      <trkpt lat="43.2614288" lon="27.8478069">
        <ele>333.8</ele>
        <time>2026-06-01T17:54:07Z</time>
        <hdop>3.5</hdop>
        <extensions>
          <osmand:speed>0.7</osmand:speed>
        </extensions>
      </trkpt>
      <trkpt lat="43.261449" lon="27.8477739">
        <ele>336.2</ele>
        <time>2026-06-01T17:54:12Z</time>
        <hdop>3.4</hdop>
        <extensions>
          <osmand:speed>0.6</osmand:speed>
        </extensions>
      </trkpt>
      <trkpt lat="43.26148" lon="27.8477184">
        <ele>338</ele>
        <time>2026-06-01T17:54:17Z</time>
        <hdop>3.4</hdop>
        <extensions>
          <osmand:speed>1</osmand:speed>
        </extensions>
      </trkpt>
      <trkpt lat="43.2615242" lon="27.8476753">
        <ele>333.1</ele>
        <time>2026-06-01T17:54:22Z</time>
        <hdop>3.5</hdop>
        <extensions>
          <osmand:speed>0.8</osmand:speed>
        </extensions>
      </trkpt>
      <trkpt lat="43.2615623" lon="27.8476377">
        <ele>331</ele>
        <time>2026-06-01T17:54:27Z</time>
        <hdop>4.4</hdop>
        <extensions>
          <osmand:speed>0.8</osmand:speed>
        </extensions>
      </trkpt>
      <trkpt lat="43.2615953" lon="27.8475882">
        <ele>331.8</ele>
        <time>2026-06-01T17:54:32Z</time>
        <hdop>5</hdop>
        <extensions>
          <osmand:speed>0.8</osmand:speed>
        </extensions>
      </trkpt>
      <trkpt lat="43.2616545" lon="27.8475557">
        <ele>328.9</ele>
        <time>2026-06-01T17:54:37Z</time>
        <hdop>5</hdop>
        <extensions>
          <osmand:speed>0.8</osmand:speed>
        </extensions>
      </trkpt>
      <trkpt lat="43.2617008" lon="27.8475268">
        <ele>331.6</ele>
        <time>2026-06-01T17:54:43Z</time>
        <hdop>5</hdop>
        <extensions>
          <osmand:speed>0.5</osmand:speed>
        </extensions>
      </trkpt>
      <trkpt lat="43.2617049" lon="27.8475333">
        <ele>331.4</ele>
        <time>2026-06-01T17:54:48Z</time>
        <hdop>3.4</hdop>
        <extensions>
          <osmand:speed>0.2</osmand:speed>
        </extensions>
      </trkpt>
      <trkpt lat="43.2617065" lon="27.847523">
        <ele>329.5</ele>
        <time>2026-06-01T17:54:53Z</time>
        <hdop>3</hdop>
        <extensions>
          <osmand:speed>0.2</osmand:speed>
        </extensions>
      </trkpt>
      <trkpt lat="43.2616973" lon="27.8475135">
        <ele>327.7</ele>
        <time>2026-06-01T17:54:59Z</time>
        <hdop>3</hdop>
        <extensions>
          <osmand:speed>0.1</osmand:speed>
        </extensions>
      </trkpt>
      <trkpt lat="43.2616942" lon="27.8475147">
        <ele>328.1</ele>
        <time>2026-06-01T17:55:04Z</time>
        <hdop>3</hdop>
        <extensions>
          <osmand:speed>0.1</osmand:speed>
        </extensions>
      </trkpt>
      <trkpt lat="43.2616901" lon="27.8475167">
        <ele>327.8</ele>
        <time>2026-06-01T17:55:09Z</time>
        <hdop>3</hdop>
        <extensions>
          <osmand:speed>0.2</osmand:speed>
        </extensions>
      </trkpt>
      <trkpt lat="43.2616894" lon="27.8475247">
        <ele>329</ele>
        <time>2026-06-01T17:55:14Z</time>
        <hdop>3</hdop>
        <extensions>
          <osmand:speed>0.3</osmand:speed>
        </extensions>
      </trkpt>
      <trkpt lat="43.2616881" lon="27.8475168">
        <ele>329.1</ele>
        <time>2026-06-01T17:55:19Z</time>
        <hdop>3</hdop>
        <extensions>
          <osmand:speed>0.1</osmand:speed>
        </extensions>
      </trkpt>
      <trkpt lat="43.2616835" lon="27.8475157">
        <ele>328.8</ele>
        <time>2026-06-01T17:55:24Z</time>
        <hdop>3</hdop>
        <extensions>
          <osmand:speed>0.1</osmand:speed>
        </extensions>
      </trkpt>
      <trkpt lat="43.2616816" lon="27.8475132">
        <ele>328.7</ele>
        <time>2026-06-01T17:55:30Z</time>
        <hdop>3</hdop>
        <extensions>
          <osmand:speed>0.1</osmand:speed>
        </extensions>
      </trkpt>
      <trkpt lat="43.2616822" lon="27.8475153">
        <ele>328.8</ele>
        <time>2026-06-01T17:55:35Z</time>
        <hdop>3</hdop>
        <extensions>
          <osmand:speed>0</osmand:speed>
        </extensions>
      </trkpt>
      <trkpt lat="43.2616827" lon="27.8475155">
        <ele>196.7</ele>
        <time>2026-06-01T17:55:41Z</time>
        <hdop>3</hdop>
        <extensions>
          <osmand:speed>0.1</osmand:speed>
        </extensions>
      </trkpt>
      <trkpt lat="43.2616834" lon="27.8475158">
        <ele>328.9</ele>
        <time>2026-06-01T17:55:47Z</time>
        <hdop>3</hdop>
        <extensions>
          <osmand:speed>0.1</osmand:speed>
        </extensions>
      </trkpt>
      <trkpt lat="43.2616837" lon="27.8475162">
        <ele>328.9</ele>
        <time>2026-06-01T17:55:52Z</time>
        <hdop>3</hdop>
        <extensions>
          <osmand:speed>0.1</osmand:speed>
        </extensions>
      </trkpt>
      <trkpt lat="43.2616838" lon="27.8475169">
        <ele>328.8</ele>
        <time>2026-06-01T17:55:57Z</time>
        <hdop>3</hdop>
        <extensions>
          <osmand:speed>0.1</osmand:speed>
        </extensions>
      </trkpt>
      <trkpt lat="43.2616843" lon="27.8475176">
        <ele>328.9</ele>
        <time>2026-06-01T17:56:02Z</time>
        <hdop>3</hdop>
        <extensions>
          <osmand:speed>0.1</osmand:speed>
        </extensions>
      </trkpt>
      <trkpt lat="43.2616847" lon="27.8475176">
        <ele>206.7</ele>
        <time>2026-06-01T17:56:07Z</time>
        <hdop>3</hdop>
        <extensions>
          <osmand:speed>0.1</osmand:speed>
        </extensions>
      </trkpt>
      <trkpt lat="43.2616867" lon="27.8475175">
        <ele>196.7</ele>
        <time>2026-06-01T17:56:12Z</time>
        <hdop>3</hdop>
        <extensions>
          <osmand:speed>0.1</osmand:speed>
        </extensions>
      </trkpt>
      <trkpt lat="43.2616879" lon="27.8475155">
        <ele>204.5</ele>
        <time>2026-06-01T17:56:17Z</time>
        <hdop>3</hdop>
        <extensions>
          <osmand:speed>0.1</osmand:speed>
        </extensions>
      </trkpt>
      <trkpt lat="43.2616888" lon="27.8475149">
        <ele>330.1</ele>
        <time>2026-06-01T17:56:22Z</time>
        <hdop>3</hdop>
        <extensions>
          <osmand:speed>0.1</osmand:speed>
        </extensions>
      </trkpt>
      <trkpt lat="43.2616899" lon="27.8475127">
        <ele>202.8</ele>
        <time>2026-06-01T17:56:28Z</time>
        <hdop>3</hdop>
        <extensions>
          <osmand:speed>0.1</osmand:speed>
        </extensions>
      </trkpt>
      <trkpt lat="43.2616904" lon="27.8475107">
        <ele>196.7</ele>
        <time>2026-06-01T17:56:34Z</time>
        <hdop>3</hdop>
        <extensions>
          <osmand:speed>0.1</osmand:speed>
        </extensions>
      </trkpt>
      <trkpt lat="43.2616894" lon="27.8475093">
        <ele>330.1</ele>
        <time>2026-06-01T17:56:41Z</time>
        <hdop>3.8</hdop>
      </trkpt>
      <trkpt lat="43.2616905" lon="27.8475081">
        <ele>331</ele>
        <time>2026-06-01T17:56:46Z</time>
        <hdop>3</hdop>
        <extensions>
          <osmand:speed>0.1</osmand:speed>
        </extensions>
      </trkpt>
      <trkpt lat="43.2616902" lon="27.8475076">
        <ele>331</ele>
        <time>2026-06-01T17:56:51Z</time>
        <hdop>3</hdop>
        <extensions>
          <osmand:speed>0.1</osmand:speed>
        </extensions>
      </trkpt>
      <trkpt lat="43.2616885" lon="27.8475087">
        <ele>330.6</ele>
        <time>2026-06-01T17:56:56Z</time>
        <hdop>3</hdop>
        <extensions>
          <osmand:speed>0.1</osmand:speed>
        </extensions>
      </trkpt>
      <trkpt lat="43.2616881" lon="27.8475084">
        <ele>330.6</ele>
        <time>2026-06-01T17:57:01Z</time>
        <hdop>3</hdop>
        <extensions>
          <osmand:speed>0.1</osmand:speed>
        </extensions>
      </trkpt>
      <trkpt lat="43.261691" lon="27.8475096">
        <ele>330.6</ele>
        <time>2026-06-01T17:57:06Z</time>
        <hdop>3</hdop>
        <extensions>
          <osmand:speed>0.2</osmand:speed>
        </extensions>
      </trkpt>
      <trkpt lat="43.2616854" lon="27.8475073">
        <ele>332.2</ele>
        <time>2026-06-01T17:57:11Z</time>
        <hdop>3</hdop>
        <extensions>
          <osmand:speed>0.2</osmand:speed>
        </extensions>
      </trkpt>
      <trkpt lat="43.2616778" lon="27.8475057">
        <ele>332.4</ele>
        <time>2026-06-01T17:57:16Z</time>
        <hdop>3</hdop>
        <extensions>
          <osmand:speed>0.2</osmand:speed>
        </extensions>
      </trkpt>
      <trkpt lat="43.2616852" lon="27.8475097">
        <ele>332.3</ele>
        <time>2026-06-01T17:57:22Z</time>
        <hdop>3.8</hdop>
      </trkpt>
      <trkpt lat="43.2616888" lon="27.8475085">
        <ele>331.4</ele>
        <time>2026-06-01T17:57:28Z</time>
        <hdop>3.8</hdop>
      </trkpt>
      <trkpt lat="43.2617041" lon="27.8475002">
        <ele>330.8</ele>
        <time>2026-06-01T17:57:34Z</time>
        <hdop>4.6</hdop>
      </trkpt>
      <trkpt lat="43.2617049" lon="27.8474994">
        <ele>330.8</ele>
        <time>2026-06-01T17:57:39Z</time>
        <hdop>4.6</hdop>
      </trkpt>
      <trkpt lat="43.2617049" lon="27.8474993">
        <ele>330.8</ele>
        <time>2026-06-01T17:57:45Z</time>
        <hdop>4.1</hdop>
      </trkpt>
      <trkpt lat="43.2617043" lon="27.8475017">
        <ele>330.5</ele>
        <time>2026-06-01T17:57:51Z</time>
        <hdop>3.8</hdop>
      </trkpt>
      <trkpt lat="43.2617024" lon="27.8475241">
        <ele>330</ele>
        <time>2026-06-01T17:57:57Z</time>
        <hdop>3.8</hdop>
        <extensions>
          <osmand:speed>0.5</osmand:speed>
        </extensions>
      </trkpt>
      <trkpt lat="43.2617081" lon="27.847568">
        <ele>329.6</ele>
        <time>2026-06-01T17:58:02Z</time>
        <hdop>3.9</hdop>
        <extensions>
          <osmand:speed>1</osmand:speed>
        </extensions>
      </trkpt>
      <trkpt lat="43.2617518" lon="27.8475977">
        <ele>329.8</ele>
        <time>2026-06-01T17:58:07Z</time>
        <hdop>4</hdop>
        <extensions>
          <osmand:speed>0.9</osmand:speed>
        </extensions>
      </trkpt>
      <trkpt lat="43.2617986" lon="27.8475893">
        <ele>330.6</ele>
        <time>2026-06-01T17:58:13Z</time>
        <hdop>4.4</hdop>
        <extensions>
          <osmand:speed>0.7</osmand:speed>
        </extensions>
      </trkpt>
      <trkpt lat="43.2618273" lon="27.8475938">
        <ele>332.6</ele>
        <time>2026-06-01T17:58:18Z</time>
        <hdop>4.2</hdop>
        <extensions>
          <osmand:speed>0.9</osmand:speed>
        </extensions>
      </trkpt>
      <trkpt lat="43.2618715" lon="27.8476096">
        <ele>196.7</ele>
        <time>2026-06-01T17:58:24Z</time>
        <hdop>4.9</hdop>
        <extensions>
          <osmand:speed>0.9</osmand:speed>
        </extensions>
      </trkpt>
      <trkpt lat="43.2619654" lon="27.8475348">
        <ele>330.9</ele>
        <time>2026-06-01T17:58:30Z</time>
        <hdop>4.2</hdop>
        <extensions>
          <osmand:speed>2.9</osmand:speed>
        </extensions>
      </trkpt>
      <trkpt lat="43.262074" lon="27.8474774">
        <ele>335</ele>
        <time>2026-06-01T17:58:35Z</time>
        <hdop>3.8</hdop>
        <extensions>
          <osmand:speed>2.3</osmand:speed>
        </extensions>
      </trkpt>
      <trkpt lat="43.2622221" lon="27.8473593">
        <ele>332.6</ele>
        <time>2026-06-01T17:58:41Z</time>
        <hdop>3.7</hdop>
        <extensions>
          <osmand:speed>2.7</osmand:speed>
        </extensions>
      </trkpt>
      <trkpt lat="43.2623771" lon="27.8472243">
        <ele>331.5</ele>
        <time>2026-06-01T17:58:46Z</time>
        <hdop>3.3</hdop>
        <extensions>
          <osmand:speed>3</osmand:speed>
        </extensions>
      </trkpt>
      <trkpt lat="43.2625079" lon="27.8472436">
        <ele>332.3</ele>
        <time>2026-06-01T17:58:51Z</time>
        <hdop>3.3</hdop>
        <extensions>
          <osmand:speed>2.4</osmand:speed>
        </extensions>
      </trkpt>
      <trkpt lat="43.2625388" lon="27.8473433">
        <ele>330.9</ele>
        <time>2026-06-01T17:58:56Z</time>
        <hdop>3.1</hdop>
        <extensions>
          <osmand:speed>1.4</osmand:speed>
        </extensions>
      </trkpt>
      <trkpt lat="43.2625635" lon="27.8473996">
        <ele>332.4</ele>
        <time>2026-06-01T17:59:01Z</time>
        <hdop>3.1</hdop>
        <extensions>
          <osmand:speed>1.3</osmand:speed>
        </extensions>
      </trkpt>
      <trkpt lat="43.2626563" lon="27.8474623">
        <ele>333.7</ele>
        <time>2026-06-01T17:59:06Z</time>
        <hdop>3.3</hdop>
        <extensions>
          <osmand:speed>2.3</osmand:speed>
        </extensions>
      </trkpt>
      <trkpt lat="43.2627771" lon="27.8475159">
        <ele>335</ele>
        <time>2026-06-01T17:59:11Z</time>
        <hdop>3.4</hdop>
        <extensions>
          <osmand:speed>2.3</osmand:speed>
        </extensions>
      </trkpt>
      <trkpt lat="43.2628887" lon="27.847638">
        <ele>333</ele>
        <time>2026-06-01T17:59:17Z</time>
        <hdop>3.3</hdop>
        <extensions>
          <osmand:speed>2.1</osmand:speed>
        </extensions>
      </trkpt>
      <trkpt lat="43.2629927" lon="27.8477067">
        <ele>336.7</ele>
        <time>2026-06-01T17:59:22Z</time>
        <hdop>3.5</hdop>
        <extensions>
          <osmand:speed>2.1</osmand:speed>
        </extensions>
      </trkpt>
      <trkpt lat="43.2630912" lon="27.8477002">
        <ele>196.7</ele>
        <time>2026-06-01T17:59:27Z</time>
        <hdop>3.2</hdop>
        <extensions>
          <osmand:speed>2.1</osmand:speed>
        </extensions>
      </trkpt>
      <trkpt lat="43.2631932" lon="27.8476951">
        <ele>344.1</ele>
        <time>2026-06-01T17:59:32Z</time>
        <hdop>3.7</hdop>
        <extensions>
          <osmand:speed>2.2</osmand:speed>
        </extensions>
      </trkpt>
      <trkpt lat="43.2632961" lon="27.8476866">
        <ele>196.7</ele>
        <time>2026-06-01T17:59:37Z</time>
        <hdop>3.5</hdop>
        <extensions>
          <osmand:speed>2</osmand:speed>
        </extensions>
      </trkpt>
      <trkpt lat="43.2633964" lon="27.847641">
        <ele>196.7</ele>
        <time>2026-06-01T17:59:43Z</time>
        <hdop>3.4</hdop>
        <extensions>
          <osmand:speed>2.2</osmand:speed>
        </extensions>
      </trkpt>
      <trkpt lat="43.2635108" lon="27.8476582">
        <ele>196.7</ele>
        <time>2026-06-01T17:59:48Z</time>
        <hdop>3.6</hdop>
        <extensions>
          <osmand:speed>2.1</osmand:speed>
        </extensions>
      </trkpt>
      <trkpt lat="43.2635979" lon="27.8476528">
        <ele>196.7</ele>
        <time>2026-06-01T17:59:54Z</time>
        <hdop>3.8</hdop>
        <extensions>
          <osmand:speed>0.9</osmand:speed>
        </extensions>
      </trkpt>
      <trkpt lat="43.2636639" lon="27.8476198">
        <ele>196.7</ele>
        <time>2026-06-01T17:59:59Z</time>
        <hdop>3.2</hdop>
        <extensions>
          <osmand:speed>1</osmand:speed>
        </extensions>
      </trkpt>
      <trkpt lat="43.2637213" lon="27.8475777">
        <ele>196.7</ele>
        <time>2026-06-01T18:00:04Z</time>
        <hdop>4.2</hdop>
        <extensions>
          <osmand:speed>1.1</osmand:speed>
        </extensions>
      </trkpt>
      <trkpt lat="43.2637836" lon="27.8475522">
        <ele>196.7</ele>
        <time>2026-06-01T18:00:09Z</time>
        <hdop>4.9</hdop>
        <extensions>
          <osmand:speed>1.2</osmand:speed>
        </extensions>
      </trkpt>
      <trkpt lat="43.2638789" lon="27.847513">
        <ele>196.7</ele>
        <time>2026-06-01T18:00:14Z</time>
        <hdop>5</hdop>
        <extensions>
          <osmand:speed>1.8</osmand:speed>
        </extensions>
      </trkpt>
      <trkpt lat="43.2639281" lon="27.8474554">
        <ele>343.7</ele>
        <time>2026-06-01T18:00:19Z</time>
        <hdop>4.9</hdop>
        <extensions>
          <osmand:speed>1.8</osmand:speed>
        </extensions>
      </trkpt>
      <trkpt lat="43.2639709" lon="27.8473404">
        <ele>348.1</ele>
        <time>2026-06-01T18:00:25Z</time>
        <hdop>5.7</hdop>
        <extensions>
          <osmand:speed>2.2</osmand:speed>
        </extensions>
      </trkpt>
      <trkpt lat="43.2639994" lon="27.8472071">
        <ele>351.7</ele>
        <time>2026-06-01T18:00:30Z</time>
        <hdop>6.2</hdop>
        <extensions>
          <osmand:speed>2.3</osmand:speed>
        </extensions>
      </trkpt>
      <trkpt lat="43.2640342" lon="27.8470551">
        <ele>355.1</ele>
        <time>2026-06-01T18:00:35Z</time>
        <hdop>6.7</hdop>
        <extensions>
          <osmand:speed>2.4</osmand:speed>
        </extensions>
      </trkpt>
      <trkpt lat="43.2640771" lon="27.8469118">
        <ele>353.2</ele>
        <time>2026-06-01T18:00:40Z</time>
        <hdop>6.5</hdop>
        <extensions>
          <osmand:speed>2.3</osmand:speed>
        </extensions>
      </trkpt>
      <trkpt lat="43.2641549" lon="27.846792">
        <ele>351</ele>
        <time>2026-06-01T18:00:46Z</time>
        <hdop>6.1</hdop>
        <extensions>
          <osmand:speed>2.1</osmand:speed>
        </extensions>
      </trkpt>
      <trkpt lat="43.2642026" lon="27.8466297">
        <ele>354.4</ele>
        <time>2026-06-01T18:00:51Z</time>
        <hdop>6</hdop>
        <extensions>
          <osmand:speed>2.3</osmand:speed>
        </extensions>
      </trkpt>
      <trkpt lat="43.2641927" lon="27.8464753">
        <ele>351.2</ele>
        <time>2026-06-01T18:00:56Z</time>
        <hdop>6.4</hdop>
        <extensions>
          <osmand:speed>2.1</osmand:speed>
        </extensions>
      </trkpt>
      <trkpt lat="43.2642324" lon="27.8463106">
        <ele>352.8</ele>
        <time>2026-06-01T18:01:01Z</time>
        <hdop>6.3</hdop>
        <extensions>
          <osmand:speed>2.2</osmand:speed>
        </extensions>
      </trkpt>
      <trkpt lat="43.2642832" lon="27.8461236">
        <ele>353.1</ele>
        <time>2026-06-01T18:01:06Z</time>
        <hdop>6.3</hdop>
        <extensions>
          <osmand:speed>2.3</osmand:speed>
        </extensions>
      </trkpt>
      <trkpt lat="43.2643427" lon="27.8460171">
        <ele>351.3</ele>
        <time>2026-06-01T18:01:12Z</time>
        <hdop>5.9</hdop>
        <extensions>
          <osmand:speed>1.4</osmand:speed>
        </extensions>
      </trkpt>
      <trkpt lat="43.2643749" lon="27.8458976">
        <ele>350.7</ele>
        <time>2026-06-01T18:01:17Z</time>
        <hdop>5.9</hdop>
        <extensions>
          <osmand:speed>2.1</osmand:speed>
        </extensions>
      </trkpt>
      <trkpt lat="43.2643966" lon="27.8457226">
        <ele>351.9</ele>
        <time>2026-06-01T18:01:22Z</time>
        <hdop>5.8</hdop>
        <extensions>
          <osmand:speed>2.2</osmand:speed>
        </extensions>
      </trkpt>
      <trkpt lat="43.2644799" lon="27.845622">
        <ele>351.5</ele>
        <time>2026-06-01T18:01:27Z</time>
        <hdop>5.7</hdop>
        <extensions>
          <osmand:speed>2.2</osmand:speed>
        </extensions>
      </trkpt>
      <trkpt lat="43.2645322" lon="27.8454849">
        <ele>350.4</ele>
        <time>2026-06-01T18:01:32Z</time>
        <hdop>6.1</hdop>
        <extensions>
          <osmand:speed>2.2</osmand:speed>
        </extensions>
      </trkpt>
      <trkpt lat="43.2645462" lon="27.8453284">
        <ele>353.7</ele>
        <time>2026-06-01T18:01:37Z</time>
        <hdop>4.9</hdop>
        <extensions>
          <osmand:speed>2.2</osmand:speed>
        </extensions>
      </trkpt>
      <trkpt lat="43.2645675" lon="27.8451794">
        <ele>353.5</ele>
        <time>2026-06-01T18:01:43Z</time>
        <hdop>3.6</hdop>
        <extensions>
          <osmand:speed>1.8</osmand:speed>
        </extensions>
      </trkpt>
      <trkpt lat="43.2645856" lon="27.8451023">
        <ele>353</ele>
        <time>2026-06-01T18:01:48Z</time>
        <hdop>3.5</hdop>
        <extensions>
          <osmand:speed>1.2</osmand:speed>
        </extensions>
      </trkpt>
      <trkpt lat="43.2646099" lon="27.8449965">
        <ele>350.6</ele>
        <time>2026-06-01T18:01:53Z</time>
        <hdop>3.7</hdop>
        <extensions>
          <osmand:speed>1.8</osmand:speed>
        </extensions>
      </trkpt>
      <trkpt lat="43.2646247" lon="27.8448356">
        <ele>347.5</ele>
        <time>2026-06-01T18:01:58Z</time>
        <hdop>4</hdop>
        <extensions>
          <osmand:speed>2.2</osmand:speed>
        </extensions>
      </trkpt>
      <trkpt lat="43.2646556" lon="27.844681">
        <ele>347.8</ele>
        <time>2026-06-01T18:02:03Z</time>
        <hdop>3.9</hdop>
        <extensions>
          <osmand:speed>2.3</osmand:speed>
        </extensions>
      </trkpt>
      <trkpt lat="43.2647092" lon="27.8445096">
        <ele>348.1</ele>
        <time>2026-06-01T18:02:09Z</time>
        <hdop>4.4</hdop>
        <extensions>
          <osmand:speed>2.5</osmand:speed>
        </extensions>
      </trkpt>
      <trkpt lat="43.2647727" lon="27.8443253">
        <ele>346.5</ele>
        <time>2026-06-01T18:02:14Z</time>
        <hdop>4.6</hdop>
        <extensions>
          <osmand:speed>2.3</osmand:speed>
        </extensions>
      </trkpt>
      <trkpt lat="43.2648673" lon="27.8441723">
        <ele>347.3</ele>
        <time>2026-06-01T18:02:19Z</time>
        <hdop>4.1</hdop>
        <extensions>
          <osmand:speed>2.3</osmand:speed>
        </extensions>
      </trkpt>
      <trkpt lat="43.2649691" lon="27.8440129">
        <ele>341.5</ele>
        <time>2026-06-01T18:02:24Z</time>
        <hdop>4.2</hdop>
        <extensions>
          <osmand:speed>2.4</osmand:speed>
        </extensions>
      </trkpt>
      <trkpt lat="43.2650596" lon="27.8438529">
        <ele>343.5</ele>
        <time>2026-06-01T18:02:29Z</time>
        <hdop>4.4</hdop>
        <extensions>
          <osmand:speed>2.2</osmand:speed>
        </extensions>
      </trkpt>
      <trkpt lat="43.2651231" lon="27.843691">
        <ele>346.4</ele>
        <time>2026-06-01T18:02:34Z</time>
        <hdop>4.1</hdop>
        <extensions>
          <osmand:speed>2.3</osmand:speed>
        </extensions>
      </trkpt>
      <trkpt lat="43.2651657" lon="27.8435177">
        <ele>351.1</ele>
        <time>2026-06-01T18:02:40Z</time>
        <hdop>4.6</hdop>
        <extensions>
          <osmand:speed>2.3</osmand:speed>
        </extensions>
      </trkpt>
      <trkpt lat="43.2652436" lon="27.8433984">
        <ele>351.1</ele>
        <time>2026-06-01T18:02:45Z</time>
        <hdop>5.9</hdop>
        <extensions>
          <osmand:speed>2.3</osmand:speed>
        </extensions>
      </trkpt>
      <trkpt lat="43.2652423" lon="27.843233">
        <ele>352.1</ele>
        <time>2026-06-01T18:02:50Z</time>
        <hdop>6.1</hdop>
        <extensions>
          <osmand:speed>2.3</osmand:speed>
        </extensions>
      </trkpt>
      <trkpt lat="43.2652224" lon="27.8430654">
        <ele>353.3</ele>
        <time>2026-06-01T18:02:55Z</time>
        <hdop>6.4</hdop>
        <extensions>
          <osmand:speed>2.3</osmand:speed>
        </extensions>
      </trkpt>
      <trkpt lat="43.2651969" lon="27.8428984">
        <ele>351.1</ele>
        <time>2026-06-01T18:03:00Z</time>
        <hdop>6.4</hdop>
        <extensions>
          <osmand:speed>2.3</osmand:speed>
        </extensions>
      </trkpt>
      <trkpt lat="43.2652305" lon="27.8427433">
        <ele>350.8</ele>
        <time>2026-06-01T18:03:06Z</time>
        <hdop>6</hdop>
        <extensions>
          <osmand:speed>2.2</osmand:speed>
        </extensions>
      </trkpt>
      <trkpt lat="43.265216" lon="27.8426505">
        <ele>350.1</ele>
        <time>2026-06-01T18:03:11Z</time>
        <hdop>6.2</hdop>
        <extensions>
          <osmand:speed>1.2</osmand:speed>
        </extensions>
      </trkpt>
      <trkpt lat="43.2651888" lon="27.8425153">
        <ele>346.7</ele>
        <time>2026-06-01T18:03:16Z</time>
        <hdop>6.6</hdop>
        <extensions>
          <osmand:speed>2.2</osmand:speed>
        </extensions>
      </trkpt>
      <trkpt lat="43.2651524" lon="27.8423332">
        <ele>349.4</ele>
        <time>2026-06-01T18:03:21Z</time>
        <hdop>6.5</hdop>
        <extensions>
          <osmand:speed>2.3</osmand:speed>
        </extensions>
      </trkpt>
      <trkpt lat="43.2650857" lon="27.8421802">
        <ele>350.8</ele>
        <time>2026-06-01T18:03:26Z</time>
        <hdop>6.1</hdop>
        <extensions>
          <osmand:speed>2.3</osmand:speed>
        </extensions>
      </trkpt>
      <trkpt lat="43.265089" lon="27.8420001">
        <ele>352.6</ele>
        <time>2026-06-01T18:03:31Z</time>
        <hdop>5.8</hdop>
        <extensions>
          <osmand:speed>2.3</osmand:speed>
        </extensions>
      </trkpt>
      <trkpt lat="43.2651189" lon="27.8418044">
        <ele>353.1</ele>
        <time>2026-06-01T18:03:37Z</time>
        <hdop>6.3</hdop>
        <extensions>
          <osmand:speed>2.3</osmand:speed>
        </extensions>
      </trkpt>
      <trkpt lat="43.2650827" lon="27.8416322">
        <ele>351.5</ele>
        <time>2026-06-01T18:03:42Z</time>
        <hdop>6.1</hdop>
        <extensions>
          <osmand:speed>2.3</osmand:speed>
        </extensions>
      </trkpt>
      <trkpt lat="43.2650735" lon="27.8414598">
        <ele>352.5</ele>
        <time>2026-06-01T18:03:47Z</time>
        <hdop>5.9</hdop>
        <extensions>
          <osmand:speed>2.2</osmand:speed>
        </extensions>
      </trkpt>
      <trkpt lat="43.2650669" lon="27.841218">
        <ele>347.8</ele>
        <time>2026-06-01T18:03:53Z</time>
        <hdop>4.4</hdop>
        <extensions>
          <osmand:speed>2</osmand:speed>
        </extensions>
      </trkpt>
      <trkpt lat="43.2650446" lon="27.8411005">
        <ele>346</ele>
        <time>2026-06-01T18:03:58Z</time>
        <hdop>3.3</hdop>
        <extensions>
          <osmand:speed>1.2</osmand:speed>
        </extensions>
      </trkpt>
      <trkpt lat="43.2650543" lon="27.8410058">
        <ele>346.2</ele>
        <time>2026-06-01T18:04:04Z</time>
        <hdop>3.4</hdop>
        <extensions>
          <osmand:speed>1.2</osmand:speed>
        </extensions>
      </trkpt>
      <trkpt lat="43.2650583" lon="27.8409206">
        <ele>344.4</ele>
        <time>2026-06-01T18:04:09Z</time>
        <hdop>3.5</hdop>
        <extensions>
          <osmand:speed>1.1</osmand:speed>
        </extensions>
      </trkpt>
      <trkpt lat="43.2650851" lon="27.8408597">
        <ele>343.8</ele>
        <time>2026-06-01T18:04:14Z</time>
        <hdop>3.4</hdop>
        <extensions>
          <osmand:speed>1.1</osmand:speed>
        </extensions>
      </trkpt>
      <trkpt lat="43.2650978" lon="27.8407882">
        <ele>343.3</ele>
        <time>2026-06-01T18:04:19Z</time>
        <hdop>3.3</hdop>
        <extensions>
          <osmand:speed>0.7</osmand:speed>
        </extensions>
      </trkpt>
      <trkpt lat="43.2650956" lon="27.8406682">
        <ele>342.9</ele>
        <time>2026-06-01T18:04:24Z</time>
        <hdop>3.5</hdop>
        <extensions>
          <osmand:speed>1.2</osmand:speed>
        </extensions>
      </trkpt>
      <trkpt lat="43.2650977" lon="27.8405619">
        <ele>344.5</ele>
        <time>2026-06-01T18:04:30Z</time>
        <hdop>3.5</hdop>
        <extensions>
          <osmand:speed>1.2</osmand:speed>
        </extensions>
      </trkpt>
      <trkpt lat="43.2651169" lon="27.8404793">
        <ele>345.6</ele>
        <time>2026-06-01T18:04:35Z</time>
        <hdop>3.1</hdop>
        <extensions>
          <osmand:speed>1.2</osmand:speed>
        </extensions>
      </trkpt>
      <trkpt lat="43.2651303" lon="27.8403776">
        <ele>345.9</ele>
        <time>2026-06-01T18:04:41Z</time>
        <hdop>3.2</hdop>
        <extensions>
          <osmand:speed>1.2</osmand:speed>
        </extensions>
      </trkpt>
      <trkpt lat="43.2651451" lon="27.8402763">
        <ele>345.8</ele>
        <time>2026-06-01T18:04:46Z</time>
        <hdop>3.2</hdop>
        <extensions>
          <osmand:speed>1.1</osmand:speed>
        </extensions>
      </trkpt>
      <trkpt lat="43.265155" lon="27.8401856">
        <ele>345.5</ele>
        <time>2026-06-01T18:04:51Z</time>
        <hdop>3.3</hdop>
        <extensions>
          <osmand:speed>1.1</osmand:speed>
        </extensions>
      </trkpt>
      <trkpt lat="43.2651247" lon="27.8401081">
        <ele>345.3</ele>
        <time>2026-06-01T18:04:57Z</time>
        <hdop>3.1</hdop>
        <extensions>
          <osmand:speed>1.1</osmand:speed>
        </extensions>
      </trkpt>
      <trkpt lat="43.2651076" lon="27.8399914">
        <ele>346.3</ele>
        <time>2026-06-01T18:05:02Z</time>
        <hdop>3.3</hdop>
        <extensions>
          <osmand:speed>1.7</osmand:speed>
        </extensions>
      </trkpt>
      <trkpt lat="43.26512" lon="27.8398785">
        <ele>343.3</ele>
        <time>2026-06-01T18:05:07Z</time>
        <hdop>3.4</hdop>
        <extensions>
          <osmand:speed>1.2</osmand:speed>
        </extensions>
      </trkpt>
      <trkpt lat="43.2651235" lon="27.8397988">
        <ele>343.8</ele>
        <time>2026-06-01T18:05:12Z</time>
        <hdop>3</hdop>
        <extensions>
          <osmand:speed>0.9</osmand:speed>
        </extensions>
      </trkpt>
      <trkpt lat="43.2651021" lon="27.8396986">
        <ele>342.9</ele>
        <time>2026-06-01T18:05:18Z</time>
        <hdop>3.1</hdop>
        <extensions>
          <osmand:speed>1.1</osmand:speed>
        </extensions>
      </trkpt>
      <trkpt lat="43.2651" lon="27.8396016">
        <ele>344.8</ele>
        <time>2026-06-01T18:05:23Z</time>
        <hdop>3.1</hdop>
        <extensions>
          <osmand:speed>1.2</osmand:speed>
        </extensions>
      </trkpt>
      <trkpt lat="43.2651163" lon="27.8394956">
        <ele>342.3</ele>
        <time>2026-06-01T18:05:29Z</time>
        <hdop>3.1</hdop>
        <extensions>
          <osmand:speed>1.2</osmand:speed>
        </extensions>
      </trkpt>
      <trkpt lat="43.2651189" lon="27.8393928">
        <ele>343.2</ele>
        <time>2026-06-01T18:05:34Z</time>
        <hdop>3.1</hdop>
        <extensions>
          <osmand:speed>1.2</osmand:speed>
        </extensions>
      </trkpt>
      <trkpt lat="43.2651334" lon="27.8393137">
        <ele>344</ele>
        <time>2026-06-01T18:05:39Z</time>
        <hdop>3.1</hdop>
        <extensions>
          <osmand:speed>1.1</osmand:speed>
        </extensions>
      </trkpt>
      <trkpt lat="43.265155" lon="27.8392973">
        <ele>344</ele>
        <time>2026-06-01T18:05:44Z</time>
        <hdop>3</hdop>
        <extensions>
          <osmand:speed>0.6</osmand:speed>
        </extensions>
      </trkpt>
      <trkpt lat="43.2652114" lon="27.839296">
        <ele>345.4</ele>
        <time>2026-06-01T18:05:49Z</time>
        <hdop>3.1</hdop>
        <extensions>
          <osmand:speed>0.9</osmand:speed>
        </extensions>
      </trkpt>
      <trkpt lat="43.2652644" lon="27.839316">
        <ele>345.6</ele>
        <time>2026-06-01T18:05:54Z</time>
        <hdop>3.1</hdop>
        <extensions>
          <osmand:speed>0.9</osmand:speed>
        </extensions>
      </trkpt>
      <trkpt lat="43.2652842" lon="27.8393234">
        <ele>345.6</ele>
        <time>2026-06-01T18:05:59Z</time>
        <hdop>3</hdop>
        <extensions>
          <osmand:speed>0.5</osmand:speed>
        </extensions>
      </trkpt>
      <trkpt lat="43.2653124" lon="27.8393501">
        <ele>342.9</ele>
        <time>2026-06-01T18:06:04Z</time>
        <hdop>3.1</hdop>
        <extensions>
          <osmand:speed>0.6</osmand:speed>
        </extensions>
      </trkpt>
      <trkpt lat="43.2653283" lon="27.8393461">
        <ele>347.3</ele>
        <time>2026-06-01T18:06:09Z</time>
        <hdop>3</hdop>
        <extensions>
          <osmand:speed>0.3</osmand:speed>
        </extensions>
      </trkpt>
      <trkpt lat="43.2653515" lon="27.8393457">
        <ele>344.9</ele>
        <time>2026-06-01T18:06:14Z</time>
        <hdop>3</hdop>
        <extensions>
          <osmand:speed>0.4</osmand:speed>
        </extensions>
      </trkpt>
      <trkpt lat="43.2653751" lon="27.8393264">
        <ele>344.7</ele>
        <time>2026-06-01T18:06:19Z</time>
        <hdop>3</hdop>
        <extensions>
          <osmand:speed>0.4</osmand:speed>
        </extensions>
      </trkpt>
      <trkpt lat="43.2654027" lon="27.8393184">
        <ele>345</ele>
        <time>2026-06-01T18:06:25Z</time>
        <hdop>3</hdop>
        <extensions>
          <osmand:speed>0.9</osmand:speed>
        </extensions>
      </trkpt>
      <trkpt lat="43.2654379" lon="27.8393417">
        <ele>344.9</ele>
        <time>2026-06-01T18:06:30Z</time>
        <hdop>3</hdop>
        <extensions>
          <osmand:speed>0.4</osmand:speed>
        </extensions>
      </trkpt>
      <trkpt lat="43.2654288" lon="27.8393399">
        <ele>344.9</ele>
        <time>2026-06-01T18:06:36Z</time>
        <hdop>3</hdop>
        <extensions>
          <osmand:speed>0.1</osmand:speed>
        </extensions>
      </trkpt>
      <trkpt lat="43.2654333" lon="27.8393468">
        <ele>345</ele>
        <time>2026-06-01T18:06:42Z</time>
        <hdop>3</hdop>
        <extensions>
          <osmand:speed>0.2</osmand:speed>
        </extensions>
      </trkpt>
      <trkpt lat="43.2654367" lon="27.8393544">
        <ele>345.5</ele>
        <time>2026-06-01T18:06:47Z</time>
        <hdop>3</hdop>
        <extensions>
          <osmand:speed>0.1</osmand:speed>
        </extensions>
      </trkpt>
      <trkpt lat="43.265444" lon="27.8393626">
        <ele>345.1</ele>
        <time>2026-06-01T18:06:52Z</time>
        <hdop>3</hdop>
        <extensions>
          <osmand:speed>0.2</osmand:speed>
        </extensions>
      </trkpt>
      <trkpt lat="43.265485" lon="27.8393998">
        <ele>346.1</ele>
        <time>2026-06-01T18:06:58Z</time>
        <hdop>3</hdop>
        <extensions>
          <osmand:speed>1.1</osmand:speed>
        </extensions>
      </trkpt>
      <trkpt lat="43.2655376" lon="27.8394057">
        <ele>346.5</ele>
        <time>2026-06-01T18:07:03Z</time>
        <hdop>3.1</hdop>
        <extensions>
          <osmand:speed>1</osmand:speed>
        </extensions>
      </trkpt>
      <trkpt lat="43.2655903" lon="27.8393822">
        <ele>346.9</ele>
        <time>2026-06-01T18:07:08Z</time>
        <hdop>3.1</hdop>
        <extensions>
          <osmand:speed>1.1</osmand:speed>
        </extensions>
      </trkpt>
      <trkpt lat="43.2656429" lon="27.8393323">
        <ele>345.8</ele>
        <time>2026-06-01T18:07:14Z</time>
        <hdop>3.1</hdop>
        <extensions>
          <osmand:speed>1.1</osmand:speed>
        </extensions>
      </trkpt>
      <trkpt lat="43.2656906" lon="27.8393103">
        <ele>347.5</ele>
        <time>2026-06-01T18:07:19Z</time>
        <hdop>3</hdop>
        <extensions>
          <osmand:speed>0.9</osmand:speed>
        </extensions>
      </trkpt>
      <trkpt lat="43.265731" lon="27.8393307">
        <ele>346.7</ele>
        <time>2026-06-01T18:07:25Z</time>
        <hdop>3</hdop>
        <extensions>
          <osmand:speed>0.8</osmand:speed>
        </extensions>
      </trkpt>
      <trkpt lat="43.2657459" lon="27.8392878">
        <ele>344.4</ele>
        <time>2026-06-01T18:07:30Z</time>
        <hdop>3</hdop>
        <extensions>
          <osmand:speed>0.7</osmand:speed>
        </extensions>
      </trkpt>
      <trkpt lat="43.265801" lon="27.8392479">
        <ele>348.2</ele>
        <time>2026-06-01T18:07:35Z</time>
        <hdop>3</hdop>
        <extensions>
          <osmand:speed>0.9</osmand:speed>
        </extensions>
      </trkpt>
      <trkpt lat="43.265843" lon="27.8392421">
        <ele>346.6</ele>
        <time>2026-06-01T18:07:40Z</time>
        <hdop>3.1</hdop>
        <extensions>
          <osmand:speed>1</osmand:speed>
        </extensions>
      </trkpt>
      <trkpt lat="43.265852" lon="27.8392083">
        <ele>348.9</ele>
        <time>2026-06-01T18:07:45Z</time>
        <hdop>3.2</hdop>
        <extensions>
          <osmand:speed>0.4</osmand:speed>
        </extensions>
      </trkpt>
      <trkpt lat="43.2658884" lon="27.8391444">
        <ele>347.4</ele>
        <time>2026-06-01T18:07:51Z</time>
        <hdop>3.2</hdop>
        <extensions>
          <osmand:speed>0.9</osmand:speed>
        </extensions>
      </trkpt>
      <trkpt lat="43.2659174" lon="27.8391126">
        <ele>350.1</ele>
        <time>2026-06-01T18:07:56Z</time>
        <hdop>3</hdop>
        <extensions>
          <osmand:speed>0.8</osmand:speed>
        </extensions>
      </trkpt>
      <trkpt lat="43.2659573" lon="27.839113">
        <ele>348.4</ele>
        <time>2026-06-01T18:08:01Z</time>
        <hdop>3</hdop>
        <extensions>
          <osmand:speed>1</osmand:speed>
        </extensions>
      </trkpt>
      <trkpt lat="43.2660068" lon="27.8391327">
        <ele>349.5</ele>
        <time>2026-06-01T18:08:07Z</time>
        <hdop>3.1</hdop>
        <extensions>
          <osmand:speed>0.7</osmand:speed>
        </extensions>
      </trkpt>
      <trkpt lat="43.2660368" lon="27.8391138">
        <ele>349.8</ele>
        <time>2026-06-01T18:08:12Z</time>
        <hdop>3</hdop>
        <extensions>
          <osmand:speed>0.8</osmand:speed>
        </extensions>
      </trkpt>
      <trkpt lat="43.2661002" lon="27.8391516">
        <ele>348.7</ele>
        <time>2026-06-01T18:08:17Z</time>
        <hdop>3.1</hdop>
        <extensions>
          <osmand:speed>1.1</osmand:speed>
        </extensions>
      </trkpt>
      <trkpt lat="43.2661392" lon="27.8391733">
        <ele>346.5</ele>
        <time>2026-06-01T18:08:22Z</time>
        <hdop>3.1</hdop>
        <extensions>
          <osmand:speed>0.8</osmand:speed>
        </extensions>
      </trkpt>
      <trkpt lat="43.2661627" lon="27.8391595">
        <ele>347.5</ele>
        <time>2026-06-01T18:08:28Z</time>
        <hdop>3</hdop>
        <extensions>
          <osmand:speed>0.5</osmand:speed>
        </extensions>
      </trkpt>
      <trkpt lat="43.2662005" lon="27.839162">
        <ele>346.9</ele>
        <time>2026-06-01T18:08:33Z</time>
        <hdop>3</hdop>
        <extensions>
          <osmand:speed>0.7</osmand:speed>
        </extensions>
      </trkpt>
      <trkpt lat="43.2662393" lon="27.8391648">
        <ele>349.9</ele>
        <time>2026-06-01T18:08:39Z</time>
        <hdop>3</hdop>
        <extensions>
          <osmand:speed>0.6</osmand:speed>
        </extensions>
      </trkpt>
      <trkpt lat="43.2662835" lon="27.839164">
        <ele>348.7</ele>
        <time>2026-06-01T18:08:44Z</time>
        <hdop>3.1</hdop>
        <extensions>
          <osmand:speed>0.9</osmand:speed>
        </extensions>
      </trkpt>
      <trkpt lat="43.2663054" lon="27.8391613">
        <ele>351.5</ele>
        <time>2026-06-01T18:08:49Z</time>
        <hdop>3</hdop>
        <extensions>
          <osmand:speed>0.4</osmand:speed>
        </extensions>
      </trkpt>
      <trkpt lat="43.2663431" lon="27.8391849">
        <ele>353.1</ele>
        <time>2026-06-01T18:08:54Z</time>
        <hdop>3</hdop>
        <extensions>
          <osmand:speed>0.8</osmand:speed>
        </extensions>
      </trkpt>
      <trkpt lat="43.2663605" lon="27.83919">
        <ele>350.7</ele>
        <time>2026-06-01T18:08:59Z</time>
        <hdop>3.1</hdop>
        <extensions>
          <osmand:speed>0.3</osmand:speed>
        </extensions>
      </trkpt>
      <trkpt lat="43.2663845" lon="27.8391718">
        <ele>350.3</ele>
        <time>2026-06-01T18:09:04Z</time>
        <hdop>3</hdop>
        <extensions>
          <osmand:speed>0.6</osmand:speed>
        </extensions>
      </trkpt>
      <trkpt lat="43.2664167" lon="27.8391565">
        <ele>350.6</ele>
        <time>2026-06-01T18:09:09Z</time>
        <hdop>3.1</hdop>
        <extensions>
          <osmand:speed>0.5</osmand:speed>
        </extensions>
      </trkpt>
      <trkpt lat="43.2664628" lon="27.8391308">
        <ele>354.5</ele>
        <time>2026-06-01T18:09:14Z</time>
        <hdop>3.1</hdop>
        <extensions>
          <osmand:speed>0.9</osmand:speed>
        </extensions>
      </trkpt>
      <trkpt lat="43.2664619" lon="27.8391144">
        <ele>354.3</ele>
        <time>2026-06-01T18:09:20Z</time>
        <hdop>3</hdop>
        <extensions>
          <osmand:speed>0.2</osmand:speed>
        </extensions>
      </trkpt>
      <trkpt lat="43.2664578" lon="27.8390972">
        <ele>354.1</ele>
        <time>2026-06-01T18:09:25Z</time>
        <hdop>3</hdop>
        <extensions>
          <osmand:speed>0.2</osmand:speed>
        </extensions>
      </trkpt>
      <trkpt lat="43.2664574" lon="27.8390495">
        <ele>354.5</ele>
        <time>2026-06-01T18:09:30Z</time>
        <hdop>3</hdop>
        <extensions>
          <osmand:speed>0.9</osmand:speed>
        </extensions>
      </trkpt>
      <trkpt lat="43.2665189" lon="27.8390393">
        <ele>356</ele>
        <time>2026-06-01T18:09:36Z</time>
        <hdop>3.1</hdop>
        <extensions>
          <osmand:speed>1.1</osmand:speed>
        </extensions>
      </trkpt>
      <trkpt lat="43.2665852" lon="27.8390308">
        <ele>354.7</ele>
        <time>2026-06-01T18:09:41Z</time>
        <hdop>3.3</hdop>
        <extensions>
          <osmand:speed>1.4</osmand:speed>
        </extensions>
      </trkpt>
      <trkpt lat="43.2666428" lon="27.8390349">
        <ele>356.2</ele>
        <time>2026-06-01T18:09:46Z</time>
        <hdop>3.2</hdop>
        <extensions>
          <osmand:speed>1.1</osmand:speed>
        </extensions>
      </trkpt>
      <trkpt lat="43.2666904" lon="27.8390604">
        <ele>353.1</ele>
        <time>2026-06-01T18:09:51Z</time>
        <hdop>3.1</hdop>
        <extensions>
          <osmand:speed>0.9</osmand:speed>
        </extensions>
      </trkpt>
      <trkpt lat="43.266711" lon="27.8390466">
        <ele>349.4</ele>
        <time>2026-06-01T18:09:56Z</time>
        <hdop>3.1</hdop>
        <extensions>
          <osmand:speed>0.1</osmand:speed>
        </extensions>
      </trkpt>
      <trkpt lat="43.2667247" lon="27.8390445">
        <ele>350.2</ele>
        <time>2026-06-01T18:10:01Z</time>
        <hdop>3</hdop>
        <extensions>
          <osmand:speed>0.1</osmand:speed>
        </extensions>
      </trkpt>
      <trkpt lat="43.2667982" lon="27.8390498">
        <ele>352.6</ele>
        <time>2026-06-01T18:10:06Z</time>
        <hdop>3</hdop>
        <extensions>
          <osmand:speed>1.8</osmand:speed>
        </extensions>
      </trkpt>
      <trkpt lat="43.2669026" lon="27.8391315">
        <ele>353.3</ele>
        <time>2026-06-01T18:10:11Z</time>
        <hdop>3.4</hdop>
        <extensions>
          <osmand:speed>1.9</osmand:speed>
        </extensions>
      </trkpt>
      <trkpt lat="43.2669939" lon="27.839173">
        <ele>356.1</ele>
        <time>2026-06-01T18:10:16Z</time>
        <hdop>3.3</hdop>
        <extensions>
          <osmand:speed>1.9</osmand:speed>
        </extensions>
      </trkpt>
      <trkpt lat="43.2670754" lon="27.839223">
        <ele>356.4</ele>
        <time>2026-06-01T18:10:22Z</time>
        <hdop>3.2</hdop>
        <extensions>
          <osmand:speed>1.4</osmand:speed>
        </extensions>
      </trkpt>
      <trkpt lat="43.2671766" lon="27.8392135">
        <ele>357.2</ele>
        <time>2026-06-01T18:10:27Z</time>
        <hdop>3.1</hdop>
        <extensions>
          <osmand:speed>1.8</osmand:speed>
        </extensions>
      </trkpt>
      <trkpt lat="43.2673042" lon="27.8392203">
        <ele>358.2</ele>
        <time>2026-06-01T18:10:32Z</time>
        <hdop>3.1</hdop>
        <extensions>
          <osmand:speed>2.1</osmand:speed>
        </extensions>
      </trkpt>
      <trkpt lat="43.2674082" lon="27.8391609">
        <ele>357.3</ele>
        <time>2026-06-01T18:10:37Z</time>
        <hdop>3.1</hdop>
        <extensions>
          <osmand:speed>2.1</osmand:speed>
        </extensions>
      </trkpt>
      <trkpt lat="43.2675036" lon="27.839169">
        <ele>354.4</ele>
        <time>2026-06-01T18:10:42Z</time>
        <hdop>3.3</hdop>
        <extensions>
          <osmand:speed>1.9</osmand:speed>
        </extensions>
      </trkpt>
      <trkpt lat="43.2676256" lon="27.8392171">
        <ele>355.7</ele>
        <time>2026-06-01T18:10:47Z</time>
        <hdop>3.6</hdop>
        <extensions>
          <osmand:speed>2.2</osmand:speed>
        </extensions>
      </trkpt>
      <trkpt lat="43.2677486" lon="27.8392526">
        <ele>354.6</ele>
        <time>2026-06-01T18:10:52Z</time>
        <hdop>3.5</hdop>
        <extensions>
          <osmand:speed>2.2</osmand:speed>
        </extensions>
      </trkpt>
      <trkpt lat="43.267874" lon="27.8393045">
        <ele>352.7</ele>
        <time>2026-06-01T18:10:57Z</time>
        <hdop>3.3</hdop>
        <extensions>
          <osmand:speed>2.2</osmand:speed>
        </extensions>
      </trkpt>
      <trkpt lat="43.2680049" lon="27.8393084">
        <ele>353.4</ele>
        <time>2026-06-01T18:11:02Z</time>
        <hdop>3.3</hdop>
        <extensions>
          <osmand:speed>2.3</osmand:speed>
        </extensions>
      </trkpt>
      <trkpt lat="43.2681198" lon="27.8392895">
        <ele>356.2</ele>
        <time>2026-06-01T18:11:07Z</time>
        <hdop>3.3</hdop>
        <extensions>
          <osmand:speed>2.2</osmand:speed>
        </extensions>
      </trkpt>
      <trkpt lat="43.2682218" lon="27.8393221">
        <ele>354.6</ele>
        <time>2026-06-01T18:11:13Z</time>
        <hdop>3.2</hdop>
        <extensions>
          <osmand:speed>1.9</osmand:speed>
        </extensions>
      </trkpt>
      <trkpt lat="43.2682864" lon="27.8393526">
        <ele>356.7</ele>
        <time>2026-06-01T18:11:18Z</time>
        <hdop>3.1</hdop>
        <extensions>
          <osmand:speed>1.6</osmand:speed>
        </extensions>
      </trkpt>
      <trkpt lat="43.2683603" lon="27.8393994">
        <ele>358.7</ele>
        <time>2026-06-01T18:11:23Z</time>
        <hdop>3.1</hdop>
        <extensions>
          <osmand:speed>1.9</osmand:speed>
        </extensions>
      </trkpt>
      <trkpt lat="43.2684551" lon="27.8394174">
        <ele>357.3</ele>
        <time>2026-06-01T18:11:28Z</time>
        <hdop>3.2</hdop>
        <extensions>
          <osmand:speed>2</osmand:speed>
        </extensions>
      </trkpt>
      <trkpt lat="43.2685179" lon="27.8394185">
        <ele>358.1</ele>
        <time>2026-06-01T18:11:33Z</time>
        <hdop>3</hdop>
        <extensions>
          <osmand:speed>1.3</osmand:speed>
        </extensions>
      </trkpt>
      <trkpt lat="43.2686033" lon="27.8394328">
        <ele>358.8</ele>
        <time>2026-06-01T18:11:38Z</time>
        <hdop>3.1</hdop>
        <extensions>
          <osmand:speed>2.1</osmand:speed>
        </extensions>
      </trkpt>
      <trkpt lat="43.2687089" lon="27.8394661">
        <ele>358.9</ele>
        <time>2026-06-01T18:11:44Z</time>
        <hdop>3.5</hdop>
        <extensions>
          <osmand:speed>2.1</osmand:speed>
        </extensions>
      </trkpt>
      <trkpt lat="43.2688066" lon="27.8395809">
        <ele>360.1</ele>
        <time>2026-06-01T18:11:49Z</time>
        <hdop>3.4</hdop>
        <extensions>
          <osmand:speed>2.4</osmand:speed>
        </extensions>
      </trkpt>
      <trkpt lat="43.2689221" lon="27.839645">
        <ele>357</ele>
        <time>2026-06-01T18:11:54Z</time>
        <hdop>3.4</hdop>
        <extensions>
          <osmand:speed>2.3</osmand:speed>
        </extensions>
      </trkpt>
      <trkpt lat="43.2690298" lon="27.8396981">
        <ele>355.5</ele>
        <time>2026-06-01T18:11:59Z</time>
        <hdop>3.3</hdop>
        <extensions>
          <osmand:speed>2.2</osmand:speed>
        </extensions>
      </trkpt>
      <trkpt lat="43.2691121" lon="27.8397429">
        <ele>356.3</ele>
        <time>2026-06-01T18:12:04Z</time>
        <hdop>3.3</hdop>
        <extensions>
          <osmand:speed>1.7</osmand:speed>
        </extensions>
      </trkpt>
      <trkpt lat="43.2692099" lon="27.8397776">
        <ele>357.8</ele>
        <time>2026-06-01T18:12:09Z</time>
        <hdop>3.3</hdop>
        <extensions>
          <osmand:speed>2.1</osmand:speed>
        </extensions>
      </trkpt>
      <trkpt lat="43.269331" lon="27.839787">
        <ele>361.2</ele>
        <time>2026-06-01T18:12:14Z</time>
        <hdop>3.4</hdop>
        <extensions>
          <osmand:speed>2.5</osmand:speed>
        </extensions>
      </trkpt>
      <trkpt lat="43.2694672" lon="27.8397822">
        <ele>360.4</ele>
        <time>2026-06-01T18:12:19Z</time>
        <hdop>3.3</hdop>
        <extensions>
          <osmand:speed>2.6</osmand:speed>
        </extensions>
      </trkpt>
      <trkpt lat="43.2695906" lon="27.8398042">
        <ele>358.9</ele>
        <time>2026-06-01T18:12:24Z</time>
        <hdop>3.2</hdop>
        <extensions>
          <osmand:speed>2.6</osmand:speed>
        </extensions>
      </trkpt>
      <trkpt lat="43.2697275" lon="27.8398568">
        <ele>357.8</ele>
        <time>2026-06-01T18:12:30Z</time>
        <hdop>3.3</hdop>
        <extensions>
          <osmand:speed>2.5</osmand:speed>
        </extensions>
      </trkpt>
      <trkpt lat="43.2698488" lon="27.8399542">
        <ele>356.8</ele>
        <time>2026-06-01T18:12:35Z</time>
        <hdop>3.3</hdop>
        <extensions>
          <osmand:speed>2.5</osmand:speed>
        </extensions>
      </trkpt>
      <trkpt lat="43.2699235" lon="27.8400447">
        <ele>356.9</ele>
        <time>2026-06-01T18:12:40Z</time>
        <hdop>3.5</hdop>
        <extensions>
          <osmand:speed>1.7</osmand:speed>
        </extensions>
      </trkpt>
      <trkpt lat="43.2699681" lon="27.8398985">
        <ele>358.9</ele>
        <time>2026-06-01T18:12:45Z</time>
        <hdop>3.2</hdop>
        <extensions>
          <osmand:speed>2.4</osmand:speed>
        </extensions>
      </trkpt>
      <trkpt lat="43.2700141" lon="27.8397056">
        <ele>358.7</ele>
        <time>2026-06-01T18:12:50Z</time>
        <hdop>3.3</hdop>
        <extensions>
          <osmand:speed>2.7</osmand:speed>
        </extensions>
      </trkpt>
      <trkpt lat="43.2701093" lon="27.8395315">
        <ele>356.3</ele>
        <time>2026-06-01T18:12:55Z</time>
        <hdop>3.4</hdop>
        <extensions>
          <osmand:speed>3</osmand:speed>
        </extensions>
      </trkpt>
      <trkpt lat="43.2701984" lon="27.8393638">
        <ele>356.6</ele>
        <time>2026-06-01T18:13:00Z</time>
        <hdop>3.5</hdop>
        <extensions>
          <osmand:speed>2.8</osmand:speed>
        </extensions>
      </trkpt>
      <trkpt lat="43.2702735" lon="27.8392038">
        <ele>358</ele>
        <time>2026-06-01T18:13:05Z</time>
        <hdop>3.6</hdop>
        <extensions>
          <osmand:speed>2.7</osmand:speed>
        </extensions>
      </trkpt>
      <trkpt lat="43.2703611" lon="27.839061">
        <ele>356.5</ele>
        <time>2026-06-01T18:13:10Z</time>
        <hdop>3.6</hdop>
        <extensions>
          <osmand:speed>2.8</osmand:speed>
        </extensions>
      </trkpt>
      <trkpt lat="43.2704555" lon="27.8389032">
        <ele>356.8</ele>
        <time>2026-06-01T18:13:15Z</time>
        <hdop>3.5</hdop>
        <extensions>
          <osmand:speed>2.9</osmand:speed>
        </extensions>
      </trkpt>
      <trkpt lat="43.2705559" lon="27.8387791">
        <ele>356.7</ele>
        <time>2026-06-01T18:13:20Z</time>
        <hdop>3.4</hdop>
        <extensions>
          <osmand:speed>2.7</osmand:speed>
        </extensions>
      </trkpt>
      <trkpt lat="43.2706372" lon="27.8386784">
        <ele>356.7</ele>
        <time>2026-06-01T18:13:25Z</time>
        <hdop>3.2</hdop>
        <extensions>
          <osmand:speed>1.9</osmand:speed>
        </extensions>
      </trkpt>
      <trkpt lat="43.2706995" lon="27.8385711">
        <ele>357</ele>
        <time>2026-06-01T18:13:31Z</time>
        <hdop>3.2</hdop>
        <extensions>
          <osmand:speed>2.3</osmand:speed>
        </extensions>
      </trkpt>
      <trkpt lat="43.2707835" lon="27.8384388">
        <ele>356.7</ele>
        <time>2026-06-01T18:13:36Z</time>
        <hdop>3.3</hdop>
        <extensions>
          <osmand:speed>2.5</osmand:speed>
        </extensions>
      </trkpt>
      <trkpt lat="43.2708616" lon="27.8382884">
        <ele>355.6</ele>
        <time>2026-06-01T18:13:41Z</time>
        <hdop>3.5</hdop>
        <extensions>
          <osmand:speed>2.5</osmand:speed>
        </extensions>
      </trkpt>
      <trkpt lat="43.2709587" lon="27.8381612">
        <ele>357.5</ele>
        <time>2026-06-01T18:13:46Z</time>
        <hdop>3.4</hdop>
        <extensions>
          <osmand:speed>2.5</osmand:speed>
        </extensions>
      </trkpt>
      <trkpt lat="43.2710552" lon="27.8380378">
        <ele>357.3</ele>
        <time>2026-06-01T18:13:51Z</time>
        <hdop>3.5</hdop>
        <extensions>
          <osmand:speed>2.5</osmand:speed>
        </extensions>
      </trkpt>
      <trkpt lat="43.2711471" lon="27.8379056">
        <ele>354.1</ele>
        <time>2026-06-01T18:13:56Z</time>
        <hdop>3.5</hdop>
        <extensions>
          <osmand:speed>2.5</osmand:speed>
        </extensions>
      </trkpt>
      <trkpt lat="43.2712342" lon="27.8377825">
        <ele>355.1</ele>
        <time>2026-06-01T18:14:01Z</time>
        <hdop>3.5</hdop>
        <extensions>
          <osmand:speed>2.4</osmand:speed>
        </extensions>
      </trkpt>
      <trkpt lat="43.2713625" lon="27.8377279">
        <ele>355.3</ele>
        <time>2026-06-01T18:14:06Z</time>
        <hdop>3.3</hdop>
        <extensions>
          <osmand:speed>2.5</osmand:speed>
        </extensions>
      </trkpt>
      <trkpt lat="43.2714774" lon="27.8376613">
        <ele>355.8</ele>
        <time>2026-06-01T18:14:12Z</time>
        <hdop>3.3</hdop>
        <extensions>
          <osmand:speed>2.3</osmand:speed>
        </extensions>
      </trkpt>
      <trkpt lat="43.2715468" lon="27.8375305">
        <ele>356.9</ele>
        <time>2026-06-01T18:14:17Z</time>
        <hdop>3.2</hdop>
        <extensions>
          <osmand:speed>2.5</osmand:speed>
        </extensions>
      </trkpt>
      <trkpt lat="43.2715983" lon="27.8373842">
        <ele>359.7</ele>
        <time>2026-06-01T18:14:22Z</time>
        <hdop>3.3</hdop>
        <extensions>
          <osmand:speed>2.4</osmand:speed>
        </extensions>
      </trkpt>
      <trkpt lat="43.2716507" lon="27.8372353">
        <ele>358.2</ele>
        <time>2026-06-01T18:14:27Z</time>
        <hdop>3.2</hdop>
        <extensions>
          <osmand:speed>2.5</osmand:speed>
        </extensions>
      </trkpt>
      <trkpt lat="43.2717197" lon="27.8370528">
        <ele>356.7</ele>
        <time>2026-06-01T18:14:32Z</time>
        <hdop>3.2</hdop>
        <extensions>
          <osmand:speed>2.5</osmand:speed>
        </extensions>
      </trkpt>
      <trkpt lat="43.2717915" lon="27.8368807">
        <ele>358.1</ele>
        <time>2026-06-01T18:14:38Z</time>
        <hdop>3.3</hdop>
        <extensions>
          <osmand:speed>2.5</osmand:speed>
        </extensions>
      </trkpt>
      <trkpt lat="43.2718566" lon="27.8367092">
        <ele>359.2</ele>
        <time>2026-06-01T18:14:43Z</time>
        <hdop>3.4</hdop>
        <extensions>
          <osmand:speed>2.4</osmand:speed>
        </extensions>
      </trkpt>
      <trkpt lat="43.2718993" lon="27.8365441">
        <ele>358</ele>
        <time>2026-06-01T18:14:48Z</time>
        <hdop>3.5</hdop>
        <extensions>
          <osmand:speed>2.4</osmand:speed>
        </extensions>
      </trkpt>
      <trkpt lat="43.271892" lon="27.836462">
        <ele>357.3</ele>
        <time>2026-06-01T18:14:53Z</time>
        <hdop>3.4</hdop>
        <extensions>
          <osmand:speed>0.9</osmand:speed>
        </extensions>
      </trkpt>
      <trkpt lat="43.2718288" lon="27.8364436">
        <ele>356.9</ele>
        <time>2026-06-01T18:14:58Z</time>
        <hdop>3.3</hdop>
        <extensions>
          <osmand:speed>1</osmand:speed>
        </extensions>
      </trkpt>
      <trkpt lat="43.2717986" lon="27.8363887">
        <ele>355.7</ele>
        <time>2026-06-01T18:15:03Z</time>
        <hdop>3.1</hdop>
        <extensions>
          <osmand:speed>1</osmand:speed>
        </extensions>
      </trkpt>
      <trkpt lat="43.2717578" lon="27.8363668">
        <ele>357.8</ele>
        <time>2026-06-01T18:15:08Z</time>
        <hdop>3</hdop>
        <extensions>
          <osmand:speed>1.1</osmand:speed>
        </extensions>
      </trkpt>
      <trkpt lat="43.2717165" lon="27.8363752">
        <ele>359.1</ele>
        <time>2026-06-01T18:15:13Z</time>
        <hdop>3.1</hdop>
        <extensions>
          <osmand:speed>1</osmand:speed>
        </extensions>
      </trkpt>
      <trkpt lat="43.2716822" lon="27.8363552">
        <ele>358.9</ele>
        <time>2026-06-01T18:15:18Z</time>
        <hdop>3.1</hdop>
        <extensions>
          <osmand:speed>0.9</osmand:speed>
        </extensions>
      </trkpt>
      <trkpt lat="43.2716579" lon="27.8362972">
        <ele>358.6</ele>
        <time>2026-06-01T18:15:23Z</time>
        <hdop>3</hdop>
        <extensions>
          <osmand:speed>1</osmand:speed>
        </extensions>
      </trkpt>
      <trkpt lat="43.271628" lon="27.8362516">
        <ele>359</ele>
        <time>2026-06-01T18:15:28Z</time>
        <hdop>3</hdop>
        <extensions>
          <osmand:speed>0.9</osmand:speed>
        </extensions>
      </trkpt>
      <trkpt lat="43.2715571" lon="27.83624">
        <ele>358.1</ele>
        <time>2026-06-01T18:15:34Z</time>
        <hdop>3.1</hdop>
        <extensions>
          <osmand:speed>1.2</osmand:speed>
        </extensions>
      </trkpt>
      <trkpt lat="43.2714936" lon="27.8362157">
        <ele>356.7</ele>
        <time>2026-06-01T18:15:39Z</time>
        <hdop>3.2</hdop>
        <extensions>
          <osmand:speed>1.1</osmand:speed>
        </extensions>
      </trkpt>
      <trkpt lat="43.2714454" lon="27.8361793">
        <ele>356.4</ele>
        <time>2026-06-01T18:15:44Z</time>
        <hdop>3.1</hdop>
        <extensions>
          <osmand:speed>0.9</osmand:speed>
        </extensions>
      </trkpt>
      <trkpt lat="43.2714059" lon="27.8361658">
        <ele>355.7</ele>
        <time>2026-06-01T18:15:49Z</time>
        <hdop>3.1</hdop>
        <extensions>
          <osmand:speed>0.9</osmand:speed>
        </extensions>
      </trkpt>
      <trkpt lat="43.2713788" lon="27.8361512">
        <ele>359</ele>
        <time>2026-06-01T18:15:54Z</time>
        <hdop>3.2</hdop>
        <extensions>
          <osmand:speed>0.8</osmand:speed>
        </extensions>
      </trkpt>
      <trkpt lat="43.2713619" lon="27.8360935">
        <ele>359.6</ele>
        <time>2026-06-01T18:15:59Z</time>
        <hdop>3.1</hdop>
        <extensions>
          <osmand:speed>0.9</osmand:speed>
        </extensions>
      </trkpt>
      <trkpt lat="43.2713272" lon="27.8360354">
        <ele>357.1</ele>
        <time>2026-06-01T18:16:04Z</time>
        <hdop>3.1</hdop>
        <extensions>
          <osmand:speed>1</osmand:speed>
        </extensions>
      </trkpt>
      <trkpt lat="43.2712915" lon="27.8359793">
        <ele>358.1</ele>
        <time>2026-06-01T18:16:10Z</time>
        <hdop>3</hdop>
        <extensions>
          <osmand:speed>1</osmand:speed>
        </extensions>
      </trkpt>
      <trkpt lat="43.2712587" lon="27.835948">
        <ele>358.3</ele>
        <time>2026-06-01T18:16:15Z</time>
        <hdop>3.1</hdop>
        <extensions>
          <osmand:speed>1</osmand:speed>
        </extensions>
      </trkpt>
      <trkpt lat="43.2712132" lon="27.8359318">
        <ele>359.3</ele>
        <time>2026-06-01T18:16:20Z</time>
        <hdop>3</hdop>
        <extensions>
          <osmand:speed>0.8</osmand:speed>
        </extensions>
      </trkpt>
      <trkpt lat="43.2711628" lon="27.8359137">
        <ele>358.1</ele>
        <time>2026-06-01T18:16:25Z</time>
        <hdop>3</hdop>
        <extensions>
          <osmand:speed>0.9</osmand:speed>
        </extensions>
      </trkpt>
      <trkpt lat="43.2711154" lon="27.8359057">
        <ele>357</ele>
        <time>2026-06-01T18:16:30Z</time>
        <hdop>3</hdop>
        <extensions>
          <osmand:speed>1.1</osmand:speed>
        </extensions>
      </trkpt>
      <trkpt lat="43.2710708" lon="27.8358742">
        <ele>356.3</ele>
        <time>2026-06-01T18:16:36Z</time>
        <hdop>3</hdop>
        <extensions>
          <osmand:speed>0.8</osmand:speed>
        </extensions>
      </trkpt>
      <trkpt lat="43.2710375" lon="27.8358869">
        <ele>357</ele>
        <time>2026-06-01T18:16:41Z</time>
        <hdop>3</hdop>
        <extensions>
          <osmand:speed>0.8</osmand:speed>
        </extensions>
      </trkpt>
      <trkpt lat="43.2711016" lon="27.8358744">
        <ele>355.7</ele>
        <time>2026-06-01T18:16:46Z</time>
        <hdop>3</hdop>
        <extensions>
          <osmand:speed>1.2</osmand:speed>
        </extensions>
      </trkpt>
      <trkpt lat="43.2711717" lon="27.8359208">
        <ele>355.4</ele>
        <time>2026-06-01T18:16:51Z</time>
        <hdop>3.1</hdop>
        <extensions>
          <osmand:speed>1.2</osmand:speed>
        </extensions>
      </trkpt>
      <trkpt lat="43.2712415" lon="27.8359566">
        <ele>356.6</ele>
        <time>2026-06-01T18:16:56Z</time>
        <hdop>3.2</hdop>
        <extensions>
          <osmand:speed>1.3</osmand:speed>
        </extensions>
      </trkpt>
      <trkpt lat="43.2712908" lon="27.8360129">
        <ele>357.4</ele>
        <time>2026-06-01T18:17:01Z</time>
        <hdop>3.1</hdop>
        <extensions>
          <osmand:speed>1.3</osmand:speed>
        </extensions>
      </trkpt>
      <trkpt lat="43.2713133" lon="27.836092">
        <ele>356.9</ele>
        <time>2026-06-01T18:17:06Z</time>
        <hdop>3</hdop>
        <extensions>
          <osmand:speed>1.2</osmand:speed>
        </extensions>
      </trkpt>
      <trkpt lat="43.271364" lon="27.8361374">
        <ele>355.9</ele>
        <time>2026-06-01T18:17:12Z</time>
        <hdop>3.1</hdop>
        <extensions>
          <osmand:speed>1.1</osmand:speed>
        </extensions>
      </trkpt>
      <trkpt lat="43.2714129" lon="27.8362181">
        <ele>354.3</ele>
        <time>2026-06-01T18:17:18Z</time>
        <hdop>3.1</hdop>
        <extensions>
          <osmand:speed>1.3</osmand:speed>
        </extensions>
      </trkpt>
      <trkpt lat="43.271473" lon="27.8362621">
        <ele>355.1</ele>
        <time>2026-06-01T18:17:23Z</time>
        <hdop>3.2</hdop>
        <extensions>
          <osmand:speed>1.1</osmand:speed>
        </extensions>
      </trkpt>
      <trkpt lat="43.2715361" lon="27.8362735">
        <ele>356.2</ele>
        <time>2026-06-01T18:17:29Z</time>
        <hdop>3.1</hdop>
        <extensions>
          <osmand:speed>1.1</osmand:speed>
        </extensions>
      </trkpt>
      <trkpt lat="43.2715963" lon="27.836293">
        <ele>354.5</ele>
        <time>2026-06-01T18:17:34Z</time>
        <hdop>3</hdop>
        <extensions>
          <osmand:speed>1.1</osmand:speed>
        </extensions>
      </trkpt>
      <trkpt lat="43.2716489" lon="27.8362987">
        <ele>355.2</ele>
        <time>2026-06-01T18:17:39Z</time>
        <hdop>3</hdop>
        <extensions>
          <osmand:speed>1.1</osmand:speed>
        </extensions>
      </trkpt>
      <trkpt lat="43.2717078" lon="27.8363069">
        <ele>356.3</ele>
        <time>2026-06-01T18:17:45Z</time>
        <hdop>3.1</hdop>
        <extensions>
          <osmand:speed>1.2</osmand:speed>
        </extensions>
      </trkpt>
      <trkpt lat="43.2717672" lon="27.8363209">
        <ele>352.1</ele>
        <time>2026-06-01T18:17:50Z</time>
        <hdop>3.1</hdop>
        <extensions>
          <osmand:speed>1.2</osmand:speed>
        </extensions>
      </trkpt>
      <trkpt lat="43.2718196" lon="27.8362989">
        <ele>356.2</ele>
        <time>2026-06-01T18:17:55Z</time>
        <hdop>3.1</hdop>
        <extensions>
          <osmand:speed>1.1</osmand:speed>
        </extensions>
      </trkpt>
      <trkpt lat="43.2718656" lon="27.8363289">
        <ele>357.5</ele>
        <time>2026-06-01T18:18:01Z</time>
        <hdop>3</hdop>
        <extensions>
          <osmand:speed>0.9</osmand:speed>
        </extensions>
      </trkpt>
      <trkpt lat="43.2719111" lon="27.8363683">
        <ele>355.8</ele>
        <time>2026-06-01T18:18:06Z</time>
        <hdop>3.1</hdop>
        <extensions>
          <osmand:speed>1.1</osmand:speed>
        </extensions>
      </trkpt>
      <trkpt lat="43.271957" lon="27.8363855">
        <ele>355.6</ele>
        <time>2026-06-01T18:18:11Z</time>
        <hdop>3.1</hdop>
        <extensions>
          <osmand:speed>1.1</osmand:speed>
        </extensions>
      </trkpt>
      <trkpt lat="43.2720091" lon="27.8361946">
        <ele>355.4</ele>
        <time>2026-06-01T18:18:17Z</time>
        <hdop>3.8</hdop>
        <extensions>
          <osmand:speed>2.7</osmand:speed>
        </extensions>
      </trkpt>
      <trkpt lat="43.2720994" lon="27.8359755">
        <ele>358.3</ele>
        <time>2026-06-01T18:18:22Z</time>
        <hdop>3.2</hdop>
        <extensions>
          <osmand:speed>3.2</osmand:speed>
        </extensions>
      </trkpt>
      <trkpt lat="43.272175" lon="27.8357652">
        <ele>359.5</ele>
        <time>2026-06-01T18:18:27Z</time>
        <hdop>3.3</hdop>
        <extensions>
          <osmand:speed>3.3</osmand:speed>
        </extensions>
      </trkpt>
      <trkpt lat="43.2722382" lon="27.8355688">
        <ele>357.9</ele>
        <time>2026-06-01T18:18:32Z</time>
        <hdop>3.4</hdop>
        <extensions>
          <osmand:speed>3.2</osmand:speed>
        </extensions>
      </trkpt>
      <trkpt lat="43.2723195" lon="27.8353729">
        <ele>357.8</ele>
        <time>2026-06-01T18:18:38Z</time>
        <hdop>3.3</hdop>
        <extensions>
          <osmand:speed>3</osmand:speed>
        </extensions>
      </trkpt>
      <trkpt lat="43.2724334" lon="27.8352146">
        <ele>359.2</ele>
        <time>2026-06-01T18:18:43Z</time>
        <hdop>3.3</hdop>
        <extensions>
          <osmand:speed>3</osmand:speed>
        </extensions>
      </trkpt>
      <trkpt lat="43.2725638" lon="27.8350934">
        <ele>360</ele>
        <time>2026-06-01T18:18:48Z</time>
        <hdop>3.6</hdop>
        <extensions>
          <osmand:speed>3</osmand:speed>
        </extensions>
      </trkpt>
      <trkpt lat="43.2726984" lon="27.8349909">
        <ele>361.1</ele>
        <time>2026-06-01T18:18:53Z</time>
        <hdop>3.5</hdop>
        <extensions>
          <osmand:speed>3</osmand:speed>
        </extensions>
      </trkpt>
      <trkpt lat="43.2728364" lon="27.8348949">
        <ele>358.9</ele>
        <time>2026-06-01T18:18:58Z</time>
        <hdop>3.5</hdop>
        <extensions>
          <osmand:speed>3</osmand:speed>
        </extensions>
      </trkpt>
      <trkpt lat="43.2729664" lon="27.8347763">
        <ele>359</ele>
        <time>2026-06-01T18:19:03Z</time>
        <hdop>3.5</hdop>
        <extensions>
          <osmand:speed>3</osmand:speed>
        </extensions>
      </trkpt>
      <trkpt lat="43.2731237" lon="27.8347264">
        <ele>359</ele>
        <time>2026-06-01T18:19:08Z</time>
        <hdop>3.5</hdop>
        <extensions>
          <osmand:speed>3</osmand:speed>
        </extensions>
      </trkpt>
      <trkpt lat="43.2732748" lon="27.8346807">
        <ele>362.1</ele>
        <time>2026-06-01T18:19:14Z</time>
        <hdop>3.5</hdop>
        <extensions>
          <osmand:speed>2.9</osmand:speed>
        </extensions>
      </trkpt>
      <trkpt lat="43.2734134" lon="27.8346194">
        <ele>359.9</ele>
        <time>2026-06-01T18:19:19Z</time>
        <hdop>3.6</hdop>
        <extensions>
          <osmand:speed>2.8</osmand:speed>
        </extensions>
      </trkpt>
      <trkpt lat="43.2735522" lon="27.8345435">
        <ele>363.6</ele>
        <time>2026-06-01T18:19:24Z</time>
        <hdop>3.5</hdop>
        <extensions>
          <osmand:speed>2.9</osmand:speed>
        </extensions>
      </trkpt>
      <trkpt lat="43.2736876" lon="27.8344482">
        <ele>364.2</ele>
        <time>2026-06-01T18:19:29Z</time>
        <hdop>3.3</hdop>
        <extensions>
          <osmand:speed>3</osmand:speed>
        </extensions>
      </trkpt>
      <trkpt lat="43.2738199" lon="27.8343537">
        <ele>365.6</ele>
        <time>2026-06-01T18:19:34Z</time>
        <hdop>3.4</hdop>
        <extensions>
          <osmand:speed>2.8</osmand:speed>
        </extensions>
      </trkpt>
      <trkpt lat="43.2739655" lon="27.8342745">
        <ele>366.1</ele>
        <time>2026-06-01T18:19:40Z</time>
        <hdop>3.4</hdop>
        <extensions>
          <osmand:speed>2.8</osmand:speed>
        </extensions>
      </trkpt>
      <trkpt lat="43.2741038" lon="27.8341827">
        <ele>369.6</ele>
        <time>2026-06-01T18:19:45Z</time>
        <hdop>3.5</hdop>
        <extensions>
          <osmand:speed>2.9</osmand:speed>
        </extensions>
      </trkpt>
      <trkpt lat="43.2742475" lon="27.8340851">
        <ele>368.7</ele>
        <time>2026-06-01T18:19:50Z</time>
        <hdop>3.6</hdop>
        <extensions>
          <osmand:speed>2.9</osmand:speed>
        </extensions>
      </trkpt>
      <trkpt lat="43.2742149" lon="27.8340847">
        <ele>365.9</ele>
        <time>2026-06-01T18:19:55Z</time>
        <hdop>3.1</hdop>
        <extensions>
          <osmand:speed>1.6</osmand:speed>
        </extensions>
      </trkpt>
      <trkpt lat="43.2741564" lon="27.8341356">
        <ele>365.5</ele>
        <time>2026-06-01T18:20:00Z</time>
        <hdop>3</hdop>
        <extensions>
          <osmand:speed>1.2</osmand:speed>
        </extensions>
      </trkpt>
      <trkpt lat="43.2741059" lon="27.834159">
        <ele>363.3</ele>
        <time>2026-06-01T18:20:06Z</time>
        <hdop>3</hdop>
        <extensions>
          <osmand:speed>0.7</osmand:speed>
        </extensions>
      </trkpt>
      <trkpt lat="43.2741168" lon="27.8341435">
        <ele>364</ele>
        <time>2026-06-01T18:20:11Z</time>
        <hdop>3</hdop>
        <extensions>
          <osmand:speed>1.2</osmand:speed>
        </extensions>
      </trkpt>
      <trkpt lat="43.2742476" lon="27.8340591">
        <ele>366.9</ele>
        <time>2026-06-01T18:20:16Z</time>
        <hdop>3</hdop>
        <extensions>
          <osmand:speed>2.7</osmand:speed>
        </extensions>
      </trkpt>
      <trkpt lat="43.2744277" lon="27.8339816">
        <ele>367.9</ele>
        <time>2026-06-01T18:20:21Z</time>
        <hdop>3.1</hdop>
        <extensions>
          <osmand:speed>3.1</osmand:speed>
        </extensions>
      </trkpt>
      <trkpt lat="43.274584" lon="27.8338886">
        <ele>369.4</ele>
        <time>2026-06-01T18:20:26Z</time>
        <hdop>3.4</hdop>
        <extensions>
          <osmand:speed>3.1</osmand:speed>
        </extensions>
      </trkpt>
      <trkpt lat="43.2747381" lon="27.8337788">
        <ele>368.8</ele>
        <time>2026-06-01T18:20:31Z</time>
        <hdop>3.2</hdop>
        <extensions>
          <osmand:speed>3.3</osmand:speed>
        </extensions>
      </trkpt>
      <trkpt lat="43.2749015" lon="27.8336784">
        <ele>370</ele>
        <time>2026-06-01T18:20:37Z</time>
        <hdop>3.4</hdop>
        <extensions>
          <osmand:speed>3.1</osmand:speed>
        </extensions>
      </trkpt>
      <trkpt lat="43.2750708" lon="27.8336042">
        <ele>371.2</ele>
        <time>2026-06-01T18:20:42Z</time>
        <hdop>3.5</hdop>
        <extensions>
          <osmand:speed>3.3</osmand:speed>
        </extensions>
      </trkpt>
      <trkpt lat="43.2752131" lon="27.8335074">
        <ele>371.3</ele>
        <time>2026-06-01T18:20:48Z</time>
        <hdop>3.5</hdop>
        <extensions>
          <osmand:speed>2.9</osmand:speed>
        </extensions>
      </trkpt>
      <trkpt lat="43.2753187" lon="27.8333884">
        <ele>367.7</ele>
        <time>2026-06-01T18:20:53Z</time>
        <hdop>3.4</hdop>
        <extensions>
          <osmand:speed>2.2</osmand:speed>
        </extensions>
      </trkpt>
      <trkpt lat="43.2753398" lon="27.8333269">
        <ele>368.1</ele>
        <time>2026-06-01T18:20:58Z</time>
        <hdop>3.2</hdop>
        <extensions>
          <osmand:speed>1.1</osmand:speed>
        </extensions>
      </trkpt>
      <trkpt lat="43.2753177" lon="27.8332734">
        <ele>368.6</ele>
        <time>2026-06-01T18:21:03Z</time>
        <hdop>3</hdop>
        <extensions>
          <osmand:speed>0.9</osmand:speed>
        </extensions>
      </trkpt>
      <trkpt lat="43.2752604" lon="27.8332998">
        <ele>368.7</ele>
        <time>2026-06-01T18:21:08Z</time>
        <hdop>3</hdop>
        <extensions>
          <osmand:speed>1</osmand:speed>
        </extensions>
      </trkpt>
      <trkpt lat="43.2752118" lon="27.8333684">
        <ele>367.9</ele>
        <time>2026-06-01T18:21:13Z</time>
        <hdop>3.1</hdop>
        <extensions>
          <osmand:speed>1</osmand:speed>
        </extensions>
      </trkpt>
      <trkpt lat="43.2751564" lon="27.8333435">
        <ele>367.6</ele>
        <time>2026-06-01T18:21:18Z</time>
        <hdop>3.1</hdop>
        <extensions>
          <osmand:speed>1</osmand:speed>
        </extensions>
      </trkpt>
      <trkpt lat="43.2751152" lon="27.8332842">
        <ele>368.6</ele>
        <time>2026-06-01T18:21:23Z</time>
        <hdop>3.1</hdop>
        <extensions>
          <osmand:speed>1.2</osmand:speed>
        </extensions>
      </trkpt>
      <trkpt lat="43.2750847" lon="27.8332102">
        <ele>370.2</ele>
        <time>2026-06-01T18:21:28Z</time>
        <hdop>3.2</hdop>
        <extensions>
          <osmand:speed>1.2</osmand:speed>
        </extensions>
      </trkpt>
      <trkpt lat="43.275062" lon="27.8331505">
        <ele>369.3</ele>
        <time>2026-06-01T18:21:34Z</time>
        <hdop>3.2</hdop>
        <extensions>
          <osmand:speed>1</osmand:speed>
        </extensions>
      </trkpt>
      <trkpt lat="43.2750277" lon="27.8331131">
        <ele>371.6</ele>
        <time>2026-06-01T18:21:39Z</time>
        <hdop>3</hdop>
        <extensions>
          <osmand:speed>1.1</osmand:speed>
        </extensions>
      </trkpt>
      <trkpt lat="43.2749844" lon="27.8330671">
        <ele>370.3</ele>
        <time>2026-06-01T18:21:44Z</time>
        <hdop>3</hdop>
        <extensions>
          <osmand:speed>1</osmand:speed>
        </extensions>
      </trkpt>
      <trkpt lat="43.2749426" lon="27.8330183">
        <ele>369.2</ele>
        <time>2026-06-01T18:21:49Z</time>
        <hdop>3</hdop>
        <extensions>
          <osmand:speed>1</osmand:speed>
        </extensions>
      </trkpt>
      <trkpt lat="43.2748968" lon="27.8330159">
        <ele>370.7</ele>
        <time>2026-06-01T18:21:55Z</time>
        <hdop>3.1</hdop>
        <extensions>
          <osmand:speed>1</osmand:speed>
        </extensions>
      </trkpt>
      <trkpt lat="43.2748552" lon="27.8330771">
        <ele>367.9</ele>
        <time>2026-06-01T18:22:00Z</time>
        <hdop>3.1</hdop>
        <extensions>
          <osmand:speed>1.1</osmand:speed>
        </extensions>
      </trkpt>
      <trkpt lat="43.2748181" lon="27.8331352">
        <ele>366.4</ele>
        <time>2026-06-01T18:22:05Z</time>
        <hdop>3.1</hdop>
        <extensions>
          <osmand:speed>0.8</osmand:speed>
        </extensions>
      </trkpt>
      <trkpt lat="43.2747916" lon="27.8331322">
        <ele>367.3</ele>
        <time>2026-06-01T18:22:10Z</time>
        <hdop>3</hdop>
        <extensions>
          <osmand:speed>0.7</osmand:speed>
        </extensions>
      </trkpt>
      <trkpt lat="43.2747464" lon="27.8331692">
        <ele>366.5</ele>
        <time>2026-06-01T18:22:15Z</time>
        <hdop>3.1</hdop>
        <extensions>
          <osmand:speed>0.9</osmand:speed>
        </extensions>
      </trkpt>
      <trkpt lat="43.2746931" lon="27.8331757">
        <ele>365.7</ele>
        <time>2026-06-01T18:22:21Z</time>
        <hdop>3</hdop>
        <extensions>
          <osmand:speed>1.2</osmand:speed>
        </extensions>
      </trkpt>
      <trkpt lat="43.2746235" lon="27.8331779">
        <ele>362.1</ele>
        <time>2026-06-01T18:22:26Z</time>
        <hdop>3</hdop>
        <extensions>
          <osmand:speed>1</osmand:speed>
        </extensions>
      </trkpt>
      <trkpt lat="43.2745965" lon="27.8331763">
        <ele>363.7</ele>
        <time>2026-06-01T18:22:31Z</time>
        <hdop>3.1</hdop>
        <extensions>
          <osmand:speed>0.3</osmand:speed>
        </extensions>
      </trkpt>
      <trkpt lat="43.2746261" lon="27.8331863">
        <ele>363.6</ele>
        <time>2026-06-01T18:22:36Z</time>
        <hdop>3</hdop>
        <extensions>
          <osmand:speed>1.1</osmand:speed>
        </extensions>
      </trkpt>
      <trkpt lat="43.2747342" lon="27.8331784">
        <ele>362.9</ele>
        <time>2026-06-01T18:22:42Z</time>
        <hdop>3.3</hdop>
        <extensions>
          <osmand:speed>2</osmand:speed>
        </extensions>
      </trkpt>
      <trkpt lat="43.2747881" lon="27.8331415">
        <ele>364.3</ele>
        <time>2026-06-01T18:22:47Z</time>
        <hdop>3.1</hdop>
        <extensions>
          <osmand:speed>0.9</osmand:speed>
        </extensions>
      </trkpt>
      <trkpt lat="43.2748325" lon="27.8331628">
        <ele>362.2</ele>
        <time>2026-06-01T18:22:52Z</time>
        <hdop>3</hdop>
        <extensions>
          <osmand:speed>1.1</osmand:speed>
        </extensions>
      </trkpt>
      <trkpt lat="43.2748848" lon="27.8332287">
        <ele>360.4</ele>
        <time>2026-06-01T18:22:57Z</time>
        <hdop>3.1</hdop>
        <extensions>
          <osmand:speed>1.1</osmand:speed>
        </extensions>
      </trkpt>
      <trkpt lat="43.2749418" lon="27.8332439">
        <ele>361</ele>
        <time>2026-06-01T18:23:02Z</time>
        <hdop>3.1</hdop>
        <extensions>
          <osmand:speed>1</osmand:speed>
        </extensions>
      </trkpt>
      <trkpt lat="43.2749948" lon="27.8332124">
        <ele>359</ele>
        <time>2026-06-01T18:23:07Z</time>
        <hdop>3</hdop>
        <extensions>
          <osmand:speed>1.1</osmand:speed>
        </extensions>
      </trkpt>
      <trkpt lat="43.2750388" lon="27.8332017">
        <ele>361.9</ele>
        <time>2026-06-01T18:23:12Z</time>
        <hdop>3</hdop>
        <extensions>
          <osmand:speed>1</osmand:speed>
        </extensions>
      </trkpt>
      <trkpt lat="43.275072" lon="27.8332623">
        <ele>360.3</ele>
        <time>2026-06-01T18:23:17Z</time>
        <hdop>3.1</hdop>
        <extensions>
          <osmand:speed>1</osmand:speed>
        </extensions>
      </trkpt>
      <trkpt lat="43.2751006" lon="27.8333418">
        <ele>360.4</ele>
        <time>2026-06-01T18:23:22Z</time>
        <hdop>3.1</hdop>
        <extensions>
          <osmand:speed>1.1</osmand:speed>
        </extensions>
      </trkpt>
      <trkpt lat="43.2751453" lon="27.8333986">
        <ele>360.9</ele>
        <time>2026-06-01T18:23:27Z</time>
        <hdop>3.1</hdop>
        <extensions>
          <osmand:speed>1.1</osmand:speed>
        </extensions>
      </trkpt>
      <trkpt lat="43.2751833" lon="27.8334465">
        <ele>362.7</ele>
        <time>2026-06-01T18:23:32Z</time>
        <hdop>3.1</hdop>
        <extensions>
          <osmand:speed>1</osmand:speed>
        </extensions>
      </trkpt>
      <trkpt lat="43.2752217" lon="27.8334583">
        <ele>363</ele>
        <time>2026-06-01T18:23:37Z</time>
        <hdop>3</hdop>
        <extensions>
          <osmand:speed>1</osmand:speed>
        </extensions>
      </trkpt>
      <trkpt lat="43.27526" lon="27.8334944">
        <ele>363.2</ele>
        <time>2026-06-01T18:23:43Z</time>
        <hdop>3</hdop>
        <extensions>
          <osmand:speed>1</osmand:speed>
        </extensions>
      </trkpt>
      <trkpt lat="43.2753633" lon="27.8334172">
        <ele>366.7</ele>
        <time>2026-06-01T18:23:48Z</time>
        <hdop>3.1</hdop>
        <extensions>
          <osmand:speed>2.5</osmand:speed>
        </extensions>
      </trkpt>
      <trkpt lat="43.275525" lon="27.8333331">
        <ele>367.6</ele>
        <time>2026-06-01T18:23:53Z</time>
        <hdop>3.9</hdop>
        <extensions>
          <osmand:speed>3</osmand:speed>
        </extensions>
      </trkpt>
      <trkpt lat="43.2756996" lon="27.833289">
        <ele>370.2</ele>
        <time>2026-06-01T18:23:58Z</time>
        <hdop>3.7</hdop>
        <extensions>
          <osmand:speed>3.1</osmand:speed>
        </extensions>
      </trkpt>
      <trkpt lat="43.275866" lon="27.8332531">
        <ele>371.3</ele>
        <time>2026-06-01T18:24:03Z</time>
        <hdop>3.7</hdop>
        <extensions>
          <osmand:speed>3.2</osmand:speed>
        </extensions>
      </trkpt>
      <trkpt lat="43.276018" lon="27.8331995">
        <ele>370.8</ele>
        <time>2026-06-01T18:24:08Z</time>
        <hdop>3.5</hdop>
        <extensions>
          <osmand:speed>3.1</osmand:speed>
        </extensions>
      </trkpt>
      <trkpt lat="43.2761606" lon="27.8331382">
        <ele>370.8</ele>
        <time>2026-06-01T18:24:13Z</time>
        <hdop>3.5</hdop>
        <extensions>
          <osmand:speed>3</osmand:speed>
        </extensions>
      </trkpt>
      <trkpt lat="43.2762636" lon="27.8330095">
        <ele>369.2</ele>
        <time>2026-06-01T18:24:18Z</time>
        <hdop>3.3</hdop>
        <extensions>
          <osmand:speed>2.8</osmand:speed>
        </extensions>
      </trkpt>
      <trkpt lat="43.2763473" lon="27.8328576">
        <ele>369.2</ele>
        <time>2026-06-01T18:24:24Z</time>
        <hdop>3.5</hdop>
        <extensions>
          <osmand:speed>2.6</osmand:speed>
        </extensions>
      </trkpt>
      <trkpt lat="43.2763929" lon="27.832688">
        <ele>368.9</ele>
        <time>2026-06-01T18:24:29Z</time>
        <hdop>3.4</hdop>
        <extensions>
          <osmand:speed>2.5</osmand:speed>
        </extensions>
      </trkpt>
      <trkpt lat="43.2764119" lon="27.8325612">
        <ele>368.4</ele>
        <time>2026-06-01T18:24:34Z</time>
        <hdop>3.2</hdop>
        <extensions>
          <osmand:speed>1.6</osmand:speed>
        </extensions>
      </trkpt>
      <trkpt lat="43.2763856" lon="27.8325144">
        <ele>367.6</ele>
        <time>2026-06-01T18:24:39Z</time>
        <hdop>3</hdop>
        <extensions>
          <osmand:speed>0.9</osmand:speed>
        </extensions>
      </trkpt>
      <trkpt lat="43.276372" lon="27.832499">
        <ele>369.1</ele>
        <time>2026-06-01T18:24:44Z</time>
        <hdop>3</hdop>
        <extensions>
          <osmand:speed>0.7</osmand:speed>
        </extensions>
      </trkpt>
      <trkpt lat="43.2763724" lon="27.8325067">
        <ele>370.3</ele>
        <time>2026-06-01T18:24:49Z</time>
        <hdop>3</hdop>
        <extensions>
          <osmand:speed>0.4</osmand:speed>
        </extensions>
      </trkpt>
      <trkpt lat="43.2763239" lon="27.8324778">
        <ele>369.5</ele>
        <time>2026-06-01T18:24:55Z</time>
        <hdop>3.1</hdop>
        <extensions>
          <osmand:speed>1</osmand:speed>
        </extensions>
      </trkpt>
      <trkpt lat="43.2762953" lon="27.8324295">
        <ele>369.7</ele>
        <time>2026-06-01T18:25:00Z</time>
        <hdop>3.1</hdop>
        <extensions>
          <osmand:speed>1.1</osmand:speed>
        </extensions>
      </trkpt>
      <trkpt lat="43.2762772" lon="27.8323694">
        <ele>370.8</ele>
        <time>2026-06-01T18:25:05Z</time>
        <hdop>3.2</hdop>
        <extensions>
          <osmand:speed>1.1</osmand:speed>
        </extensions>
      </trkpt>
      <trkpt lat="43.2762527" lon="27.8323055">
        <ele>371.6</ele>
        <time>2026-06-01T18:25:10Z</time>
        <hdop>3.2</hdop>
        <extensions>
          <osmand:speed>1.2</osmand:speed>
        </extensions>
      </trkpt>
      <trkpt lat="43.2762197" lon="27.8322439">
        <ele>371.8</ele>
        <time>2026-06-01T18:25:15Z</time>
        <hdop>3.2</hdop>
        <extensions>
          <osmand:speed>1.2</osmand:speed>
        </extensions>
      </trkpt>
      <trkpt lat="43.2761807" lon="27.8321802">
        <ele>370.3</ele>
        <time>2026-06-01T18:25:20Z</time>
        <hdop>3.2</hdop>
        <extensions>
          <osmand:speed>1.2</osmand:speed>
        </extensions>
      </trkpt>
      <trkpt lat="43.2761106" lon="27.8321745">
        <ele>368.6</ele>
        <time>2026-06-01T18:25:25Z</time>
        <hdop>3.2</hdop>
        <extensions>
          <osmand:speed>1.7</osmand:speed>
        </extensions>
      </trkpt>
      <trkpt lat="43.2759826" lon="27.8322584">
        <ele>368.5</ele>
        <time>2026-06-01T18:25:31Z</time>
        <hdop>3.3</hdop>
        <extensions>
          <osmand:speed>2.4</osmand:speed>
        </extensions>
      </trkpt>
      <trkpt lat="43.2758588" lon="27.8323152">
        <ele>369.5</ele>
        <time>2026-06-01T18:25:36Z</time>
        <hdop>3.3</hdop>
        <extensions>
          <osmand:speed>2.4</osmand:speed>
        </extensions>
      </trkpt>
      <trkpt lat="43.2757545" lon="27.8322853">
        <ele>370.4</ele>
        <time>2026-06-01T18:25:41Z</time>
        <hdop>3.6</hdop>
        <extensions>
          <osmand:speed>1.8</osmand:speed>
        </extensions>
      </trkpt>
      <trkpt lat="43.2757103" lon="27.8322911">
        <ele>372.4</ele>
        <time>2026-06-01T18:25:46Z</time>
        <hdop>3.7</hdop>
        <extensions>
          <osmand:speed>1.5</osmand:speed>
        </extensions>
      </trkpt>
      <trkpt lat="43.2756253" lon="27.8322442">
        <ele>369.6</ele>
        <time>2026-06-01T18:25:51Z</time>
        <hdop>3.9</hdop>
        <extensions>
          <osmand:speed>2.1</osmand:speed>
        </extensions>
      </trkpt>
      <trkpt lat="43.2755376" lon="27.8322635">
        <ele>371.2</ele>
        <time>2026-06-01T18:25:57Z</time>
        <hdop>4.4</hdop>
        <extensions>
          <osmand:speed>2.1</osmand:speed>
        </extensions>
      </trkpt>
      <trkpt lat="43.2754731" lon="27.8322702">
        <ele>372</ele>
        <time>2026-06-01T18:26:02Z</time>
        <hdop>4.5</hdop>
        <extensions>
          <osmand:speed>1.4</osmand:speed>
        </extensions>
      </trkpt>
      <trkpt lat="43.2754663" lon="27.8322489">
        <ele>370.5</ele>
        <time>2026-06-01T18:26:07Z</time>
        <hdop>4.3</hdop>
        <extensions>
          <osmand:speed>0.3</osmand:speed>
        </extensions>
      </trkpt>
      <trkpt lat="43.2754632" lon="27.8322569">
        <ele>369.9</ele>
        <time>2026-06-01T18:26:12Z</time>
        <hdop>3.6</hdop>
        <extensions>
          <osmand:speed>0.2</osmand:speed>
        </extensions>
      </trkpt>
      <trkpt lat="43.2754577" lon="27.8322542">
        <ele>370.5</ele>
        <time>2026-06-01T18:26:17Z</time>
        <hdop>3.6</hdop>
        <extensions>
          <osmand:speed>0.1</osmand:speed>
        </extensions>
      </trkpt>
      <trkpt lat="43.2754213" lon="27.8322339">
        <ele>370.7</ele>
        <time>2026-06-01T18:26:22Z</time>
        <hdop>3.2</hdop>
        <extensions>
          <osmand:speed>0.3</osmand:speed>
        </extensions>
      </trkpt>
      <trkpt lat="43.2753137" lon="27.8322178">
        <ele>370.5</ele>
        <time>2026-06-01T18:26:28Z</time>
        <hdop>6.9</hdop>
      </trkpt>
      <trkpt lat="43.2752597" lon="27.8321799">
        <ele>367.9</ele>
        <time>2026-06-01T18:26:34Z</time>
        <hdop>10.6</hdop>
        <extensions>
          <osmand:speed>0.8</osmand:speed>
        </extensions>
      </trkpt>
      <trkpt lat="43.2752696" lon="27.8320519">
        <ele>367.5</ele>
        <time>2026-06-01T18:26:40Z</time>
        <hdop>11.4</hdop>
        <extensions>
          <osmand:speed>1.8</osmand:speed>
        </extensions>
      </trkpt>
      <trkpt lat="43.2752118" lon="27.8318698">
        <ele>366.6</ele>
        <time>2026-06-01T18:26:46Z</time>
        <hdop>11.5</hdop>
        <extensions>
          <osmand:speed>2.2</osmand:speed>
        </extensions>
      </trkpt>
      <trkpt lat="43.2751424" lon="27.8317344">
        <ele>368</ele>
        <time>2026-06-01T18:26:52Z</time>
        <hdop>10.5</hdop>
        <extensions>
          <osmand:speed>2.3</osmand:speed>
        </extensions>
      </trkpt>
      <trkpt lat="43.275105" lon="27.8315237">
        <ele>371.5</ele>
        <time>2026-06-01T18:26:58Z</time>
        <hdop>10.7</hdop>
        <extensions>
          <osmand:speed>2.7</osmand:speed>
        </extensions>
      </trkpt>
      <trkpt lat="43.2750776" lon="27.8313598">
        <ele>365.8</ele>
        <time>2026-06-01T18:27:03Z</time>
        <hdop>7</hdop>
        <extensions>
          <osmand:speed>2.4</osmand:speed>
        </extensions>
      </trkpt>
      <trkpt lat="43.2750581" lon="27.831176">
        <ele>367.6</ele>
        <time>2026-06-01T18:27:09Z</time>
        <hdop>6.5</hdop>
        <extensions>
          <osmand:speed>2.4</osmand:speed>
        </extensions>
      </trkpt>
      <trkpt lat="43.2750233" lon="27.8310077">
        <ele>374</ele>
        <time>2026-06-01T18:27:14Z</time>
        <hdop>7</hdop>
        <extensions>
          <osmand:speed>2.4</osmand:speed>
        </extensions>
      </trkpt>
      <trkpt lat="43.2750025" lon="27.8308725">
        <ele>373.9</ele>
        <time>2026-06-01T18:27:19Z</time>
        <hdop>7.2</hdop>
        <extensions>
          <osmand:speed>2</osmand:speed>
        </extensions>
      </trkpt>
      <trkpt lat="43.2750086" lon="27.8308131">
        <ele>367.4</ele>
        <time>2026-06-01T18:27:24Z</time>
        <hdop>6.1</hdop>
        <extensions>
          <osmand:speed>0.8</osmand:speed>
        </extensions>
      </trkpt>
      <trkpt lat="43.2749793" lon="27.8308294">
        <ele>366.1</ele>
        <time>2026-06-01T18:27:29Z</time>
        <hdop>4.4</hdop>
        <extensions>
          <osmand:speed>1.8</osmand:speed>
        </extensions>
      </trkpt>
      <trkpt lat="43.2748625" lon="27.8308828">
        <ele>368.4</ele>
        <time>2026-06-01T18:27:35Z</time>
        <hdop>3.1</hdop>
        <extensions>
          <osmand:speed>2.4</osmand:speed>
        </extensions>
      </trkpt>
      <trkpt lat="43.2747374" lon="27.8309101">
        <ele>368</ele>
        <time>2026-06-01T18:27:40Z</time>
        <hdop>3.6</hdop>
        <extensions>
          <osmand:speed>2.3</osmand:speed>
        </extensions>
      </trkpt>
      <trkpt lat="43.2746542" lon="27.8309315">
        <ele>367.3</ele>
        <time>2026-06-01T18:27:45Z</time>
        <hdop>3.8</hdop>
        <extensions>
          <osmand:speed>1.8</osmand:speed>
        </extensions>
      </trkpt>
      <trkpt lat="43.2745832" lon="27.830925">
        <ele>370.3</ele>
        <time>2026-06-01T18:27:50Z</time>
        <hdop>4.3</hdop>
        <extensions>
          <osmand:speed>1.8</osmand:speed>
        </extensions>
      </trkpt>
      <trkpt lat="43.2745301" lon="27.8309087">
        <ele>368.7</ele>
        <time>2026-06-01T18:27:55Z</time>
        <hdop>3.7</hdop>
        <extensions>
          <osmand:speed>2</osmand:speed>
        </extensions>
      </trkpt>
      <trkpt lat="43.2744539" lon="27.830862">
        <ele>368.6</ele>
        <time>2026-06-01T18:28:01Z</time>
        <hdop>3.8</hdop>
        <extensions>
          <osmand:speed>1.6</osmand:speed>
        </extensions>
      </trkpt>
      <trkpt lat="43.274438" lon="27.8308264">
        <ele>369.5</ele>
        <time>2026-06-01T18:28:06Z</time>
        <hdop>3.1</hdop>
        <extensions>
          <osmand:speed>1.1</osmand:speed>
        </extensions>
      </trkpt>
      <trkpt lat="43.2743454" lon="27.8307975">
        <ele>369.2</ele>
        <time>2026-06-01T18:28:11Z</time>
        <hdop>3.8</hdop>
        <extensions>
          <osmand:speed>1.7</osmand:speed>
        </extensions>
      </trkpt>
      <trkpt lat="43.2742599" lon="27.8307546">
        <ele>369.8</ele>
        <time>2026-06-01T18:28:17Z</time>
        <hdop>3.8</hdop>
        <extensions>
          <osmand:speed>2</osmand:speed>
        </extensions>
      </trkpt>
      <trkpt lat="43.2741592" lon="27.8307767">
        <ele>366.8</ele>
        <time>2026-06-01T18:28:22Z</time>
        <hdop>3.8</hdop>
        <extensions>
          <osmand:speed>2.2</osmand:speed>
        </extensions>
      </trkpt>
      <trkpt lat="43.2740368" lon="27.8308298">
        <ele>364.7</ele>
        <time>2026-06-01T18:28:27Z</time>
        <hdop>3.8</hdop>
        <extensions>
          <osmand:speed>2.3</osmand:speed>
        </extensions>
      </trkpt>
      <trkpt lat="43.2739058" lon="27.8308937">
        <ele>364.6</ele>
        <time>2026-06-01T18:28:32Z</time>
        <hdop>3.7</hdop>
        <extensions>
          <osmand:speed>2.4</osmand:speed>
        </extensions>
      </trkpt>
      <trkpt lat="43.273763" lon="27.8309825">
        <ele>363.9</ele>
        <time>2026-06-01T18:28:38Z</time>
        <hdop>3.6</hdop>
        <extensions>
          <osmand:speed>2.5</osmand:speed>
        </extensions>
      </trkpt>
      <trkpt lat="43.2736813" lon="27.8310765">
        <ele>361.7</ele>
        <time>2026-06-01T18:28:43Z</time>
        <hdop>3.2</hdop>
        <extensions>
          <osmand:speed>1.7</osmand:speed>
        </extensions>
      </trkpt>
      <trkpt lat="43.2736238" lon="27.83113">
        <ele>361.2</ele>
        <time>2026-06-01T18:28:48Z</time>
        <hdop>3.1</hdop>
        <extensions>
          <osmand:speed>1.3</osmand:speed>
        </extensions>
      </trkpt>
      <trkpt lat="43.27357" lon="27.8312129">
        <ele>360</ele>
        <time>2026-06-01T18:28:53Z</time>
        <hdop>3</hdop>
        <extensions>
          <osmand:speed>1.9</osmand:speed>
        </extensions>
      </trkpt>
      <trkpt lat="43.2734476" lon="27.8313334">
        <ele>363.8</ele>
        <time>2026-06-01T18:28:58Z</time>
        <hdop>3.2</hdop>
        <extensions>
          <osmand:speed>2.6</osmand:speed>
        </extensions>
      </trkpt>
      <trkpt lat="43.2733196" lon="27.8313762">
        <ele>365.1</ele>
        <time>2026-06-01T18:29:04Z</time>
        <hdop>3.5</hdop>
        <extensions>
          <osmand:speed>2.5</osmand:speed>
        </extensions>
      </trkpt>
      <trkpt lat="43.2731989" lon="27.8313668">
        <ele>367.6</ele>
        <time>2026-06-01T18:29:10Z</time>
        <hdop>3.6</hdop>
        <extensions>
          <osmand:speed>2.3</osmand:speed>
        </extensions>
      </trkpt>
      <trkpt lat="43.2731315" lon="27.831424">
        <ele>367.1</ele>
        <time>2026-06-01T18:29:15Z</time>
        <hdop>3.6</hdop>
        <extensions>
          <osmand:speed>2</osmand:speed>
        </extensions>
      </trkpt>
      <trkpt lat="43.2730516" lon="27.8315206">
        <ele>368</ele>
        <time>2026-06-01T18:29:20Z</time>
        <hdop>3.8</hdop>
        <extensions>
          <osmand:speed>2.2</osmand:speed>
        </extensions>
      </trkpt>
      <trkpt lat="43.2729323" lon="27.8316001">
        <ele>366.6</ele>
        <time>2026-06-01T18:29:25Z</time>
        <hdop>3.8</hdop>
        <extensions>
          <osmand:speed>2.5</osmand:speed>
        </extensions>
      </trkpt>
      <trkpt lat="43.2728352" lon="27.8317075">
        <ele>367.5</ele>
        <time>2026-06-01T18:29:30Z</time>
        <hdop>3.8</hdop>
        <extensions>
          <osmand:speed>2.2</osmand:speed>
        </extensions>
      </trkpt>
      <trkpt lat="43.2727357" lon="27.8317957">
        <ele>365.8</ele>
        <time>2026-06-01T18:29:35Z</time>
        <hdop>3.7</hdop>
        <extensions>
          <osmand:speed>2.3</osmand:speed>
        </extensions>
      </trkpt>
      <trkpt lat="43.2726257" lon="27.8319375">
        <ele>363.1</ele>
        <time>2026-06-01T18:29:41Z</time>
        <hdop>3.9</hdop>
        <extensions>
          <osmand:speed>2.5</osmand:speed>
        </extensions>
      </trkpt>
      <trkpt lat="43.2725219" lon="27.8320479">
        <ele>362.4</ele>
        <time>2026-06-01T18:29:46Z</time>
        <hdop>3.8</hdop>
        <extensions>
          <osmand:speed>2.3</osmand:speed>
        </extensions>
      </trkpt>
      <trkpt lat="43.2724891" lon="27.8320787">
        <ele>361.8</ele>
        <time>2026-06-01T18:29:51Z</time>
        <hdop>3.2</hdop>
        <extensions>
          <osmand:speed>1</osmand:speed>
        </extensions>
      </trkpt>
      <trkpt lat="43.2724199" lon="27.8322124">
        <ele>361.9</ele>
        <time>2026-06-01T18:29:56Z</time>
        <hdop>3.5</hdop>
        <extensions>
          <osmand:speed>2.1</osmand:speed>
        </extensions>
      </trkpt>
      <trkpt lat="43.2723458" lon="27.8323153">
        <ele>363.2</ele>
        <time>2026-06-01T18:30:01Z</time>
        <hdop>3.6</hdop>
        <extensions>
          <osmand:speed>2.1</osmand:speed>
        </extensions>
      </trkpt>
      <trkpt lat="43.2722605" lon="27.8324018">
        <ele>365.4</ele>
        <time>2026-06-01T18:30:06Z</time>
        <hdop>3.5</hdop>
        <extensions>
          <osmand:speed>2.3</osmand:speed>
        </extensions>
      </trkpt>
      <trkpt lat="43.2721486" lon="27.8324764">
        <ele>365.8</ele>
        <time>2026-06-01T18:30:12Z</time>
        <hdop>3.7</hdop>
        <extensions>
          <osmand:speed>2.5</osmand:speed>
        </extensions>
      </trkpt>
      <trkpt lat="43.2720252" lon="27.8325594">
        <ele>367.3</ele>
        <time>2026-06-01T18:30:17Z</time>
        <hdop>3.8</hdop>
        <extensions>
          <osmand:speed>2.4</osmand:speed>
        </extensions>
      </trkpt>
      <trkpt lat="43.2718858" lon="27.8326657">
        <ele>366.6</ele>
        <time>2026-06-01T18:30:22Z</time>
        <hdop>3.7</hdop>
        <extensions>
          <osmand:speed>2.7</osmand:speed>
        </extensions>
      </trkpt>
      <trkpt lat="43.2717539" lon="27.832753">
        <ele>364.7</ele>
        <time>2026-06-01T18:30:27Z</time>
        <hdop>3.5</hdop>
        <extensions>
          <osmand:speed>2.4</osmand:speed>
        </extensions>
      </trkpt>
      <trkpt lat="43.2716332" lon="27.8327662">
        <ele>362.3</ele>
        <time>2026-06-01T18:30:32Z</time>
        <hdop>3.6</hdop>
        <extensions>
          <osmand:speed>2.4</osmand:speed>
        </extensions>
      </trkpt>
      <trkpt lat="43.2715029" lon="27.8327717">
        <ele>363.5</ele>
        <time>2026-06-01T18:30:37Z</time>
        <hdop>3.8</hdop>
        <extensions>
          <osmand:speed>2.4</osmand:speed>
        </extensions>
      </trkpt>
      <trkpt lat="43.2713526" lon="27.8327742">
        <ele>364.1</ele>
        <time>2026-06-01T18:30:42Z</time>
        <hdop>3.8</hdop>
        <extensions>
          <osmand:speed>2.5</osmand:speed>
        </extensions>
      </trkpt>
      <trkpt lat="43.2712109" lon="27.8328264">
        <ele>363.2</ele>
        <time>2026-06-01T18:30:47Z</time>
        <hdop>3.4</hdop>
        <extensions>
          <osmand:speed>2.4</osmand:speed>
        </extensions>
      </trkpt>
      <trkpt lat="43.2710903" lon="27.8328243">
        <ele>365.5</ele>
        <time>2026-06-01T18:30:53Z</time>
        <hdop>3.1</hdop>
        <extensions>
          <osmand:speed>2.4</osmand:speed>
        </extensions>
      </trkpt>
      <trkpt lat="43.2709738" lon="27.8328091">
        <ele>361.8</ele>
        <time>2026-06-01T18:30:58Z</time>
        <hdop>3.4</hdop>
        <extensions>
          <osmand:speed>2.2</osmand:speed>
        </extensions>
      </trkpt>
      <trkpt lat="43.2708817" lon="27.8327854">
        <ele>361.3</ele>
        <time>2026-06-01T18:31:03Z</time>
        <hdop>3.7</hdop>
        <extensions>
          <osmand:speed>2.2</osmand:speed>
        </extensions>
      </trkpt>
      <trkpt lat="43.2707782" lon="27.8327569">
        <ele>362.9</ele>
        <time>2026-06-01T18:31:08Z</time>
        <hdop>3.7</hdop>
        <extensions>
          <osmand:speed>2.1</osmand:speed>
        </extensions>
      </trkpt>
      <trkpt lat="43.2706722" lon="27.8327204">
        <ele>362.7</ele>
        <time>2026-06-01T18:31:13Z</time>
        <hdop>3.6</hdop>
        <extensions>
          <osmand:speed>2.2</osmand:speed>
        </extensions>
      </trkpt>
      <trkpt lat="43.2705375" lon="27.8326698">
        <ele>360.2</ele>
        <time>2026-06-01T18:31:19Z</time>
        <hdop>3.6</hdop>
        <extensions>
          <osmand:speed>2.6</osmand:speed>
        </extensions>
      </trkpt>
      <trkpt lat="43.2703691" lon="27.83269">
        <ele>356.5</ele>
        <time>2026-06-01T18:31:24Z</time>
        <hdop>3.6</hdop>
        <extensions>
          <osmand:speed>2.5</osmand:speed>
        </extensions>
      </trkpt>
      <trkpt lat="43.2701977" lon="27.8327143">
        <ele>355.2</ele>
        <time>2026-06-01T18:31:29Z</time>
        <hdop>3.8</hdop>
        <extensions>
          <osmand:speed>2.7</osmand:speed>
        </extensions>
      </trkpt>
      <trkpt lat="43.2700511" lon="27.8327224">
        <ele>358.7</ele>
        <time>2026-06-01T18:31:34Z</time>
        <hdop>4</hdop>
        <extensions>
          <osmand:speed>2.4</osmand:speed>
        </extensions>
      </trkpt>
      <trkpt lat="43.2699472" lon="27.832724">
        <ele>359.6</ele>
        <time>2026-06-01T18:31:39Z</time>
        <hdop>4</hdop>
        <extensions>
          <osmand:speed>2.3</osmand:speed>
        </extensions>
      </trkpt>
      <trkpt lat="43.269864" lon="27.8327353">
        <ele>359.9</ele>
        <time>2026-06-01T18:31:44Z</time>
        <hdop>4.2</hdop>
        <extensions>
          <osmand:speed>2.2</osmand:speed>
        </extensions>
      </trkpt>
      <trkpt lat="43.2697811" lon="27.8327499">
        <ele>361</ele>
        <time>2026-06-01T18:31:49Z</time>
        <hdop>3.3</hdop>
        <extensions>
          <osmand:speed>1.6</osmand:speed>
        </extensions>
      </trkpt>
      <trkpt lat="43.2696987" lon="27.8327811">
        <ele>358.2</ele>
        <time>2026-06-01T18:31:55Z</time>
        <hdop>3.2</hdop>
        <extensions>
          <osmand:speed>1.6</osmand:speed>
        </extensions>
      </trkpt>
      <trkpt lat="43.2695513" lon="27.8328369">
        <ele>354.4</ele>
        <time>2026-06-01T18:32:00Z</time>
        <hdop>3.4</hdop>
        <extensions>
          <osmand:speed>2.6</osmand:speed>
        </extensions>
      </trkpt>
      <trkpt lat="43.2693629" lon="27.8329584">
        <ele>352.1</ele>
        <time>2026-06-01T18:32:05Z</time>
        <hdop>3.1</hdop>
        <extensions>
          <osmand:speed>3.1</osmand:speed>
        </extensions>
      </trkpt>
      <trkpt lat="43.2692021" lon="27.8330602">
        <ele>351.7</ele>
        <time>2026-06-01T18:32:10Z</time>
        <hdop>3.4</hdop>
        <extensions>
          <osmand:speed>3.1</osmand:speed>
        </extensions>
      </trkpt>
      <trkpt lat="43.2690442" lon="27.8331484">
        <ele>350.6</ele>
        <time>2026-06-01T18:32:15Z</time>
        <hdop>3.5</hdop>
        <extensions>
          <osmand:speed>3.1</osmand:speed>
        </extensions>
      </trkpt>
      <trkpt lat="43.2688753" lon="27.8332183">
        <ele>348.8</ele>
        <time>2026-06-01T18:32:20Z</time>
        <hdop>3.7</hdop>
        <extensions>
          <osmand:speed>3.2</osmand:speed>
        </extensions>
      </trkpt>
      <trkpt lat="43.2687087" lon="27.8332579">
        <ele>350.8</ele>
        <time>2026-06-01T18:32:26Z</time>
        <hdop>3.6</hdop>
        <extensions>
          <osmand:speed>3.1</osmand:speed>
        </extensions>
      </trkpt>
      <trkpt lat="43.2685397" lon="27.8332943">
        <ele>350.6</ele>
        <time>2026-06-01T18:32:31Z</time>
        <hdop>3.5</hdop>
        <extensions>
          <osmand:speed>3.2</osmand:speed>
        </extensions>
      </trkpt>
      <trkpt lat="43.2683872" lon="27.8333696">
        <ele>349.3</ele>
        <time>2026-06-01T18:32:36Z</time>
        <hdop>3.5</hdop>
        <extensions>
          <osmand:speed>3.2</osmand:speed>
        </extensions>
      </trkpt>
      <trkpt lat="43.2682323" lon="27.8334583">
        <ele>347.8</ele>
        <time>2026-06-01T18:32:41Z</time>
        <hdop>3.5</hdop>
        <extensions>
          <osmand:speed>3.2</osmand:speed>
        </extensions>
      </trkpt>
      <trkpt lat="43.2680678" lon="27.8335682">
        <ele>346.1</ele>
        <time>2026-06-01T18:32:46Z</time>
        <hdop>3.6</hdop>
        <extensions>
          <osmand:speed>3.2</osmand:speed>
        </extensions>
      </trkpt>
      <trkpt lat="43.2679045" lon="27.8336234">
        <ele>344.7</ele>
        <time>2026-06-01T18:32:52Z</time>
        <hdop>3.4</hdop>
        <extensions>
          <osmand:speed>3.2</osmand:speed>
        </extensions>
      </trkpt>
      <trkpt lat="43.2677452" lon="27.8336274">
        <ele>345.8</ele>
        <time>2026-06-01T18:32:57Z</time>
        <hdop>3.6</hdop>
        <extensions>
          <osmand:speed>3.3</osmand:speed>
        </extensions>
      </trkpt>
      <trkpt lat="43.2675943" lon="27.8336531">
        <ele>345</ele>
        <time>2026-06-01T18:33:02Z</time>
        <hdop>3.5</hdop>
        <extensions>
          <osmand:speed>3.3</osmand:speed>
        </extensions>
      </trkpt>
      <trkpt lat="43.2675186" lon="27.8336104">
        <ele>346.9</ele>
        <time>2026-06-01T18:33:07Z</time>
        <hdop>3.3</hdop>
        <extensions>
          <osmand:speed>2.4</osmand:speed>
        </extensions>
      </trkpt>
      <trkpt lat="43.2674616" lon="27.8336013">
        <ele>347.1</ele>
        <time>2026-06-01T18:33:13Z</time>
        <hdop>3</hdop>
        <extensions>
          <osmand:speed>1.3</osmand:speed>
        </extensions>
      </trkpt>
      <trkpt lat="43.2673458" lon="27.8336812">
        <ele>348.8</ele>
        <time>2026-06-01T18:33:18Z</time>
        <hdop>3.2</hdop>
        <extensions>
          <osmand:speed>2.3</osmand:speed>
        </extensions>
      </trkpt>
      <trkpt lat="43.2672181" lon="27.8337164">
        <ele>352.4</ele>
        <time>2026-06-01T18:33:24Z</time>
        <hdop>4.6</hdop>
        <extensions>
          <osmand:speed>2.4</osmand:speed>
        </extensions>
      </trkpt>
      <trkpt lat="43.2671034" lon="27.8337112">
        <ele>353.5</ele>
        <time>2026-06-01T18:33:29Z</time>
        <hdop>4.5</hdop>
        <extensions>
          <osmand:speed>2.4</osmand:speed>
        </extensions>
      </trkpt>
      <trkpt lat="43.266987" lon="27.8337154">
        <ele>354.6</ele>
        <time>2026-06-01T18:33:34Z</time>
        <hdop>4.6</hdop>
        <extensions>
          <osmand:speed>2.4</osmand:speed>
        </extensions>
      </trkpt>
      <trkpt lat="43.2668858" lon="27.8337535">
        <ele>352.6</ele>
        <time>2026-06-01T18:33:39Z</time>
        <hdop>4.4</hdop>
        <extensions>
          <osmand:speed>2.3</osmand:speed>
        </extensions>
      </trkpt>
      <trkpt lat="43.2667973" lon="27.833764">
        <ele>354.6</ele>
        <time>2026-06-01T18:33:44Z</time>
        <hdop>4.3</hdop>
        <extensions>
          <osmand:speed>2.1</osmand:speed>
        </extensions>
      </trkpt>
      <trkpt lat="43.2666969" lon="27.8337585">
        <ele>354.5</ele>
        <time>2026-06-01T18:33:50Z</time>
        <hdop>4.5</hdop>
        <extensions>
          <osmand:speed>2.3</osmand:speed>
        </extensions>
      </trkpt>
      <trkpt lat="43.2665613" lon="27.833775">
        <ele>355.9</ele>
        <time>2026-06-01T18:33:55Z</time>
        <hdop>4.4</hdop>
        <extensions>
          <osmand:speed>2.2</osmand:speed>
        </extensions>
      </trkpt>
      <trkpt lat="43.2664131" lon="27.8337963">
        <ele>356.3</ele>
        <time>2026-06-01T18:34:00Z</time>
        <hdop>3.9</hdop>
        <extensions>
          <osmand:speed>2.4</osmand:speed>
        </extensions>
      </trkpt>
      <trkpt lat="43.2662656" lon="27.8338479">
        <ele>356.8</ele>
        <time>2026-06-01T18:34:05Z</time>
        <hdop>3.8</hdop>
        <extensions>
          <osmand:speed>2.3</osmand:speed>
        </extensions>
      </trkpt>
      <trkpt lat="43.2661473" lon="27.8338646">
        <ele>359</ele>
        <time>2026-06-01T18:34:10Z</time>
        <hdop>4.8</hdop>
        <extensions>
          <osmand:speed>2.3</osmand:speed>
        </extensions>
      </trkpt>
      <trkpt lat="43.2660232" lon="27.8339265">
        <ele>360.1</ele>
        <time>2026-06-01T18:34:15Z</time>
        <hdop>6.3</hdop>
        <extensions>
          <osmand:speed>2.3</osmand:speed>
        </extensions>
      </trkpt>
      <trkpt lat="43.2659074" lon="27.8340043">
        <ele>363</ele>
        <time>2026-06-01T18:34:20Z</time>
        <hdop>6.6</hdop>
        <extensions>
          <osmand:speed>2.4</osmand:speed>
        </extensions>
      </trkpt>
      <trkpt lat="43.2657728" lon="27.8340933">
        <ele>364.4</ele>
        <time>2026-06-01T18:34:26Z</time>
        <hdop>6.7</hdop>
        <extensions>
          <osmand:speed>2.4</osmand:speed>
        </extensions>
      </trkpt>
      <trkpt lat="43.2656489" lon="27.8341848">
        <ele>364.5</ele>
        <time>2026-06-01T18:34:31Z</time>
        <hdop>6.4</hdop>
        <extensions>
          <osmand:speed>2.4</osmand:speed>
        </extensions>
      </trkpt>
      <trkpt lat="43.2655163" lon="27.834253">
        <ele>360.8</ele>
        <time>2026-06-01T18:34:36Z</time>
        <hdop>6.1</hdop>
        <extensions>
          <osmand:speed>2.4</osmand:speed>
        </extensions>
      </trkpt>
      <trkpt lat="43.2653936" lon="27.8343268">
        <ele>359.9</ele>
        <time>2026-06-01T18:34:41Z</time>
        <hdop>6.3</hdop>
        <extensions>
          <osmand:speed>2.4</osmand:speed>
        </extensions>
      </trkpt>
      <trkpt lat="43.2652792" lon="27.8344028">
        <ele>356.5</ele>
        <time>2026-06-01T18:34:46Z</time>
        <hdop>6.4</hdop>
        <extensions>
          <osmand:speed>2.4</osmand:speed>
        </extensions>
      </trkpt>
      <trkpt lat="43.2651662" lon="27.8344982">
        <ele>356.8</ele>
        <time>2026-06-01T18:34:51Z</time>
        <hdop>6.3</hdop>
        <extensions>
          <osmand:speed>2.3</osmand:speed>
        </extensions>
      </trkpt>
      <trkpt lat="43.2650566" lon="27.8346074">
        <ele>354.4</ele>
        <time>2026-06-01T18:34:56Z</time>
        <hdop>6.3</hdop>
        <extensions>
          <osmand:speed>2.3</osmand:speed>
        </extensions>
      </trkpt>
      <trkpt lat="43.2649398" lon="27.8346754">
        <ele>356.1</ele>
        <time>2026-06-01T18:35:02Z</time>
        <hdop>6.4</hdop>
        <extensions>
          <osmand:speed>2.4</osmand:speed>
        </extensions>
      </trkpt>
      <trkpt lat="43.2648422" lon="27.8347461">
        <ele>355.4</ele>
        <time>2026-06-01T18:35:07Z</time>
        <hdop>6.1</hdop>
        <extensions>
          <osmand:speed>2.3</osmand:speed>
        </extensions>
      </trkpt>
      <trkpt lat="43.2647516" lon="27.8348256">
        <ele>355.5</ele>
        <time>2026-06-01T18:35:12Z</time>
        <hdop>6.3</hdop>
        <extensions>
          <osmand:speed>2.3</osmand:speed>
        </extensions>
      </trkpt>
      <trkpt lat="43.2646485" lon="27.8348972">
        <ele>359.5</ele>
        <time>2026-06-01T18:35:17Z</time>
        <hdop>6.6</hdop>
        <extensions>
          <osmand:speed>2.4</osmand:speed>
        </extensions>
      </trkpt>
      <trkpt lat="43.2645341" lon="27.8349676">
        <ele>359.9</ele>
        <time>2026-06-01T18:35:22Z</time>
        <hdop>6.4</hdop>
        <extensions>
          <osmand:speed>2.4</osmand:speed>
        </extensions>
      </trkpt>
      <trkpt lat="43.2644243" lon="27.8350688">
        <ele>359.7</ele>
        <time>2026-06-01T18:35:27Z</time>
        <hdop>6.5</hdop>
        <extensions>
          <osmand:speed>2.4</osmand:speed>
        </extensions>
      </trkpt>
      <trkpt lat="43.26434" lon="27.8351818">
        <ele>360.9</ele>
        <time>2026-06-01T18:35:32Z</time>
        <hdop>6.8</hdop>
        <extensions>
          <osmand:speed>2.3</osmand:speed>
        </extensions>
      </trkpt>
      <trkpt lat="43.2642668" lon="27.8353116">
        <ele>360.6</ele>
        <time>2026-06-01T18:35:37Z</time>
        <hdop>6.9</hdop>
        <extensions>
          <osmand:speed>2.3</osmand:speed>
        </extensions>
      </trkpt>
      <trkpt lat="43.2641827" lon="27.8354262">
        <ele>362.5</ele>
        <time>2026-06-01T18:35:43Z</time>
        <hdop>7</hdop>
        <extensions>
          <osmand:speed>2.3</osmand:speed>
        </extensions>
      </trkpt>
      <trkpt lat="43.2641154" lon="27.8355762">
        <ele>361.2</ele>
        <time>2026-06-01T18:35:48Z</time>
        <hdop>7</hdop>
        <extensions>
          <osmand:speed>2.3</osmand:speed>
        </extensions>
      </trkpt>
      <trkpt lat="43.2640494" lon="27.835673">
        <ele>355.7</ele>
        <time>2026-06-01T18:35:53Z</time>
        <hdop>6.4</hdop>
        <extensions>
          <osmand:speed>2.2</osmand:speed>
        </extensions>
      </trkpt>
      <trkpt lat="43.2639326" lon="27.8357363">
        <ele>349.3</ele>
        <time>2026-06-01T18:35:58Z</time>
        <hdop>5.8</hdop>
        <extensions>
          <osmand:speed>2.3</osmand:speed>
        </extensions>
      </trkpt>
      <trkpt lat="43.2638338" lon="27.8357807">
        <ele>348.1</ele>
        <time>2026-06-01T18:36:03Z</time>
        <hdop>5.8</hdop>
        <extensions>
          <osmand:speed>2.3</osmand:speed>
        </extensions>
      </trkpt>
      <trkpt lat="43.2637368" lon="27.8358061">
        <ele>346.9</ele>
        <time>2026-06-01T18:36:08Z</time>
        <hdop>6.4</hdop>
        <extensions>
          <osmand:speed>2.1</osmand:speed>
        </extensions>
      </trkpt>
      <trkpt lat="43.2636423" lon="27.8358373">
        <ele>348.3</ele>
        <time>2026-06-01T18:36:14Z</time>
        <hdop>6.5</hdop>
        <extensions>
          <osmand:speed>2</osmand:speed>
        </extensions>
      </trkpt>
      <trkpt lat="43.2635294" lon="27.8358644">
        <ele>348.2</ele>
        <time>2026-06-01T18:36:19Z</time>
        <hdop>6.5</hdop>
        <extensions>
          <osmand:speed>2.3</osmand:speed>
        </extensions>
      </trkpt>
      <trkpt lat="43.2634432" lon="27.8358252">
        <ele>350</ele>
        <time>2026-06-01T18:36:24Z</time>
        <hdop>6.5</hdop>
        <extensions>
          <osmand:speed>2.2</osmand:speed>
        </extensions>
      </trkpt>
      <trkpt lat="43.2633495" lon="27.8358006">
        <ele>351</ele>
        <time>2026-06-01T18:36:29Z</time>
        <hdop>7</hdop>
        <extensions>
          <osmand:speed>2.2</osmand:speed>
        </extensions>
      </trkpt>
      <trkpt lat="43.2633073" lon="27.8357814">
        <ele>349.1</ele>
        <time>2026-06-01T18:36:35Z</time>
        <hdop>7.8</hdop>
        <extensions>
          <osmand:speed>1.6</osmand:speed>
        </extensions>
      </trkpt>
      <trkpt lat="43.2632488" lon="27.8357488">
        <ele>350</ele>
        <time>2026-06-01T18:36:40Z</time>
        <hdop>6</hdop>
        <extensions>
          <osmand:speed>1.8</osmand:speed>
        </extensions>
      </trkpt>
      <trkpt lat="43.2631842" lon="27.8357211">
        <ele>348.1</ele>
        <time>2026-06-01T18:36:45Z</time>
        <hdop>5.5</hdop>
        <extensions>
          <osmand:speed>2</osmand:speed>
        </extensions>
      </trkpt>
      <trkpt lat="43.263132" lon="27.8356621">
        <ele>341.6</ele>
        <time>2026-06-01T18:36:50Z</time>
        <hdop>5.3</hdop>
        <extensions>
          <osmand:speed>2.1</osmand:speed>
        </extensions>
      </trkpt>
      <trkpt lat="43.2630588" lon="27.8355953">
        <ele>339.6</ele>
        <time>2026-06-01T18:36:55Z</time>
        <hdop>5.2</hdop>
        <extensions>
          <osmand:speed>2.2</osmand:speed>
        </extensions>
      </trkpt>
      <trkpt lat="43.2629758" lon="27.8356113">
        <ele>333.6</ele>
        <time>2026-06-01T18:37:00Z</time>
        <hdop>5.6</hdop>
        <extensions>
          <osmand:speed>2.2</osmand:speed>
        </extensions>
      </trkpt>
      <trkpt lat="43.2629796" lon="27.8357294">
        <ele>331.3</ele>
        <time>2026-06-01T18:37:05Z</time>
        <hdop>6.2</hdop>
        <extensions>
          <osmand:speed>2.3</osmand:speed>
        </extensions>
      </trkpt>
      <trkpt lat="43.2629756" lon="27.8358505">
        <ele>326</ele>
        <time>2026-06-01T18:37:11Z</time>
        <hdop>6.8</hdop>
        <extensions>
          <osmand:speed>2.2</osmand:speed>
        </extensions>
      </trkpt>
      <trkpt lat="43.2630044" lon="27.8359771">
        <ele>328.8</ele>
        <time>2026-06-01T18:37:16Z</time>
        <hdop>6.2</hdop>
        <extensions>
          <osmand:speed>2.1</osmand:speed>
        </extensions>
      </trkpt>
      <trkpt lat="43.2631063" lon="27.8360579">
        <ele>326.6</ele>
        <time>2026-06-01T18:37:21Z</time>
        <hdop>7.9</hdop>
        <extensions>
          <osmand:speed>2.1</osmand:speed>
        </extensions>
      </trkpt>
      <trkpt lat="43.2632146" lon="27.8361195">
        <ele>327.1</ele>
        <time>2026-06-01T18:37:26Z</time>
        <hdop>7.2</hdop>
        <extensions>
          <osmand:speed>2.1</osmand:speed>
        </extensions>
      </trkpt>
      <trkpt lat="43.2632727" lon="27.8361724">
        <ele>326</ele>
        <time>2026-06-01T18:37:31Z</time>
        <hdop>6.3</hdop>
        <extensions>
          <osmand:speed>1.5</osmand:speed>
        </extensions>
      </trkpt>
      <trkpt lat="43.2633107" lon="27.8362154">
        <ele>325.5</ele>
        <time>2026-06-01T18:37:36Z</time>
        <hdop>6</hdop>
        <extensions>
          <osmand:speed>1</osmand:speed>
        </extensions>
      </trkpt>
      <trkpt lat="43.2633361" lon="27.8362713">
        <ele>323</ele>
        <time>2026-06-01T18:37:42Z</time>
        <hdop>5.4</hdop>
        <extensions>
          <osmand:speed>1.2</osmand:speed>
        </extensions>
      </trkpt>
      <trkpt lat="43.263398" lon="27.8363602">
        <ele>324.6</ele>
        <time>2026-06-01T18:37:47Z</time>
        <hdop>5.7</hdop>
        <extensions>
          <osmand:speed>1.8</osmand:speed>
        </extensions>
      </trkpt>
      <trkpt lat="43.263448" lon="27.8364407">
        <ele>324.2</ele>
        <time>2026-06-01T18:37:52Z</time>
        <hdop>5.8</hdop>
        <extensions>
          <osmand:speed>1.4</osmand:speed>
        </extensions>
      </trkpt>
      <trkpt lat="43.2634691" lon="27.8365543">
        <ele>324.9</ele>
        <time>2026-06-01T18:37:57Z</time>
        <hdop>5.6</hdop>
        <extensions>
          <osmand:speed>1.8</osmand:speed>
        </extensions>
      </trkpt>
      <trkpt lat="43.2634821" lon="27.8366612">
        <ele>325.9</ele>
        <time>2026-06-01T18:38:02Z</time>
        <hdop>6.1</hdop>
        <extensions>
          <osmand:speed>1.5</osmand:speed>
        </extensions>
      </trkpt>
      <trkpt lat="43.2634829" lon="27.8367709">
        <ele>321.5</ele>
        <time>2026-06-01T18:38:08Z</time>
        <hdop>6.5</hdop>
        <extensions>
          <osmand:speed>2</osmand:speed>
        </extensions>
      </trkpt>
      <trkpt lat="43.2635235" lon="27.8368836">
        <ele>319.3</ele>
        <time>2026-06-01T18:38:13Z</time>
        <hdop>6.5</hdop>
        <extensions>
          <osmand:speed>1.8</osmand:speed>
        </extensions>
      </trkpt>
      <trkpt lat="43.2635283" lon="27.8370203">
        <ele>317.7</ele>
        <time>2026-06-01T18:38:18Z</time>
        <hdop>6.6</hdop>
        <extensions>
          <osmand:speed>2.2</osmand:speed>
        </extensions>
      </trkpt>
      <trkpt lat="43.2635485" lon="27.8371028">
        <ele>317.5</ele>
        <time>2026-06-01T18:38:23Z</time>
        <hdop>6.3</hdop>
        <extensions>
          <osmand:speed>1.6</osmand:speed>
        </extensions>
      </trkpt>
      <trkpt lat="43.2635478" lon="27.8371617">
        <ele>319.4</ele>
        <time>2026-06-01T18:38:29Z</time>
        <hdop>5.8</hdop>
        <extensions>
          <osmand:speed>1.2</osmand:speed>
        </extensions>
      </trkpt>
      <trkpt lat="43.2635234" lon="27.8371573">
        <ele>315.8</ele>
        <time>2026-06-01T18:38:34Z</time>
        <hdop>5.3</hdop>
        <extensions>
          <osmand:speed>0.3</osmand:speed>
        </extensions>
      </trkpt>
      <trkpt lat="43.263482" lon="27.837281">
        <ele>314.6</ele>
        <time>2026-06-01T18:38:39Z</time>
        <hdop>7.6</hdop>
        <extensions>
          <osmand:speed>1.4</osmand:speed>
        </extensions>
      </trkpt>
      <trkpt lat="43.2634943" lon="27.8373649">
        <ele>313</ele>
        <time>2026-06-01T18:38:44Z</time>
        <hdop>6.8</hdop>
        <extensions>
          <osmand:speed>1.6</osmand:speed>
        </extensions>
      </trkpt>
      <trkpt lat="43.2635515" lon="27.8374364">
        <ele>312.9</ele>
        <time>2026-06-01T18:38:49Z</time>
        <hdop>6</hdop>
        <extensions>
          <osmand:speed>1.9</osmand:speed>
        </extensions>
      </trkpt>
      <trkpt lat="43.2636175" lon="27.837504">
        <ele>314.7</ele>
        <time>2026-06-01T18:38:54Z</time>
        <hdop>6</hdop>
        <extensions>
          <osmand:speed>1.8</osmand:speed>
        </extensions>
      </trkpt>
      <trkpt lat="43.2636343" lon="27.8375646">
        <ele>316.5</ele>
        <time>2026-06-01T18:38:59Z</time>
        <hdop>6.4</hdop>
        <extensions>
          <osmand:speed>1.4</osmand:speed>
        </extensions>
      </trkpt>
      <trkpt lat="43.2636156" lon="27.8376447">
        <ele>317.5</ele>
        <time>2026-06-01T18:39:04Z</time>
        <hdop>6.2</hdop>
        <extensions>
          <osmand:speed>1.3</osmand:speed>
        </extensions>
      </trkpt>
      <trkpt lat="43.263574" lon="27.8376989">
        <ele>316.9</ele>
        <time>2026-06-01T18:39:09Z</time>
        <hdop>5.6</hdop>
        <extensions>
          <osmand:speed>1.2</osmand:speed>
        </extensions>
      </trkpt>
      <trkpt lat="43.2635606" lon="27.837825">
        <ele>315.1</ele>
        <time>2026-06-01T18:39:14Z</time>
        <hdop>5.5</hdop>
        <extensions>
          <osmand:speed>1.8</osmand:speed>
        </extensions>
      </trkpt>
      <trkpt lat="43.2636175" lon="27.8379593">
        <ele>310.1</ele>
        <time>2026-06-01T18:39:20Z</time>
        <hdop>5.6</hdop>
        <extensions>
          <osmand:speed>1.9</osmand:speed>
        </extensions>
      </trkpt>
      <trkpt lat="43.2635615" lon="27.8380525">
        <ele>308.4</ele>
        <time>2026-06-01T18:39:25Z</time>
        <hdop>5.7</hdop>
        <extensions>
          <osmand:speed>2.1</osmand:speed>
        </extensions>
      </trkpt>
      <trkpt lat="43.2635488" lon="27.8381804">
        <ele>304.2</ele>
        <time>2026-06-01T18:39:30Z</time>
        <hdop>6.4</hdop>
        <extensions>
          <osmand:speed>2.1</osmand:speed>
        </extensions>
      </trkpt>
      <trkpt lat="43.2634841" lon="27.8382299">
        <ele>303.9</ele>
        <time>2026-06-01T18:39:35Z</time>
        <hdop>6</hdop>
        <extensions>
          <osmand:speed>2.1</osmand:speed>
        </extensions>
      </trkpt>
      <trkpt lat="43.2634453" lon="27.8382743">
        <ele>306.6</ele>
        <time>2026-06-01T18:39:40Z</time>
        <hdop>5.8</hdop>
        <extensions>
          <osmand:speed>1.2</osmand:speed>
        </extensions>
      </trkpt>
      <trkpt lat="43.263393" lon="27.8382926">
        <ele>307</ele>
        <time>2026-06-01T18:39:45Z</time>
        <hdop>5.1</hdop>
        <extensions>
          <osmand:speed>1.5</osmand:speed>
        </extensions>
      </trkpt>
      <trkpt lat="43.2633335" lon="27.8383039">
        <ele>310.6</ele>
        <time>2026-06-01T18:39:50Z</time>
        <hdop>5.7</hdop>
        <extensions>
          <osmand:speed>1.5</osmand:speed>
        </extensions>
      </trkpt>
      <trkpt lat="43.2632906" lon="27.8383653">
        <ele>309.7</ele>
        <time>2026-06-01T18:39:56Z</time>
        <hdop>6.3</hdop>
        <extensions>
          <osmand:speed>1.5</osmand:speed>
        </extensions>
      </trkpt>
      <trkpt lat="43.2632312" lon="27.8383781">
        <ele>310.4</ele>
        <time>2026-06-01T18:40:01Z</time>
        <hdop>6.9</hdop>
        <extensions>
          <osmand:speed>1.6</osmand:speed>
        </extensions>
      </trkpt>
      <trkpt lat="43.2631725" lon="27.8383818">
        <ele>309.7</ele>
        <time>2026-06-01T18:40:06Z</time>
        <hdop>7.4</hdop>
        <extensions>
          <osmand:speed>1.6</osmand:speed>
        </extensions>
      </trkpt>
      <trkpt lat="43.2631419" lon="27.8383913">
        <ele>308.5</ele>
        <time>2026-06-01T18:40:11Z</time>
        <hdop>6.6</hdop>
        <extensions>
          <osmand:speed>1.2</osmand:speed>
        </extensions>
      </trkpt>
      <trkpt lat="43.2631428" lon="27.8383635">
        <ele>309.2</ele>
        <time>2026-06-01T18:40:16Z</time>
        <hdop>5.2</hdop>
        <extensions>
          <osmand:speed>0.2</osmand:speed>
        </extensions>
      </trkpt>
      <trkpt lat="43.2631442" lon="27.8383601">
        <ele>309.2</ele>
        <time>2026-06-01T18:40:22Z</time>
        <hdop>5.5</hdop>
        <extensions>
          <osmand:speed>0.1</osmand:speed>
        </extensions>
      </trkpt>
      <trkpt lat="43.2631356" lon="27.8383649">
        <ele>309.2</ele>
        <time>2026-06-01T18:40:28Z</time>
        <hdop>7.1</hdop>
        <extensions>
          <osmand:speed>0.1</osmand:speed>
        </extensions>
      </trkpt>
      <trkpt lat="43.2631299" lon="27.8383764">
        <ele>309.2</ele>
        <time>2026-06-01T18:40:34Z</time>
        <hdop>12.2</hdop>
        <extensions>
          <osmand:speed>0.1</osmand:speed>
        </extensions>
      </trkpt>
      <trkpt lat="43.2631244" lon="27.8383774">
        <ele>306.7</ele>
        <time>2026-06-01T18:40:39Z</time>
        <hdop>7.7</hdop>
        <extensions>
          <osmand:speed>0.6</osmand:speed>
        </extensions>
      </trkpt>
      <trkpt lat="43.263116" lon="27.8383799">
        <ele>307.4</ele>
        <time>2026-06-01T18:40:44Z</time>
        <hdop>7</hdop>
        <extensions>
          <osmand:speed>0.2</osmand:speed>
        </extensions>
      </trkpt>
      <trkpt lat="43.2631107" lon="27.8383868">
        <ele>306.1</ele>
        <time>2026-06-01T18:40:49Z</time>
        <hdop>6.1</hdop>
        <extensions>
          <osmand:speed>0.2</osmand:speed>
        </extensions>
      </trkpt>
      <trkpt lat="43.2631122" lon="27.8383897">
        <ele>302.9</ele>
        <time>2026-06-01T18:40:54Z</time>
        <hdop>6.3</hdop>
        <extensions>
          <osmand:speed>0.2</osmand:speed>
        </extensions>
      </trkpt>
      <trkpt lat="43.2631001" lon="27.83839">
        <ele>302.7</ele>
        <time>2026-06-01T18:40:59Z</time>
        <hdop>5.2</hdop>
        <extensions>
          <osmand:speed>0.4</osmand:speed>
        </extensions>
      </trkpt>
      <trkpt lat="43.2630322" lon="27.8383825">
        <ele>300.9</ele>
        <time>2026-06-01T18:41:04Z</time>
        <hdop>7.1</hdop>
        <extensions>
          <osmand:speed>1</osmand:speed>
        </extensions>
      </trkpt>
      <trkpt lat="43.2629648" lon="27.8383717">
        <ele>299.6</ele>
        <time>2026-06-01T18:41:10Z</time>
        <hdop>7.8</hdop>
        <extensions>
          <osmand:speed>1</osmand:speed>
        </extensions>
      </trkpt>
      <trkpt lat="43.2629218" lon="27.8383951">
        <ele>298.2</ele>
        <time>2026-06-01T18:41:15Z</time>
        <hdop>7.3</hdop>
        <extensions>
          <osmand:speed>0.8</osmand:speed>
        </extensions>
      </trkpt>
      <trkpt lat="43.2628656" lon="27.8384526">
        <ele>293.8</ele>
        <time>2026-06-01T18:41:20Z</time>
        <hdop>7.2</hdop>
        <extensions>
          <osmand:speed>1.4</osmand:speed>
        </extensions>
      </trkpt>
      <trkpt lat="43.2627863" lon="27.8384866">
        <ele>295.1</ele>
        <time>2026-06-01T18:41:25Z</time>
        <hdop>7.4</hdop>
        <extensions>
          <osmand:speed>2.1</osmand:speed>
        </extensions>
      </trkpt>
      <trkpt lat="43.2626928" lon="27.8384309">
        <ele>292.6</ele>
        <time>2026-06-01T18:41:30Z</time>
        <hdop>7.5</hdop>
        <extensions>
          <osmand:speed>2.3</osmand:speed>
        </extensions>
      </trkpt>
      <trkpt lat="43.2625902" lon="27.8384011">
        <ele>291.1</ele>
        <time>2026-06-01T18:41:35Z</time>
        <hdop>6.5</hdop>
        <extensions>
          <osmand:speed>2.2</osmand:speed>
        </extensions>
      </trkpt>
      <trkpt lat="43.2624931" lon="27.8384036">
        <ele>290.7</ele>
        <time>2026-06-01T18:41:41Z</time>
        <hdop>6.7</hdop>
        <extensions>
          <osmand:speed>2.3</osmand:speed>
        </extensions>
      </trkpt>
      <trkpt lat="43.2624002" lon="27.838382">
        <ele>292.7</ele>
        <time>2026-06-01T18:41:46Z</time>
        <hdop>7.1</hdop>
        <extensions>
          <osmand:speed>2.2</osmand:speed>
        </extensions>
      </trkpt>
      <trkpt lat="43.2623382" lon="27.8383304">
        <ele>292.4</ele>
        <time>2026-06-01T18:41:51Z</time>
        <hdop>6.5</hdop>
        <extensions>
          <osmand:speed>1.8</osmand:speed>
        </extensions>
      </trkpt>
      <trkpt lat="43.2622815" lon="27.8383428">
        <ele>295.9</ele>
        <time>2026-06-01T18:41:56Z</time>
        <hdop>5.8</hdop>
        <extensions>
          <osmand:speed>1.4</osmand:speed>
        </extensions>
      </trkpt>
      <trkpt lat="43.262262" lon="27.8383322">
        <ele>293.8</ele>
        <time>2026-06-01T18:42:01Z</time>
        <hdop>6.6</hdop>
        <extensions>
          <osmand:speed>0.1</osmand:speed>
        </extensions>
      </trkpt>
      <trkpt lat="43.262272" lon="27.8383313">
        <ele>293.7</ele>
        <time>2026-06-01T18:42:06Z</time>
        <hdop>7.5</hdop>
        <extensions>
          <osmand:speed>0.1</osmand:speed>
        </extensions>
      </trkpt>
      <trkpt lat="43.2622545" lon="27.8383455">
        <ele>287.1</ele>
        <time>2026-06-01T18:42:11Z</time>
        <hdop>6.6</hdop>
        <extensions>
          <osmand:speed>0.1</osmand:speed>
        </extensions>
      </trkpt>
      <trkpt lat="43.2622392" lon="27.8383446">
        <ele>282.7</ele>
        <time>2026-06-01T18:42:16Z</time>
        <hdop>4.9</hdop>
        <extensions>
          <osmand:speed>0.1</osmand:speed>
        </extensions>
      </trkpt>
      <trkpt lat="43.2622378" lon="27.8383457">
        <ele>283.9</ele>
        <time>2026-06-01T18:42:21Z</time>
        <hdop>5.2</hdop>
        <extensions>
          <osmand:speed>0.2</osmand:speed>
        </extensions>
      </trkpt>
      <trkpt lat="43.2622276" lon="27.838344">
        <ele>282.4</ele>
        <time>2026-06-01T18:42:26Z</time>
        <hdop>4.9</hdop>
        <extensions>
          <osmand:speed>0.2</osmand:speed>
        </extensions>
      </trkpt>
      <trkpt lat="43.2622177" lon="27.8383369">
        <ele>282.4</ele>
        <time>2026-06-01T18:42:32Z</time>
        <hdop>4.5</hdop>
        <extensions>
          <osmand:speed>0.2</osmand:speed>
        </extensions>
      </trkpt>
      <trkpt lat="43.2622072" lon="27.8383335">
        <ele>282.4</ele>
        <time>2026-06-01T18:42:38Z</time>
        <hdop>4.4</hdop>
        <extensions>
          <osmand:speed>0.1</osmand:speed>
        </extensions>
      </trkpt>
      <trkpt lat="43.2621977" lon="27.8383322">
        <ele>282.4</ele>
        <time>2026-06-01T18:42:44Z</time>
        <hdop>4.7</hdop>
        <extensions>
          <osmand:speed>0.1</osmand:speed>
        </extensions>
      </trkpt>
      <trkpt lat="43.2621921" lon="27.8383285">
        <ele>283.3</ele>
        <time>2026-06-01T18:42:49Z</time>
        <hdop>5</hdop>
        <extensions>
          <osmand:speed>0.2</osmand:speed>
        </extensions>
      </trkpt>
      <trkpt lat="43.2621896" lon="27.8383228">
        <ele>283.3</ele>
        <time>2026-06-01T18:42:54Z</time>
        <hdop>5</hdop>
        <extensions>
          <osmand:speed>0.1</osmand:speed>
        </extensions>
      </trkpt>
      <trkpt lat="43.2621856" lon="27.838315">
        <ele>282.5</ele>
        <time>2026-06-01T18:42:59Z</time>
        <hdop>5.2</hdop>
        <extensions>
          <osmand:speed>0.5</osmand:speed>
        </extensions>
      </trkpt>
      <trkpt lat="43.2621858" lon="27.8383034">
        <ele>285</ele>
        <time>2026-06-01T18:43:04Z</time>
        <hdop>6</hdop>
        <extensions>
          <osmand:speed>0.3</osmand:speed>
        </extensions>
      </trkpt>
      <trkpt lat="43.2621784" lon="27.8382906">
        <ele>284.8</ele>
        <time>2026-06-01T18:43:09Z</time>
        <hdop>6.3</hdop>
        <extensions>
          <osmand:speed>0.4</osmand:speed>
        </extensions>
      </trkpt>
      <trkpt lat="43.2621718" lon="27.8382759">
        <ele>284.8</ele>
        <time>2026-06-01T18:43:14Z</time>
        <hdop>6.4</hdop>
        <extensions>
          <osmand:speed>0.6</osmand:speed>
        </extensions>
      </trkpt>
      <trkpt lat="43.262159" lon="27.8382534">
        <ele>284.8</ele>
        <time>2026-06-01T18:43:20Z</time>
        <hdop>7</hdop>
        <extensions>
          <osmand:speed>0.2</osmand:speed>
        </extensions>
      </trkpt>
      <trkpt lat="43.2621496" lon="27.8382473">
        <ele>283.2</ele>
        <time>2026-06-01T18:43:26Z</time>
        <hdop>6</hdop>
        <extensions>
          <osmand:speed>1.5</osmand:speed>
        </extensions>
      </trkpt>
      <trkpt lat="43.2620669" lon="27.8381936">
        <ele>284.9</ele>
        <time>2026-06-01T18:43:31Z</time>
        <hdop>8</hdop>
        <extensions>
          <osmand:speed>1.6</osmand:speed>
        </extensions>
      </trkpt>
      <trkpt lat="43.2619529" lon="27.8381564">
        <ele>281.4</ele>
        <time>2026-06-01T18:43:37Z</time>
        <hdop>6</hdop>
        <extensions>
          <osmand:speed>1.8</osmand:speed>
        </extensions>
      </trkpt>
      <trkpt lat="43.2618326" lon="27.8381001">
        <ele>282.3</ele>
        <time>2026-06-01T18:43:42Z</time>
        <hdop>6.6</hdop>
        <extensions>
          <osmand:speed>1.8</osmand:speed>
        </extensions>
      </trkpt>
      <trkpt lat="43.2616916" lon="27.8380165">
        <ele>277.6</ele>
        <time>2026-06-01T18:43:47Z</time>
        <hdop>5.5</hdop>
        <extensions>
          <osmand:speed>2.2</osmand:speed>
        </extensions>
      </trkpt>
      <trkpt lat="43.2615325" lon="27.8379143">
        <ele>276.5</ele>
        <time>2026-06-01T18:43:53Z</time>
        <hdop>3.1</hdop>
        <extensions>
          <osmand:speed>2.6</osmand:speed>
        </extensions>
      </trkpt>
      <trkpt lat="43.261415" lon="27.8378336">
        <ele>274.3</ele>
        <time>2026-06-01T18:43:58Z</time>
        <hdop>3.6</hdop>
        <extensions>
          <osmand:speed>1.8</osmand:speed>
        </extensions>
      </trkpt>
      <trkpt lat="43.2614181" lon="27.837819">
        <ele>277.6</ele>
        <time>2026-06-01T18:44:03Z</time>
        <hdop>3.1</hdop>
        <extensions>
          <osmand:speed>0.1</osmand:speed>
        </extensions>
      </trkpt>
      <trkpt lat="43.2614089" lon="27.837842">
        <ele>278.1</ele>
        <time>2026-06-01T18:44:09Z</time>
        <hdop>3</hdop>
        <extensions>
          <osmand:speed>0.1</osmand:speed>
        </extensions>
      </trkpt>
      <trkpt lat="43.2614051" lon="27.8378458">
        <ele>278.8</ele>
        <time>2026-06-01T18:44:14Z</time>
        <hdop>3</hdop>
        <extensions>
          <osmand:speed>0.1</osmand:speed>
        </extensions>
      </trkpt>
      <trkpt lat="43.2614024" lon="27.8378455">
        <ele>279.1</ele>
        <time>2026-06-01T18:44:20Z</time>
        <hdop>3</hdop>
        <extensions>
          <osmand:speed>0.1</osmand:speed>
        </extensions>
      </trkpt>
      <trkpt lat="43.2613991" lon="27.8378447">
        <ele>279.2</ele>
        <time>2026-06-01T18:44:25Z</time>
        <hdop>3</hdop>
        <extensions>
          <osmand:speed>0.1</osmand:speed>
        </extensions>
      </trkpt>
      <trkpt lat="43.2613971" lon="27.8378439">
        <ele>278.2</ele>
        <time>2026-06-01T18:44:31Z</time>
        <hdop>3</hdop>
        <extensions>
          <osmand:speed>0.1</osmand:speed>
        </extensions>
      </trkpt>
      <trkpt lat="43.2613954" lon="27.8378438">
        <ele>278.2</ele>
        <time>2026-06-01T18:44:36Z</time>
        <hdop>3</hdop>
        <extensions>
          <osmand:speed>0.1</osmand:speed>
        </extensions>
      </trkpt>
      <trkpt lat="43.2613941" lon="27.8378438">
        <ele>278.2</ele>
        <time>2026-06-01T18:44:41Z</time>
        <hdop>3</hdop>
        <extensions>
          <osmand:speed>0.1</osmand:speed>
        </extensions>
      </trkpt>
      <trkpt lat="43.2613937" lon="27.8378451">
        <ele>278.1</ele>
        <time>2026-06-01T18:44:47Z</time>
        <hdop>3.5</hdop>
      </trkpt>
      <trkpt lat="43.2613937" lon="27.8378449">
        <ele>278.1</ele>
        <time>2026-06-01T18:44:55Z</time>
        <hdop>3.8</hdop>
      </trkpt>
      <trkpt lat="43.2613922" lon="27.8378451">
        <ele>277.9</ele>
        <time>2026-06-01T18:45:00Z</time>
        <hdop>3.8</hdop>
        <extensions>
          <osmand:speed>0.5</osmand:speed>
        </extensions>
      </trkpt>
      <trkpt lat="43.2613849" lon="27.8378323">
        <ele>278.6</ele>
        <time>2026-06-01T18:45:05Z</time>
        <hdop>3.8</hdop>
        <extensions>
          <osmand:speed>0.2</osmand:speed>
        </extensions>
      </trkpt>
      <trkpt lat="43.2613822" lon="27.837826">
        <ele>278.4</ele>
        <time>2026-06-01T18:45:11Z</time>
        <hdop>3.8</hdop>
      </trkpt>
      <trkpt lat="43.2613902" lon="27.8378135">
        <ele>278.8</ele>
        <time>2026-06-01T18:45:17Z</time>
        <hdop>3.9</hdop>
        <extensions>
          <osmand:speed>0.3</osmand:speed>
        </extensions>
      </trkpt>
      <trkpt lat="43.2613988" lon="27.8377958">
        <ele>279.5</ele>
        <time>2026-06-01T18:45:23Z</time>
        <hdop>3.9</hdop>
        <extensions>
          <osmand:speed>0.4</osmand:speed>
        </extensions>
      </trkpt>
      <trkpt lat="43.2614097" lon="27.8378303">
        <ele>277.3</ele>
        <time>2026-06-01T18:45:28Z</time>
        <hdop>5.6</hdop>
      </trkpt>
      <trkpt lat="43.2614051" lon="27.8378323">
        <ele>277.7</ele>
        <time>2026-06-01T18:45:33Z</time>
        <hdop>6.1</hdop>
      </trkpt>
      <trkpt lat="43.2614077" lon="27.8378276">
        <ele>277.1</ele>
        <time>2026-06-01T18:45:39Z</time>
        <hdop>5.4</hdop>
      </trkpt>
      <trkpt lat="43.2613888" lon="27.837822">
        <ele>275.6</ele>
        <time>2026-06-01T18:45:45Z</time>
        <hdop>4.5</hdop>
        <extensions>
          <osmand:speed>1.1</osmand:speed>
        </extensions>
      </trkpt>
      <trkpt lat="43.2612927" lon="27.8378143">
        <ele>277.4</ele>
        <time>2026-06-01T18:45:50Z</time>
        <hdop>4.9</hdop>
        <extensions>
          <osmand:speed>2.3</osmand:speed>
        </extensions>
      </trkpt>
      <trkpt lat="43.2611909" lon="27.8377331">
        <ele>277</ele>
        <time>2026-06-01T18:45:56Z</time>
        <hdop>6.4</hdop>
        <extensions>
          <osmand:speed>1.7</osmand:speed>
        </extensions>
      </trkpt>
      <trkpt lat="43.2610797" lon="27.8377682">
        <ele>275.4</ele>
        <time>2026-06-01T18:46:01Z</time>
        <hdop>5.9</hdop>
        <extensions>
          <osmand:speed>2</osmand:speed>
        </extensions>
      </trkpt>
      <trkpt lat="43.2609839" lon="27.8377198">
        <ele>270.7</ele>
        <time>2026-06-01T18:46:06Z</time>
        <hdop>5.2</hdop>
        <extensions>
          <osmand:speed>1.9</osmand:speed>
        </extensions>
      </trkpt>
      <trkpt lat="43.2608913" lon="27.8376699">
        <ele>273</ele>
        <time>2026-06-01T18:46:11Z</time>
        <hdop>5.2</hdop>
        <extensions>
          <osmand:speed>2</osmand:speed>
        </extensions>
      </trkpt>
      <trkpt lat="43.2608436" lon="27.8376066">
        <ele>271.3</ele>
        <time>2026-06-01T18:46:16Z</time>
        <hdop>5.8</hdop>
        <extensions>
          <osmand:speed>2</osmand:speed>
        </extensions>
      </trkpt>
      <trkpt lat="43.2607824" lon="27.8375564">
        <ele>270.8</ele>
        <time>2026-06-01T18:46:22Z</time>
        <hdop>5.5</hdop>
        <extensions>
          <osmand:speed>1.9</osmand:speed>
        </extensions>
      </trkpt>
      <trkpt lat="43.2607026" lon="27.8375431">
        <ele>266.7</ele>
        <time>2026-06-01T18:46:27Z</time>
        <hdop>5.3</hdop>
        <extensions>
          <osmand:speed>2.2</osmand:speed>
        </extensions>
      </trkpt>
      <trkpt lat="43.2606296" lon="27.8375293">
        <ele>266.1</ele>
        <time>2026-06-01T18:46:32Z</time>
        <hdop>8.1</hdop>
        <extensions>
          <osmand:speed>2.2</osmand:speed>
        </extensions>
      </trkpt>
      <trkpt lat="43.2605661" lon="27.8375437">
        <ele>263.3</ele>
        <time>2026-06-01T18:46:38Z</time>
        <hdop>6.5</hdop>
        <extensions>
          <osmand:speed>1.9</osmand:speed>
        </extensions>
      </trkpt>
      <trkpt lat="43.2604609" lon="27.8375783">
        <ele>264.5</ele>
        <time>2026-06-01T18:46:43Z</time>
        <hdop>6.4</hdop>
        <extensions>
          <osmand:speed>2</osmand:speed>
        </extensions>
      </trkpt>
      <trkpt lat="43.2603699" lon="27.8376194">
        <ele>264.8</ele>
        <time>2026-06-01T18:46:48Z</time>
        <hdop>6.2</hdop>
        <extensions>
          <osmand:speed>1.8</osmand:speed>
        </extensions>
      </trkpt>
      <trkpt lat="43.2602926" lon="27.8376214">
        <ele>265.4</ele>
        <time>2026-06-01T18:46:53Z</time>
        <hdop>5.8</hdop>
        <extensions>
          <osmand:speed>1.3</osmand:speed>
        </extensions>
      </trkpt>
      <trkpt lat="43.2602241" lon="27.8376508">
        <ele>266.4</ele>
        <time>2026-06-01T18:46:58Z</time>
        <hdop>6.2</hdop>
        <extensions>
          <osmand:speed>1.2</osmand:speed>
        </extensions>
      </trkpt>
      <trkpt lat="43.2601412" lon="27.8377148">
        <ele>265.9</ele>
        <time>2026-06-01T18:47:04Z</time>
        <hdop>5.8</hdop>
        <extensions>
          <osmand:speed>1.6</osmand:speed>
        </extensions>
      </trkpt>
      <trkpt lat="43.2600781" lon="27.8377512">
        <ele>265.9</ele>
        <time>2026-06-01T18:47:09Z</time>
        <hdop>5.9</hdop>
        <extensions>
          <osmand:speed>1.3</osmand:speed>
        </extensions>
      </trkpt>
      <trkpt lat="43.2600173" lon="27.8377878">
        <ele>265.3</ele>
        <time>2026-06-01T18:47:15Z</time>
        <hdop>6.4</hdop>
        <extensions>
          <osmand:speed>1.3</osmand:speed>
        </extensions>
      </trkpt>
      <trkpt lat="43.2599583" lon="27.8378116">
        <ele>264.6</ele>
        <time>2026-06-01T18:47:20Z</time>
        <hdop>6.3</hdop>
        <extensions>
          <osmand:speed>1.2</osmand:speed>
        </extensions>
      </trkpt>
      <trkpt lat="43.259899" lon="27.8378545">
        <ele>266</ele>
        <time>2026-06-01T18:47:25Z</time>
        <hdop>6</hdop>
        <extensions>
          <osmand:speed>1.3</osmand:speed>
        </extensions>
      </trkpt>
      <trkpt lat="43.2598353" lon="27.8379287">
        <ele>263.6</ele>
        <time>2026-06-01T18:47:31Z</time>
        <hdop>6.4</hdop>
        <extensions>
          <osmand:speed>1.7</osmand:speed>
        </extensions>
      </trkpt>
      <trkpt lat="43.2597378" lon="27.8380151">
        <ele>261.1</ele>
        <time>2026-06-01T18:47:36Z</time>
        <hdop>6.9</hdop>
        <extensions>
          <osmand:speed>2</osmand:speed>
        </extensions>
      </trkpt>
      <trkpt lat="43.2596512" lon="27.8380973">
        <ele>261.1</ele>
        <time>2026-06-01T18:47:41Z</time>
        <hdop>6.9</hdop>
        <extensions>
          <osmand:speed>2</osmand:speed>
        </extensions>
      </trkpt>
      <trkpt lat="43.2595637" lon="27.8381829">
        <ele>259.9</ele>
        <time>2026-06-01T18:47:46Z</time>
        <hdop>6.9</hdop>
        <extensions>
          <osmand:speed>2</osmand:speed>
        </extensions>
      </trkpt>
      <trkpt lat="43.2594619" lon="27.8382276">
        <ele>256.8</ele>
        <time>2026-06-01T18:47:51Z</time>
        <hdop>6.5</hdop>
        <extensions>
          <osmand:speed>2.1</osmand:speed>
        </extensions>
      </trkpt>
      <trkpt lat="43.2593486" lon="27.8382835">
        <ele>257.4</ele>
        <time>2026-06-01T18:47:56Z</time>
        <hdop>6.6</hdop>
        <extensions>
          <osmand:speed>2.2</osmand:speed>
        </extensions>
      </trkpt>
      <trkpt lat="43.2592345" lon="27.8383509">
        <ele>254.1</ele>
        <time>2026-06-01T18:48:01Z</time>
        <hdop>6.4</hdop>
        <extensions>
          <osmand:speed>2.2</osmand:speed>
        </extensions>
      </trkpt>
      <trkpt lat="43.2591043" lon="27.8384406">
        <ele>250.6</ele>
        <time>2026-06-01T18:48:07Z</time>
        <hdop>6.8</hdop>
        <extensions>
          <osmand:speed>2.3</osmand:speed>
        </extensions>
      </trkpt>
      <trkpt lat="43.2589933" lon="27.8385708">
        <ele>251.9</ele>
        <time>2026-06-01T18:48:12Z</time>
        <hdop>6.6</hdop>
        <extensions>
          <osmand:speed>2.1</osmand:speed>
        </extensions>
      </trkpt>
      <trkpt lat="43.2588901" lon="27.8386899">
        <ele>254</ele>
        <time>2026-06-01T18:48:18Z</time>
        <hdop>6.5</hdop>
        <extensions>
          <osmand:speed>2.2</osmand:speed>
        </extensions>
      </trkpt>
      <trkpt lat="43.2587821" lon="27.8387422">
        <ele>253.8</ele>
        <time>2026-06-01T18:48:23Z</time>
        <hdop>6.7</hdop>
        <extensions>
          <osmand:speed>1.9</osmand:speed>
        </extensions>
      </trkpt>
      <trkpt lat="43.2587177" lon="27.8388016">
        <ele>253.6</ele>
        <time>2026-06-01T18:48:28Z</time>
        <hdop>5.9</hdop>
        <extensions>
          <osmand:speed>1.2</osmand:speed>
        </extensions>
      </trkpt>
      <trkpt lat="43.2586619" lon="27.8388856">
        <ele>253.3</ele>
        <time>2026-06-01T18:48:33Z</time>
        <hdop>5.2</hdop>
        <extensions>
          <osmand:speed>1.3</osmand:speed>
        </extensions>
      </trkpt>
      <trkpt lat="43.2585987" lon="27.8390264">
        <ele>250.8</ele>
        <time>2026-06-01T18:48:38Z</time>
        <hdop>5.3</hdop>
        <extensions>
          <osmand:speed>1.9</osmand:speed>
        </extensions>
      </trkpt>
      <trkpt lat="43.2585467" lon="27.839104">
        <ele>251.7</ele>
        <time>2026-06-01T18:48:44Z</time>
        <hdop>6.5</hdop>
        <extensions>
          <osmand:speed>1.2</osmand:speed>
        </extensions>
      </trkpt>
      <trkpt lat="43.2584687" lon="27.8392255">
        <ele>251.5</ele>
        <time>2026-06-01T18:48:49Z</time>
        <hdop>6.5</hdop>
        <extensions>
          <osmand:speed>1.9</osmand:speed>
        </extensions>
      </trkpt>
      <trkpt lat="43.2583729" lon="27.8393327">
        <ele>251.9</ele>
        <time>2026-06-01T18:48:54Z</time>
        <hdop>6.4</hdop>
        <extensions>
          <osmand:speed>2.1</osmand:speed>
        </extensions>
      </trkpt>
      <trkpt lat="43.2582742" lon="27.8394309">
        <ele>252.9</ele>
        <time>2026-06-01T18:48:59Z</time>
        <hdop>6.6</hdop>
        <extensions>
          <osmand:speed>2.1</osmand:speed>
        </extensions>
      </trkpt>
      <trkpt lat="43.2581685" lon="27.8395169">
        <ele>254.9</ele>
        <time>2026-06-01T18:49:04Z</time>
        <hdop>6.6</hdop>
        <extensions>
          <osmand:speed>2.3</osmand:speed>
        </extensions>
      </trkpt>
      <trkpt lat="43.2580543" lon="27.8395761">
        <ele>255</ele>
        <time>2026-06-01T18:49:09Z</time>
        <hdop>7.4</hdop>
        <extensions>
          <osmand:speed>2.3</osmand:speed>
        </extensions>
      </trkpt>
      <trkpt lat="43.2579497" lon="27.8396343">
        <ele>252</ele>
        <time>2026-06-01T18:49:14Z</time>
        <hdop>7.2</hdop>
        <extensions>
          <osmand:speed>2.3</osmand:speed>
        </extensions>
      </trkpt>
      <trkpt lat="43.2578503" lon="27.8397348">
        <ele>244.2</ele>
        <time>2026-06-01T18:49:19Z</time>
        <hdop>7.2</hdop>
        <extensions>
          <osmand:speed>2.3</osmand:speed>
        </extensions>
      </trkpt>
      <trkpt lat="43.2577414" lon="27.8398941">
        <ele>243</ele>
        <time>2026-06-01T18:49:24Z</time>
        <hdop>7.2</hdop>
        <extensions>
          <osmand:speed>2.3</osmand:speed>
        </extensions>
      </trkpt>
      <trkpt lat="43.2576507" lon="27.8400568">
        <ele>243.6</ele>
        <time>2026-06-01T18:49:30Z</time>
        <hdop>7.3</hdop>
        <extensions>
          <osmand:speed>2.3</osmand:speed>
        </extensions>
      </trkpt>
      <trkpt lat="43.2575578" lon="27.8402377">
        <ele>239.8</ele>
        <time>2026-06-01T18:49:35Z</time>
        <hdop>6.9</hdop>
        <extensions>
          <osmand:speed>2.2</osmand:speed>
        </extensions>
      </trkpt>
      <trkpt lat="43.257484" lon="27.840409">
        <ele>237.9</ele>
        <time>2026-06-01T18:49:40Z</time>
        <hdop>5.9</hdop>
        <extensions>
          <osmand:speed>2.3</osmand:speed>
        </extensions>
      </trkpt>
      <trkpt lat="43.2574136" lon="27.8405682">
        <ele>234</ele>
        <time>2026-06-01T18:49:45Z</time>
        <hdop>6.3</hdop>
        <extensions>
          <osmand:speed>2.3</osmand:speed>
        </extensions>
      </trkpt>
      <trkpt lat="43.2573349" lon="27.8407335">
        <ele>231.8</ele>
        <time>2026-06-01T18:49:50Z</time>
        <hdop>6.5</hdop>
        <extensions>
          <osmand:speed>2.3</osmand:speed>
        </extensions>
      </trkpt>
      <trkpt lat="43.2572725" lon="27.8409135">
        <ele>233.7</ele>
        <time>2026-06-01T18:49:55Z</time>
        <hdop>6.9</hdop>
        <extensions>
          <osmand:speed>2.3</osmand:speed>
        </extensions>
      </trkpt>
      <trkpt lat="43.2572166" lon="27.8410937">
        <ele>232.7</ele>
        <time>2026-06-01T18:50:00Z</time>
        <hdop>7.6</hdop>
        <extensions>
          <osmand:speed>2.3</osmand:speed>
        </extensions>
      </trkpt>
      <trkpt lat="43.2571504" lon="27.8412345">
        <ele>233.7</ele>
        <time>2026-06-01T18:50:05Z</time>
        <hdop>7.4</hdop>
        <extensions>
          <osmand:speed>2.3</osmand:speed>
        </extensions>
      </trkpt>
      <trkpt lat="43.2570575" lon="27.8413166">
        <ele>232.9</ele>
        <time>2026-06-01T18:50:10Z</time>
        <hdop>7</hdop>
        <extensions>
          <osmand:speed>1.9</osmand:speed>
        </extensions>
      </trkpt>
      <trkpt lat="43.256954" lon="27.8413909">
        <ele>233.2</ele>
        <time>2026-06-01T18:50:15Z</time>
        <hdop>6.8</hdop>
        <extensions>
          <osmand:speed>2.1</osmand:speed>
        </extensions>
      </trkpt>
      <trkpt lat="43.2568592" lon="27.8414148">
        <ele>231.9</ele>
        <time>2026-06-01T18:50:20Z</time>
        <hdop>7</hdop>
        <extensions>
          <osmand:speed>2</osmand:speed>
        </extensions>
      </trkpt>
      <trkpt lat="43.256764" lon="27.8414393">
        <ele>233</ele>
        <time>2026-06-01T18:50:26Z</time>
        <hdop>7.1</hdop>
        <extensions>
          <osmand:speed>2.1</osmand:speed>
        </extensions>
      </trkpt>
      <trkpt lat="43.2566721" lon="27.8414746">
        <ele>232.9</ele>
        <time>2026-06-01T18:50:31Z</time>
        <hdop>7.7</hdop>
        <extensions>
          <osmand:speed>2.2</osmand:speed>
        </extensions>
      </trkpt>
      <trkpt lat="43.2566017" lon="27.8415741">
        <ele>233.6</ele>
        <time>2026-06-01T18:50:36Z</time>
        <hdop>6.9</hdop>
        <extensions>
          <osmand:speed>2.2</osmand:speed>
        </extensions>
      </trkpt>
      <trkpt lat="43.2565379" lon="27.841686">
        <ele>229.6</ele>
        <time>2026-06-01T18:50:41Z</time>
        <hdop>6.4</hdop>
        <extensions>
          <osmand:speed>2.2</osmand:speed>
        </extensions>
      </trkpt>
      <trkpt lat="43.2564342" lon="27.8416927">
        <ele>229.3</ele>
        <time>2026-06-01T18:50:46Z</time>
        <hdop>7</hdop>
        <extensions>
          <osmand:speed>2.2</osmand:speed>
        </extensions>
      </trkpt>
      <trkpt lat="43.2563341" lon="27.8416516">
        <ele>227.3</ele>
        <time>2026-06-01T18:50:51Z</time>
        <hdop>7.5</hdop>
        <extensions>
          <osmand:speed>2.1</osmand:speed>
        </extensions>
      </trkpt>
      <trkpt lat="43.2562621" lon="27.8416485">
        <ele>223.6</ele>
        <time>2026-06-01T18:50:56Z</time>
        <hdop>7.5</hdop>
        <extensions>
          <osmand:speed>1.9</osmand:speed>
        </extensions>
      </trkpt>
      <trkpt lat="43.2561883" lon="27.8416476">
        <ele>222.7</ele>
        <time>2026-06-01T18:51:01Z</time>
        <hdop>7.1</hdop>
        <extensions>
          <osmand:speed>1.9</osmand:speed>
        </extensions>
      </trkpt>
      <trkpt lat="43.2561077" lon="27.8416574">
        <ele>223</ele>
        <time>2026-06-01T18:51:07Z</time>
        <hdop>6.6</hdop>
        <extensions>
          <osmand:speed>1.9</osmand:speed>
        </extensions>
      </trkpt>
      <trkpt lat="43.2560216" lon="27.841647">
        <ele>226.6</ele>
        <time>2026-06-01T18:51:12Z</time>
        <hdop>6.5</hdop>
        <extensions>
          <osmand:speed>2</osmand:speed>
        </extensions>
      </trkpt>
      <trkpt lat="43.2559372" lon="27.8416784">
        <ele>230.4</ele>
        <time>2026-06-01T18:51:17Z</time>
        <hdop>6.6</hdop>
        <extensions>
          <osmand:speed>1.9</osmand:speed>
        </extensions>
      </trkpt>
      <trkpt lat="43.2558591" lon="27.8417244">
        <ele>231.7</ele>
        <time>2026-06-01T18:51:22Z</time>
        <hdop>7</hdop>
        <extensions>
          <osmand:speed>1.9</osmand:speed>
        </extensions>
      </trkpt>
      <trkpt lat="43.2557836" lon="27.8417327">
        <ele>227.2</ele>
        <time>2026-06-01T18:51:27Z</time>
        <hdop>6.9</hdop>
        <extensions>
          <osmand:speed>1.8</osmand:speed>
        </extensions>
      </trkpt>
      <trkpt lat="43.2557165" lon="27.8416703">
        <ele>229.1</ele>
        <time>2026-06-01T18:51:33Z</time>
        <hdop>6.4</hdop>
        <extensions>
          <osmand:speed>1.7</osmand:speed>
        </extensions>
      </trkpt>
      <trkpt lat="43.2556466" lon="27.8416383">
        <ele>227.4</ele>
        <time>2026-06-01T18:51:38Z</time>
        <hdop>6.3</hdop>
        <extensions>
          <osmand:speed>1.6</osmand:speed>
        </extensions>
      </trkpt>
      <trkpt lat="43.2555918" lon="27.8415818">
        <ele>227.4</ele>
        <time>2026-06-01T18:51:43Z</time>
        <hdop>6.7</hdop>
        <extensions>
          <osmand:speed>1.5</osmand:speed>
        </extensions>
      </trkpt>
      <trkpt lat="43.2555191" lon="27.8415163">
        <ele>225.3</ele>
        <time>2026-06-01T18:51:48Z</time>
        <hdop>6.7</hdop>
        <extensions>
          <osmand:speed>1.7</osmand:speed>
        </extensions>
      </trkpt>
      <trkpt lat="43.2554474" lon="27.841467">
        <ele>225.3</ele>
        <time>2026-06-01T18:51:53Z</time>
        <hdop>6.9</hdop>
        <extensions>
          <osmand:speed>2</osmand:speed>
        </extensions>
      </trkpt>
      <trkpt lat="43.2553652" lon="27.8414008">
        <ele>226.7</ele>
        <time>2026-06-01T18:51:58Z</time>
        <hdop>6.9</hdop>
        <extensions>
          <osmand:speed>2</osmand:speed>
        </extensions>
      </trkpt>
      <trkpt lat="43.2552693" lon="27.8413587">
        <ele>223.3</ele>
        <time>2026-06-01T18:52:04Z</time>
        <hdop>7.1</hdop>
        <extensions>
          <osmand:speed>2.1</osmand:speed>
        </extensions>
      </trkpt>
      <trkpt lat="43.2551782" lon="27.8413035">
        <ele>224</ele>
        <time>2026-06-01T18:52:09Z</time>
        <hdop>6.7</hdop>
        <extensions>
          <osmand:speed>2.1</osmand:speed>
        </extensions>
      </trkpt>
      <trkpt lat="43.255079" lon="27.841253">
        <ele>222.4</ele>
        <time>2026-06-01T18:52:14Z</time>
        <hdop>6.4</hdop>
        <extensions>
          <osmand:speed>2</osmand:speed>
        </extensions>
      </trkpt>
      <trkpt lat="43.2549884" lon="27.8411795">
        <ele>223.3</ele>
        <time>2026-06-01T18:52:19Z</time>
        <hdop>7.1</hdop>
        <extensions>
          <osmand:speed>2.1</osmand:speed>
        </extensions>
      </trkpt>
      <trkpt lat="43.2549036" lon="27.8411082">
        <ele>221.3</ele>
        <time>2026-06-01T18:52:24Z</time>
        <hdop>6.5</hdop>
        <extensions>
          <osmand:speed>2.1</osmand:speed>
        </extensions>
      </trkpt>
      <trkpt lat="43.2548234" lon="27.8410436">
        <ele>220.5</ele>
        <time>2026-06-01T18:52:30Z</time>
        <hdop>6.3</hdop>
        <extensions>
          <osmand:speed>1.9</osmand:speed>
        </extensions>
      </trkpt>
      <trkpt lat="43.2547566" lon="27.8410047">
        <ele>216.1</ele>
        <time>2026-06-01T18:52:35Z</time>
        <hdop>6.4</hdop>
        <extensions>
          <osmand:speed>1.4</osmand:speed>
        </extensions>
      </trkpt>
      <trkpt lat="43.2547051" lon="27.8409775">
        <ele>216.7</ele>
        <time>2026-06-01T18:52:40Z</time>
        <hdop>6.1</hdop>
        <extensions>
          <osmand:speed>1.3</osmand:speed>
        </extensions>
      </trkpt>
      <trkpt lat="43.2546577" lon="27.8409483">
        <ele>214.2</ele>
        <time>2026-06-01T18:52:46Z</time>
        <hdop>12</hdop>
        <extensions>
          <osmand:speed>1.6</osmand:speed>
        </extensions>
      </trkpt>
      <trkpt lat="43.2545961" lon="27.8408909">
        <ele>213.6</ele>
        <time>2026-06-01T18:52:52Z</time>
        <hdop>12.9</hdop>
        <extensions>
          <osmand:speed>1.4</osmand:speed>
        </extensions>
      </trkpt>
      <trkpt lat="43.254529" lon="27.8408291">
        <ele>210.9</ele>
        <time>2026-06-01T18:52:58Z</time>
        <hdop>12.4</hdop>
        <extensions>
          <osmand:speed>1.3</osmand:speed>
        </extensions>
      </trkpt>
      <trkpt lat="43.2544759" lon="27.8407675">
        <ele>209.9</ele>
        <time>2026-06-01T18:53:04Z</time>
        <hdop>12.5</hdop>
        <extensions>
          <osmand:speed>1.5</osmand:speed>
        </extensions>
      </trkpt>
      <trkpt lat="43.2544229" lon="27.8406732">
        <ele>208.6</ele>
        <time>2026-06-01T18:53:09Z</time>
        <hdop>12.2</hdop>
        <extensions>
          <osmand:speed>1.7</osmand:speed>
        </extensions>
      </trkpt>
      <trkpt lat="43.2543767" lon="27.8405715">
        <ele>210</ele>
        <time>2026-06-01T18:53:15Z</time>
        <hdop>12.3</hdop>
        <extensions>
          <osmand:speed>1.3</osmand:speed>
        </extensions>
      </trkpt>
      <trkpt lat="43.254355" lon="27.8404865">
        <ele>211.1</ele>
        <time>2026-06-01T18:53:21Z</time>
        <hdop>12.5</hdop>
        <extensions>
          <osmand:speed>1.4</osmand:speed>
        </extensions>
      </trkpt>
      <trkpt lat="43.2543701" lon="27.8404064">
        <ele>208.9</ele>
        <time>2026-06-01T18:53:27Z</time>
        <hdop>11.8</hdop>
        <extensions>
          <osmand:speed>1.2</osmand:speed>
        </extensions>
      </trkpt>
      <trkpt lat="43.2544053" lon="27.8403392">
        <ele>202.5</ele>
        <time>2026-06-01T18:53:32Z</time>
        <hdop>8.6</hdop>
        <extensions>
          <osmand:speed>1.1</osmand:speed>
        </extensions>
      </trkpt>
      <trkpt lat="43.2544304" lon="27.8402596">
        <ele>202.5</ele>
        <time>2026-06-01T18:53:38Z</time>
        <hdop>5.8</hdop>
        <extensions>
          <osmand:speed>1</osmand:speed>
        </extensions>
      </trkpt>
      <trkpt lat="43.2543796" lon="27.8401809">
        <ele>210.9</ele>
        <time>2026-06-01T18:53:43Z</time>
        <hdop>5.7</hdop>
        <extensions>
          <osmand:speed>1.6</osmand:speed>
        </extensions>
      </trkpt>
      <trkpt lat="43.2542852" lon="27.8401353">
        <ele>208.5</ele>
        <time>2026-06-01T18:53:48Z</time>
        <hdop>6.8</hdop>
        <extensions>
          <osmand:speed>2</osmand:speed>
        </extensions>
      </trkpt>
      <trkpt lat="43.2541974" lon="27.840164">
        <ele>208.1</ele>
        <time>2026-06-01T18:53:53Z</time>
        <hdop>7.8</hdop>
        <extensions>
          <osmand:speed>1.8</osmand:speed>
        </extensions>
      </trkpt>
      <trkpt lat="43.2541475" lon="27.8401956">
        <ele>204.5</ele>
        <time>2026-06-01T18:53:58Z</time>
        <hdop>7</hdop>
        <extensions>
          <osmand:speed>1.7</osmand:speed>
        </extensions>
      </trkpt>
      <trkpt lat="43.2540927" lon="27.840216">
        <ele>204.9</ele>
        <time>2026-06-01T18:54:03Z</time>
        <hdop>5.8</hdop>
        <extensions>
          <osmand:speed>1.5</osmand:speed>
        </extensions>
      </trkpt>
      <trkpt lat="43.2540627" lon="27.840241">
        <ele>204.3</ele>
        <time>2026-06-01T18:54:09Z</time>
        <hdop>6.3</hdop>
        <extensions>
          <osmand:speed>1.4</osmand:speed>
        </extensions>
      </trkpt>
      <trkpt lat="43.2539779" lon="27.8402133">
        <ele>224.9</ele>
        <time>2026-06-01T18:54:15Z</time>
        <hdop>11.9</hdop>
        <extensions>
          <osmand:speed>1.4</osmand:speed>
        </extensions>
      </trkpt>
      <trkpt lat="43.2538684" lon="27.840139">
        <ele>202.8</ele>
        <time>2026-06-01T18:54:21Z</time>
        <hdop>12.5</hdop>
        <extensions>
          <osmand:speed>3</osmand:speed>
        </extensions>
      </trkpt>
      <trkpt lat="43.2537309" lon="27.8400923">
        <ele>202.8</ele>
        <time>2026-06-01T18:54:26Z</time>
        <hdop>12.6</hdop>
        <extensions>
          <osmand:speed>2.4</osmand:speed>
        </extensions>
      </trkpt>
      <trkpt lat="43.2535928" lon="27.8400491">
        <ele>202.8</ele>
        <time>2026-06-01T18:54:32Z</time>
        <hdop>12.9</hdop>
        <extensions>
          <osmand:speed>2.6</osmand:speed>
        </extensions>
      </trkpt>
      <trkpt lat="43.2534866" lon="27.8400108">
        <ele>202.8</ele>
        <time>2026-06-01T18:54:38Z</time>
        <hdop>12.6</hdop>
        <extensions>
          <osmand:speed>1.6</osmand:speed>
        </extensions>
      </trkpt>
      <trkpt lat="43.2534337" lon="27.8400023">
        <ele>202.8</ele>
        <time>2026-06-01T18:54:44Z</time>
        <hdop>12.4</hdop>
        <extensions>
          <osmand:speed>1.5</osmand:speed>
        </extensions>
      </trkpt>
      <trkpt lat="43.2533776" lon="27.8399977">
        <ele>202.8</ele>
        <time>2026-06-01T18:54:49Z</time>
        <hdop>12</hdop>
        <extensions>
          <osmand:speed>1.5</osmand:speed>
        </extensions>
      </trkpt>
      <trkpt lat="43.2533219" lon="27.8399683">
        <ele>202.8</ele>
        <time>2026-06-01T18:54:55Z</time>
        <hdop>12.5</hdop>
        <extensions>
          <osmand:speed>1.3</osmand:speed>
        </extensions>
      </trkpt>
      <trkpt lat="43.2532595" lon="27.8399541">
        <ele>202.8</ele>
        <time>2026-06-01T18:55:00Z</time>
        <hdop>12.2</hdop>
        <extensions>
          <osmand:speed>1.6</osmand:speed>
        </extensions>
      </trkpt>
      <trkpt lat="43.2531298" lon="27.8398972">
        <ele>202.8</ele>
        <time>2026-06-01T18:55:06Z</time>
        <hdop>12.1</hdop>
        <extensions>
          <osmand:speed>2.4</osmand:speed>
        </extensions>
      </trkpt>
      <trkpt lat="43.2530139" lon="27.8398759">
        <ele>179.6</ele>
        <time>2026-06-01T18:55:12Z</time>
        <hdop>13.6</hdop>
        <extensions>
          <osmand:speed>1.8</osmand:speed>
        </extensions>
      </trkpt>
      <trkpt lat="43.2528603" lon="27.8398394">
        <ele>179.6</ele>
        <time>2026-06-01T18:55:18Z</time>
        <hdop>13.2</hdop>
        <extensions>
          <osmand:speed>2.8</osmand:speed>
        </extensions>
      </trkpt>
      <trkpt lat="43.2527223" lon="27.839801">
        <ele>202.5</ele>
        <time>2026-06-01T18:55:23Z</time>
        <hdop>13.4</hdop>
        <extensions>
          <osmand:speed>2.8</osmand:speed>
        </extensions>
      </trkpt>
      <trkpt lat="43.2525281" lon="27.8397524">
        <ele>202.5</ele>
        <time>2026-06-01T18:55:29Z</time>
        <hdop>12.1</hdop>
        <extensions>
          <osmand:speed>3.1</osmand:speed>
        </extensions>
      </trkpt>
      <trkpt lat="43.2524497" lon="27.8397341">
        <ele>185.1</ele>
        <time>2026-06-01T18:55:34Z</time>
        <hdop>6.1</hdop>
        <extensions>
          <osmand:speed>2.3</osmand:speed>
        </extensions>
      </trkpt>
      <trkpt lat="43.2523219" lon="27.8396982">
        <ele>185.1</ele>
        <time>2026-06-01T18:55:39Z</time>
        <hdop>5.9</hdop>
        <extensions>
          <osmand:speed>2.2</osmand:speed>
        </extensions>
      </trkpt>
      <trkpt lat="43.2522036" lon="27.8396576">
        <ele>185.1</ele>
        <time>2026-06-01T18:55:44Z</time>
        <hdop>6.3</hdop>
        <extensions>
          <osmand:speed>1.9</osmand:speed>
        </extensions>
      </trkpt>
      <trkpt lat="43.2521285" lon="27.8396588">
        <ele>185.1</ele>
        <time>2026-06-01T18:55:50Z</time>
        <hdop>6.5</hdop>
        <extensions>
          <osmand:speed>1.2</osmand:speed>
        </extensions>
      </trkpt>
      <trkpt lat="43.2521004" lon="27.8397388">
        <ele>185.1</ele>
        <time>2026-06-01T18:55:55Z</time>
        <hdop>7.1</hdop>
        <extensions>
          <osmand:speed>1.4</osmand:speed>
        </extensions>
      </trkpt>
      <trkpt lat="43.2520853" lon="27.8398561">
        <ele>185.1</ele>
        <time>2026-06-01T18:56:00Z</time>
        <hdop>7.7</hdop>
        <extensions>
          <osmand:speed>2.1</osmand:speed>
        </extensions>
      </trkpt>
      <trkpt lat="43.2520587" lon="27.8400064">
        <ele>185</ele>
        <time>2026-06-01T18:56:05Z</time>
        <hdop>8.3</hdop>
        <extensions>
          <osmand:speed>2.2</osmand:speed>
        </extensions>
      </trkpt>
      <trkpt lat="43.2520091" lon="27.8401784">
        <ele>185</ele>
        <time>2026-06-01T18:56:11Z</time>
        <hdop>10.8</hdop>
        <extensions>
          <osmand:speed>2.3</osmand:speed>
        </extensions>
      </trkpt>
      <trkpt lat="43.2519484" lon="27.8403569">
        <ele>185.1</ele>
        <time>2026-06-01T18:56:16Z</time>
        <hdop>7.3</hdop>
        <extensions>
          <osmand:speed>2.3</osmand:speed>
        </extensions>
      </trkpt>
      <trkpt lat="43.2519018" lon="27.8405256">
        <ele>185.1</ele>
        <time>2026-06-01T18:56:21Z</time>
        <hdop>6.2</hdop>
        <extensions>
          <osmand:speed>2.3</osmand:speed>
        </extensions>
      </trkpt>
      <trkpt lat="43.2518649" lon="27.8407134">
        <ele>185.1</ele>
        <time>2026-06-01T18:56:26Z</time>
        <hdop>5.9</hdop>
        <extensions>
          <osmand:speed>2.3</osmand:speed>
        </extensions>
      </trkpt>
      <trkpt lat="43.2518356" lon="27.8408844">
        <ele>184.6</ele>
        <time>2026-06-01T18:56:31Z</time>
        <hdop>6.3</hdop>
        <extensions>
          <osmand:speed>2.2</osmand:speed>
        </extensions>
      </trkpt>
      <trkpt lat="43.2518002" lon="27.8410418">
        <ele>184.6</ele>
        <time>2026-06-01T18:56:36Z</time>
        <hdop>6.1</hdop>
        <extensions>
          <osmand:speed>2.3</osmand:speed>
        </extensions>
      </trkpt>
      <trkpt lat="43.2517266" lon="27.8411776">
        <ele>184.6</ele>
        <time>2026-06-01T18:56:41Z</time>
        <hdop>6.5</hdop>
        <extensions>
          <osmand:speed>2.3</osmand:speed>
        </extensions>
      </trkpt>
      <trkpt lat="43.2516508" lon="27.8413106">
        <ele>182.3</ele>
        <time>2026-06-01T18:56:46Z</time>
        <hdop>6.8</hdop>
        <extensions>
          <osmand:speed>2.3</osmand:speed>
        </extensions>
      </trkpt>
      <trkpt lat="43.2515668" lon="27.841416">
        <ele>182.3</ele>
        <time>2026-06-01T18:56:51Z</time>
        <hdop>7.3</hdop>
        <extensions>
          <osmand:speed>2</osmand:speed>
        </extensions>
      </trkpt>
      <trkpt lat="43.2514851" lon="27.841488">
        <ele>170.8</ele>
        <time>2026-06-01T18:56:57Z</time>
        <hdop>9.5</hdop>
        <extensions>
          <osmand:speed>1.5</osmand:speed>
        </extensions>
      </trkpt>
      <trkpt lat="43.2514701" lon="27.8414924">
        <ele>182.3</ele>
        <time>2026-06-01T18:57:02Z</time>
        <hdop>6.9</hdop>
        <extensions>
          <osmand:speed>1</osmand:speed>
        </extensions>
      </trkpt>
      <trkpt lat="43.2514214" lon="27.8414627">
        <ele>182.3</ele>
        <time>2026-06-01T18:57:07Z</time>
        <hdop>3.8</hdop>
        <extensions>
          <osmand:speed>1.1</osmand:speed>
        </extensions>
      </trkpt>
      <trkpt lat="43.2513989" lon="27.8414483">
        <ele>185.3</ele>
        <time>2026-06-01T18:57:12Z</time>
        <hdop>3</hdop>
        <extensions>
          <osmand:speed>0.1</osmand:speed>
        </extensions>
      </trkpt>
      <trkpt lat="43.2514005" lon="27.8414239">
        <ele>182</ele>
        <time>2026-06-01T18:57:18Z</time>
        <hdop>3</hdop>
        <extensions>
          <osmand:speed>0.1</osmand:speed>
        </extensions>
      </trkpt>
    </trkseg>
  </trk>
  <extensions>
    <osmand:show_arrows>false</osmand:show_arrows>
    <osmand:show_start_finish>true</osmand:show_start_finish>
    <osmand:split_interval>0.0</osmand:split_interval>
    <osmand:split_type>no_split</osmand:split_type>
    <osmand:line_3d_visualization_by_type>none</osmand:line_3d_visualization_by_type>
    <osmand:line_3d_visualization_wall_color_type>none</osmand:line_3d_visualization_wall_color_type>
    <osmand:line_3d_visualization_position_type>top</osmand:line_3d_visualization_position_type>
    <osmand:vertical_exaggeration_scale>1.0</osmand:vertical_exaggeration_scale>
    <osmand:elevation_meters>1000.0</osmand:elevation_meters>
    <osmand:width></osmand:width>
    <osmand:coloring_type>solid</osmand:coloring_type>
  </extensions>
</gpx>
