<?xml version="1.0"?>
<gpx xmlns="http://www.topografix.com/GPX/1/1" xmlns:xsi="http://www.w3.org/2001/XMLSchema-instance" version="1.1" creator="AllTrails.com" xsi:schemaLocation="http://www.topografix.com/GPX/1/1 http://www.topografix.com/GPX/1/1/gpx.xsd">
  <metadata>
    <name><![CDATA[11 km Ludogorski Marathon]]></name>
    <desc><![CDATA[]]></desc>
    <link href="http://www.alltrails.com">
      <text>AllTrails, LLC</text>
    </link>
    <bounds minlat="43.44593" minlon="26.46756" maxlat="43.47612" maxlon="26.49209"/>
  </metadata>
  <wpt lat="43.448136" lon="26.47777">
    <name><![CDATA[Aid Station Makadama]]></name>
    <desc><![CDATA[]]></desc>
  </wpt>
  <trk>
    <name><![CDATA[11 km Ludogorski Marathon]]></name>
    <src>AllTrails</src>
    <trkseg>
      <trkpt lat="43.47606" lon="26.46764">
        <ele>269.96</ele>
      </trkpt>
      <trkpt lat="43.47606" lon="26.46764">
        <ele>269.96</ele>
      </trkpt>
      <trkpt lat="43.47605" lon="26.46764">
        <ele>270.05</ele>
      </trkpt>
      <trkpt lat="43.47604" lon="26.46765">
        <ele>270.09</ele>
      </trkpt>
      <trkpt lat="43.47602" lon="26.46766">
        <ele>270.22</ele>
      </trkpt>
      <trkpt lat="43.476" lon="26.46767">
        <ele>270.34</ele>
      </trkpt>
      <trkpt lat="43.47598" lon="26.46768">
        <ele>270.46</ele>
      </trkpt>
      <trkpt lat="43.47595" lon="26.46769">
        <ele>270.66</ele>
      </trkpt>
      <trkpt lat="43.47592" lon="26.4677">
        <ele>270.85</ele>
      </trkpt>
      <trkpt lat="43.47589" lon="26.46772">
        <ele>270.97</ele>
      </trkpt>
      <trkpt lat="43.47586" lon="26.46773">
        <ele>271.14</ele>
      </trkpt>
      <trkpt lat="43.47584" lon="26.46774">
        <ele>271.22</ele>
      </trkpt>
      <trkpt lat="43.47581" lon="26.46775">
        <ele>271.45</ele>
      </trkpt>
      <trkpt lat="43.47578" lon="26.46776">
        <ele>271.7</ele>
      </trkpt>
      <trkpt lat="43.47576" lon="26.46777">
        <ele>271.85</ele>
      </trkpt>
      <trkpt lat="43.47573" lon="26.46778">
        <ele>272.12</ele>
      </trkpt>
      <trkpt lat="43.4757" lon="26.46779">
        <ele>272.42</ele>
      </trkpt>
      <trkpt lat="43.47568" lon="26.4678">
        <ele>272.6</ele>
      </trkpt>
      <trkpt lat="43.47565" lon="26.46781">
        <ele>272.83</ele>
      </trkpt>
      <trkpt lat="43.47563" lon="26.46782">
        <ele>272.94</ele>
      </trkpt>
      <trkpt lat="43.47561" lon="26.46783">
        <ele>273.03</ele>
      </trkpt>
      <trkpt lat="43.47558" lon="26.46783">
        <ele>273.25</ele>
      </trkpt>
      <trkpt lat="43.47556" lon="26.46784">
        <ele>273.3</ele>
      </trkpt>
      <trkpt lat="43.47554" lon="26.46785">
        <ele>273.25</ele>
      </trkpt>
      <trkpt lat="43.47551" lon="26.46786">
        <ele>273.21</ele>
      </trkpt>
      <trkpt lat="43.47549" lon="26.46786">
        <ele>273.25</ele>
      </trkpt>
      <trkpt lat="43.47547" lon="26.46787">
        <ele>273.21</ele>
      </trkpt>
      <trkpt lat="43.47544" lon="26.46787">
        <ele>273.28</ele>
      </trkpt>
      <trkpt lat="43.47542" lon="26.46787">
        <ele>273.33</ele>
      </trkpt>
      <trkpt lat="43.4754" lon="26.46787">
        <ele>273.38</ele>
      </trkpt>
      <trkpt lat="43.47538" lon="26.46787">
        <ele>273.42</ele>
      </trkpt>
      <trkpt lat="43.47536" lon="26.46787">
        <ele>273.47</ele>
      </trkpt>
      <trkpt lat="43.47534" lon="26.46787">
        <ele>273.52</ele>
      </trkpt>
      <trkpt lat="43.47531" lon="26.46787">
        <ele>273.59</ele>
      </trkpt>
      <trkpt lat="43.47529" lon="26.46787">
        <ele>273.64</ele>
      </trkpt>
      <trkpt lat="43.47527" lon="26.46786">
        <ele>273.74</ele>
      </trkpt>
      <trkpt lat="43.47524" lon="26.46786">
        <ele>273.9</ele>
      </trkpt>
      <trkpt lat="43.47522" lon="26.46785">
        <ele>274.05</ele>
      </trkpt>
      <trkpt lat="43.47519" lon="26.46785">
        <ele>274.21</ele>
      </trkpt>
      <trkpt lat="43.47517" lon="26.46784">
        <ele>274.38</ele>
      </trkpt>
      <trkpt lat="43.47514" lon="26.46784">
        <ele>274.55</ele>
      </trkpt>
      <trkpt lat="43.47512" lon="26.46783">
        <ele>274.73</ele>
      </trkpt>
      <trkpt lat="43.47509" lon="26.46782">
        <ele>274.99</ele>
      </trkpt>
      <trkpt lat="43.47507" lon="26.46782">
        <ele>275.12</ele>
      </trkpt>
      <trkpt lat="43.47504" lon="26.46782">
        <ele>275.3</ele>
      </trkpt>
      <trkpt lat="43.47502" lon="26.46781">
        <ele>275.52</ele>
      </trkpt>
      <trkpt lat="43.47499" lon="26.46781">
        <ele>275.65</ele>
      </trkpt>
      <trkpt lat="43.47497" lon="26.4678">
        <ele>275.76</ele>
      </trkpt>
      <trkpt lat="43.47495" lon="26.4678">
        <ele>275.76</ele>
      </trkpt>
      <trkpt lat="43.47492" lon="26.4678">
        <ele>275.76</ele>
      </trkpt>
      <trkpt lat="43.4749" lon="26.4678">
        <ele>275.76</ele>
      </trkpt>
      <trkpt lat="43.47489" lon="26.46781">
        <ele>275.65</ele>
      </trkpt>
      <trkpt lat="43.47487" lon="26.46782">
        <ele>275.54</ele>
      </trkpt>
      <trkpt lat="43.47485" lon="26.46783">
        <ele>275.44</ele>
      </trkpt>
      <trkpt lat="43.47483" lon="26.46785">
        <ele>275.22</ele>
      </trkpt>
      <trkpt lat="43.47481" lon="26.46787">
        <ele>275.0</ele>
      </trkpt>
      <trkpt lat="43.47478" lon="26.46789">
        <ele>274.79</ele>
      </trkpt>
      <trkpt lat="43.47476" lon="26.46792">
        <ele>274.46</ele>
      </trkpt>
      <trkpt lat="43.47473" lon="26.46794">
        <ele>274.25</ele>
      </trkpt>
      <trkpt lat="43.47471" lon="26.46796">
        <ele>274.14</ele>
      </trkpt>
      <trkpt lat="43.47468" lon="26.46799">
        <ele>274.05</ele>
      </trkpt>
      <trkpt lat="43.47466" lon="26.46801">
        <ele>273.98</ele>
      </trkpt>
      <trkpt lat="43.47464" lon="26.46804">
        <ele>273.78</ele>
      </trkpt>
      <trkpt lat="43.47462" lon="26.46806">
        <ele>273.71</ele>
      </trkpt>
      <trkpt lat="43.4746" lon="26.46808">
        <ele>273.71</ele>
      </trkpt>
      <trkpt lat="43.47458" lon="26.46811">
        <ele>273.63</ele>
      </trkpt>
      <trkpt lat="43.47455" lon="26.46813">
        <ele>273.64</ele>
      </trkpt>
      <trkpt lat="43.47453" lon="26.46815">
        <ele>273.57</ele>
      </trkpt>
      <trkpt lat="43.4745" lon="26.46816">
        <ele>273.62</ele>
      </trkpt>
      <trkpt lat="43.47448" lon="26.46818">
        <ele>273.51</ele>
      </trkpt>
      <trkpt lat="43.47446" lon="26.46819">
        <ele>273.49</ele>
      </trkpt>
      <trkpt lat="43.47444" lon="26.46821">
        <ele>273.39</ele>
      </trkpt>
      <trkpt lat="43.47442" lon="26.46822">
        <ele>273.52</ele>
      </trkpt>
      <trkpt lat="43.4744" lon="26.46823">
        <ele>273.66</ele>
      </trkpt>
      <trkpt lat="43.47438" lon="26.46825">
        <ele>273.67</ele>
      </trkpt>
      <trkpt lat="43.47435" lon="26.46827">
        <ele>273.78</ele>
      </trkpt>
      <trkpt lat="43.47433" lon="26.46829">
        <ele>273.77</ele>
      </trkpt>
      <trkpt lat="43.47431" lon="26.4683">
        <ele>273.87</ele>
      </trkpt>
      <trkpt lat="43.47428" lon="26.46832">
        <ele>273.95</ele>
      </trkpt>
      <trkpt lat="43.47426" lon="26.46833">
        <ele>274.04</ele>
      </trkpt>
      <trkpt lat="43.47424" lon="26.46835">
        <ele>274.14</ele>
      </trkpt>
      <trkpt lat="43.47423" lon="26.46836">
        <ele>274.19</ele>
      </trkpt>
      <trkpt lat="43.47421" lon="26.46837">
        <ele>274.33</ele>
      </trkpt>
      <trkpt lat="43.47419" lon="26.46839">
        <ele>274.39</ele>
      </trkpt>
      <trkpt lat="43.47417" lon="26.4684">
        <ele>274.49</ele>
      </trkpt>
      <trkpt lat="43.47415" lon="26.46841">
        <ele>274.67</ele>
      </trkpt>
      <trkpt lat="43.47413" lon="26.46842">
        <ele>274.86</ele>
      </trkpt>
      <trkpt lat="43.47411" lon="26.46842">
        <ele>275.13</ele>
      </trkpt>
      <trkpt lat="43.47409" lon="26.46841">
        <ele>275.48</ele>
      </trkpt>
      <trkpt lat="43.47407" lon="26.4684">
        <ele>275.83</ele>
      </trkpt>
      <trkpt lat="43.47405" lon="26.46838">
        <ele>276.27</ele>
      </trkpt>
      <trkpt lat="43.47403" lon="26.46836">
        <ele>276.73</ele>
      </trkpt>
      <trkpt lat="43.47401" lon="26.46834">
        <ele>277.19</ele>
      </trkpt>
      <trkpt lat="43.474" lon="26.46831">
        <ele>277.84</ele>
      </trkpt>
      <trkpt lat="43.47398" lon="26.46829">
        <ele>278.52</ele>
      </trkpt>
      <trkpt lat="43.47396" lon="26.46827">
        <ele>279.23</ele>
      </trkpt>
      <trkpt lat="43.47395" lon="26.46824">
        <ele>279.99</ele>
      </trkpt>
      <trkpt lat="43.47393" lon="26.46823">
        <ele>280.53</ele>
      </trkpt>
      <trkpt lat="43.47391" lon="26.46822">
        <ele>281.08</ele>
      </trkpt>
      <trkpt lat="43.47389" lon="26.46822">
        <ele>281.43</ele>
      </trkpt>
      <trkpt lat="43.47387" lon="26.46823">
        <ele>281.82</ele>
      </trkpt>
      <trkpt lat="43.47386" lon="26.46825">
        <ele>281.7</ele>
      </trkpt>
      <trkpt lat="43.47384" lon="26.46827">
        <ele>281.91</ele>
      </trkpt>
      <trkpt lat="43.47382" lon="26.4683">
        <ele>281.92</ele>
      </trkpt>
      <trkpt lat="43.47381" lon="26.46832">
        <ele>281.83</ele>
      </trkpt>
      <trkpt lat="43.4738" lon="26.46835">
        <ele>281.62</ele>
      </trkpt>
      <trkpt lat="43.47379" lon="26.46839">
        <ele>281.3</ele>
      </trkpt>
      <trkpt lat="43.47378" lon="26.46842">
        <ele>281.1</ele>
      </trkpt>
      <trkpt lat="43.47376" lon="26.46845">
        <ele>281.14</ele>
      </trkpt>
      <trkpt lat="43.47375" lon="26.46847">
        <ele>281.04</ele>
      </trkpt>
      <trkpt lat="43.47374" lon="26.4685">
        <ele>280.74</ele>
      </trkpt>
      <trkpt lat="43.47373" lon="26.46853">
        <ele>280.4</ele>
      </trkpt>
      <trkpt lat="43.47371" lon="26.46855">
        <ele>280.45</ele>
      </trkpt>
      <trkpt lat="43.47371" lon="26.46858">
        <ele>279.84</ele>
      </trkpt>
      <trkpt lat="43.4737" lon="26.46861">
        <ele>279.42</ele>
      </trkpt>
      <trkpt lat="43.47369" lon="26.46864">
        <ele>279.36</ele>
      </trkpt>
      <trkpt lat="43.47368" lon="26.46867">
        <ele>279.28</ele>
      </trkpt>
      <trkpt lat="43.47367" lon="26.4687">
        <ele>279.18</ele>
      </trkpt>
      <trkpt lat="43.47365" lon="26.46873">
        <ele>279.2</ele>
      </trkpt>
      <trkpt lat="43.47364" lon="26.46876">
        <ele>279.04</ele>
      </trkpt>
      <trkpt lat="43.47363" lon="26.46879">
        <ele>278.86</ele>
      </trkpt>
      <trkpt lat="43.47361" lon="26.46881">
        <ele>278.88</ele>
      </trkpt>
      <trkpt lat="43.4736" lon="26.46884">
        <ele>278.82</ele>
      </trkpt>
      <trkpt lat="43.47358" lon="26.46887">
        <ele>278.93</ele>
      </trkpt>
      <trkpt lat="43.47356" lon="26.4689">
        <ele>278.97</ele>
      </trkpt>
      <trkpt lat="43.47355" lon="26.46892">
        <ele>278.93</ele>
      </trkpt>
      <trkpt lat="43.47353" lon="26.46895">
        <ele>278.96</ele>
      </trkpt>
      <trkpt lat="43.47351" lon="26.46898">
        <ele>278.96</ele>
      </trkpt>
      <trkpt lat="43.4735" lon="26.46901">
        <ele>278.74</ele>
      </trkpt>
      <trkpt lat="43.47348" lon="26.46904">
        <ele>278.69</ele>
      </trkpt>
      <trkpt lat="43.47347" lon="26.46907">
        <ele>278.43</ele>
      </trkpt>
      <trkpt lat="43.47346" lon="26.46909">
        <ele>278.3</ele>
      </trkpt>
      <trkpt lat="43.47344" lon="26.46912">
        <ele>278.17</ele>
      </trkpt>
      <trkpt lat="43.47343" lon="26.46915">
        <ele>277.87</ele>
      </trkpt>
      <trkpt lat="43.47341" lon="26.46918">
        <ele>277.8</ele>
      </trkpt>
      <trkpt lat="43.4734" lon="26.46921">
        <ele>277.72</ele>
      </trkpt>
      <trkpt lat="43.47338" lon="26.46924">
        <ele>277.71</ele>
      </trkpt>
      <trkpt lat="43.47337" lon="26.46927">
        <ele>277.55</ele>
      </trkpt>
      <trkpt lat="43.47336" lon="26.4693">
        <ele>277.36</ele>
      </trkpt>
      <trkpt lat="43.47334" lon="26.46933">
        <ele>277.2</ele>
      </trkpt>
      <trkpt lat="43.47333" lon="26.46936">
        <ele>276.97</ele>
      </trkpt>
      <trkpt lat="43.47332" lon="26.46939">
        <ele>276.85</ele>
      </trkpt>
      <trkpt lat="43.4733" lon="26.46942">
        <ele>276.95</ele>
      </trkpt>
      <trkpt lat="43.47329" lon="26.46945">
        <ele>276.92</ele>
      </trkpt>
      <trkpt lat="43.47327" lon="26.46948">
        <ele>277.25</ele>
      </trkpt>
      <trkpt lat="43.47326" lon="26.46951">
        <ele>277.33</ele>
      </trkpt>
      <trkpt lat="43.47324" lon="26.46954">
        <ele>277.55</ele>
      </trkpt>
      <trkpt lat="43.47322" lon="26.46957">
        <ele>277.71</ele>
      </trkpt>
      <trkpt lat="43.47321" lon="26.4696">
        <ele>277.67</ele>
      </trkpt>
      <trkpt lat="43.47319" lon="26.46964">
        <ele>277.64</ele>
      </trkpt>
      <trkpt lat="43.47317" lon="26.46967">
        <ele>277.62</ele>
      </trkpt>
      <trkpt lat="43.47315" lon="26.4697">
        <ele>277.53</ele>
      </trkpt>
      <trkpt lat="43.47314" lon="26.46973">
        <ele>277.33</ele>
      </trkpt>
      <trkpt lat="43.47312" lon="26.46975">
        <ele>277.31</ele>
      </trkpt>
      <trkpt lat="43.4731" lon="26.46978">
        <ele>277.16</ele>
      </trkpt>
      <trkpt lat="43.47309" lon="26.4698">
        <ele>277.02</ele>
      </trkpt>
      <trkpt lat="43.47307" lon="26.46982">
        <ele>276.89</ele>
      </trkpt>
      <trkpt lat="43.47305" lon="26.46984">
        <ele>276.79</ele>
      </trkpt>
      <trkpt lat="43.47303" lon="26.46987">
        <ele>276.67</ele>
      </trkpt>
      <trkpt lat="43.473" lon="26.46989">
        <ele>276.75</ele>
      </trkpt>
      <trkpt lat="43.47298" lon="26.46992">
        <ele>276.56</ele>
      </trkpt>
      <trkpt lat="43.47295" lon="26.46995">
        <ele>276.44</ele>
      </trkpt>
      <trkpt lat="43.47292" lon="26.46998">
        <ele>276.26</ele>
      </trkpt>
      <trkpt lat="43.4729" lon="26.47">
        <ele>276.12</ele>
      </trkpt>
      <trkpt lat="43.47287" lon="26.47002">
        <ele>276.22</ele>
      </trkpt>
      <trkpt lat="43.47284" lon="26.47004">
        <ele>276.3</ele>
      </trkpt>
      <trkpt lat="43.47282" lon="26.47005">
        <ele>276.36</ele>
      </trkpt>
      <trkpt lat="43.47279" lon="26.47007">
        <ele>276.42</ele>
      </trkpt>
      <trkpt lat="43.47276" lon="26.47008">
        <ele>276.61</ele>
      </trkpt>
      <trkpt lat="43.47274" lon="26.47009">
        <ele>276.72</ele>
      </trkpt>
      <trkpt lat="43.47271" lon="26.4701">
        <ele>276.9</ele>
      </trkpt>
      <trkpt lat="43.47269" lon="26.47012">
        <ele>276.85</ele>
      </trkpt>
      <trkpt lat="43.47266" lon="26.47013">
        <ele>276.97</ele>
      </trkpt>
      <trkpt lat="43.47264" lon="26.47015">
        <ele>276.83</ele>
      </trkpt>
      <trkpt lat="43.47261" lon="26.47016">
        <ele>276.87</ele>
      </trkpt>
      <trkpt lat="43.47259" lon="26.47017">
        <ele>276.83</ele>
      </trkpt>
      <trkpt lat="43.47257" lon="26.47018">
        <ele>276.76</ele>
      </trkpt>
      <trkpt lat="43.47255" lon="26.47019">
        <ele>276.67</ele>
      </trkpt>
      <trkpt lat="43.47253" lon="26.4702">
        <ele>276.56</ele>
      </trkpt>
      <trkpt lat="43.4725" lon="26.47022">
        <ele>276.25</ele>
      </trkpt>
      <trkpt lat="43.47247" lon="26.47023">
        <ele>275.98</ele>
      </trkpt>
      <trkpt lat="43.47245" lon="26.47025">
        <ele>275.4</ele>
      </trkpt>
      <trkpt lat="43.47242" lon="26.47026">
        <ele>274.97</ele>
      </trkpt>
      <trkpt lat="43.4724" lon="26.47028">
        <ele>274.29</ele>
      </trkpt>
      <trkpt lat="43.47237" lon="26.47029">
        <ele>274.13</ele>
      </trkpt>
      <trkpt lat="43.47235" lon="26.47031">
        <ele>274.1</ele>
      </trkpt>
      <trkpt lat="43.47232" lon="26.47032">
        <ele>273.95</ele>
      </trkpt>
      <trkpt lat="43.4723" lon="26.47034">
        <ele>273.95</ele>
      </trkpt>
      <trkpt lat="43.47228" lon="26.47035">
        <ele>273.88</ele>
      </trkpt>
      <trkpt lat="43.47225" lon="26.47037">
        <ele>273.83</ele>
      </trkpt>
      <trkpt lat="43.47223" lon="26.47038">
        <ele>273.78</ele>
      </trkpt>
      <trkpt lat="43.47221" lon="26.47039">
        <ele>273.96</ele>
      </trkpt>
      <trkpt lat="43.47219" lon="26.47041">
        <ele>274.27</ele>
      </trkpt>
      <trkpt lat="43.47216" lon="26.47043">
        <ele>274.56</ele>
      </trkpt>
      <trkpt lat="43.47214" lon="26.47044">
        <ele>274.68</ele>
      </trkpt>
      <trkpt lat="43.47211" lon="26.47046">
        <ele>274.75</ele>
      </trkpt>
      <trkpt lat="43.47209" lon="26.47048">
        <ele>274.67</ele>
      </trkpt>
      <trkpt lat="43.47206" lon="26.47051">
        <ele>274.37</ele>
      </trkpt>
      <trkpt lat="43.47204" lon="26.47053">
        <ele>274.05</ele>
      </trkpt>
      <trkpt lat="43.47201" lon="26.47055">
        <ele>273.57</ele>
      </trkpt>
      <trkpt lat="43.47199" lon="26.47058">
        <ele>273.21</ele>
      </trkpt>
      <trkpt lat="43.47197" lon="26.4706">
        <ele>272.92</ele>
      </trkpt>
      <trkpt lat="43.47195" lon="26.47062">
        <ele>272.59</ele>
      </trkpt>
      <trkpt lat="43.47193" lon="26.47065">
        <ele>272.51</ele>
      </trkpt>
      <trkpt lat="43.47191" lon="26.47068">
        <ele>272.54</ele>
      </trkpt>
      <trkpt lat="43.47189" lon="26.4707">
        <ele>272.64</ele>
      </trkpt>
      <trkpt lat="43.47187" lon="26.47073">
        <ele>272.65</ele>
      </trkpt>
      <trkpt lat="43.47185" lon="26.47076">
        <ele>272.64</ele>
      </trkpt>
      <trkpt lat="43.47184" lon="26.47079">
        <ele>272.5</ele>
      </trkpt>
      <trkpt lat="43.47182" lon="26.47081">
        <ele>272.55</ele>
      </trkpt>
      <trkpt lat="43.47181" lon="26.47083">
        <ele>272.48</ele>
      </trkpt>
      <trkpt lat="43.47179" lon="26.47086">
        <ele>272.76</ele>
      </trkpt>
      <trkpt lat="43.47178" lon="26.47088">
        <ele>272.89</ele>
      </trkpt>
      <trkpt lat="43.47176" lon="26.47091">
        <ele>273.0</ele>
      </trkpt>
      <trkpt lat="43.47175" lon="26.47093">
        <ele>273.0</ele>
      </trkpt>
      <trkpt lat="43.47173" lon="26.47096">
        <ele>272.88</ele>
      </trkpt>
      <trkpt lat="43.47172" lon="26.47098">
        <ele>272.75</ele>
      </trkpt>
      <trkpt lat="43.4717" lon="26.47101">
        <ele>272.42</ele>
      </trkpt>
      <trkpt lat="43.47169" lon="26.47104">
        <ele>272.08</ele>
      </trkpt>
      <trkpt lat="43.47167" lon="26.47107">
        <ele>271.5</ele>
      </trkpt>
      <trkpt lat="43.47166" lon="26.4711">
        <ele>272.15</ele>
      </trkpt>
      <trkpt lat="43.47164" lon="26.47113">
        <ele>275.52</ele>
      </trkpt>
      <trkpt lat="43.47163" lon="26.47117">
        <ele>277.63</ele>
      </trkpt>
      <trkpt lat="43.47162" lon="26.47119">
        <ele>279.16</ele>
      </trkpt>
      <trkpt lat="43.47161" lon="26.47122">
        <ele>280.58</ele>
      </trkpt>
      <trkpt lat="43.47159" lon="26.47125">
        <ele>282.68</ele>
      </trkpt>
      <trkpt lat="43.47158" lon="26.47128">
        <ele>283.44</ele>
      </trkpt>
      <trkpt lat="43.47157" lon="26.47131">
        <ele>283.94</ele>
      </trkpt>
      <trkpt lat="43.47156" lon="26.47133">
        <ele>284.32</ele>
      </trkpt>
      <trkpt lat="43.47155" lon="26.47137">
        <ele>284.14</ele>
      </trkpt>
      <trkpt lat="43.47153" lon="26.4714">
        <ele>284.21</ele>
      </trkpt>
      <trkpt lat="43.47152" lon="26.47143">
        <ele>283.88</ele>
      </trkpt>
      <trkpt lat="43.47151" lon="26.47146">
        <ele>283.46</ele>
      </trkpt>
      <trkpt lat="43.4715" lon="26.4715">
        <ele>282.68</ele>
      </trkpt>
      <trkpt lat="43.47149" lon="26.47153">
        <ele>282.03</ele>
      </trkpt>
      <trkpt lat="43.47148" lon="26.47156">
        <ele>281.28</ele>
      </trkpt>
      <trkpt lat="43.47147" lon="26.4716">
        <ele>280.14</ele>
      </trkpt>
      <trkpt lat="43.47146" lon="26.47163">
        <ele>279.17</ele>
      </trkpt>
      <trkpt lat="43.47145" lon="26.47166">
        <ele>278.1</ele>
      </trkpt>
      <trkpt lat="43.47144" lon="26.4717">
        <ele>277.34</ele>
      </trkpt>
      <trkpt lat="43.47143" lon="26.47173">
        <ele>276.81</ele>
      </trkpt>
      <trkpt lat="43.47143" lon="26.47177">
        <ele>276.32</ele>
      </trkpt>
      <trkpt lat="43.47142" lon="26.4718">
        <ele>275.74</ele>
      </trkpt>
      <trkpt lat="43.47141" lon="26.47184">
        <ele>275.0</ele>
      </trkpt>
      <trkpt lat="43.4714" lon="26.47187">
        <ele>274.35</ele>
      </trkpt>
      <trkpt lat="43.47139" lon="26.47191">
        <ele>273.53</ele>
      </trkpt>
      <trkpt lat="43.47138" lon="26.47194">
        <ele>273.39</ele>
      </trkpt>
      <trkpt lat="43.47137" lon="26.47198">
        <ele>273.76</ele>
      </trkpt>
      <trkpt lat="43.47137" lon="26.47201">
        <ele>273.82</ele>
      </trkpt>
      <trkpt lat="43.47136" lon="26.47204">
        <ele>274.17</ele>
      </trkpt>
      <trkpt lat="43.47135" lon="26.47207">
        <ele>274.47</ele>
      </trkpt>
      <trkpt lat="43.47134" lon="26.4721">
        <ele>274.73</ele>
      </trkpt>
      <trkpt lat="43.47134" lon="26.47213">
        <ele>274.72</ele>
      </trkpt>
      <trkpt lat="43.47133" lon="26.47216">
        <ele>274.91</ele>
      </trkpt>
      <trkpt lat="43.47132" lon="26.47219">
        <ele>275.05</ele>
      </trkpt>
      <trkpt lat="43.47131" lon="26.47222">
        <ele>275.14</ele>
      </trkpt>
      <trkpt lat="43.47129" lon="26.47225">
        <ele>275.56</ele>
      </trkpt>
      <trkpt lat="43.47128" lon="26.47228">
        <ele>275.86</ele>
      </trkpt>
      <trkpt lat="43.47126" lon="26.47232">
        <ele>276.37</ele>
      </trkpt>
      <trkpt lat="43.47124" lon="26.47235">
        <ele>276.85</ele>
      </trkpt>
      <trkpt lat="43.47123" lon="26.47238">
        <ele>277.18</ele>
      </trkpt>
      <trkpt lat="43.47121" lon="26.47241">
        <ele>277.69</ele>
      </trkpt>
      <trkpt lat="43.47119" lon="26.47244">
        <ele>278.21</ele>
      </trkpt>
      <trkpt lat="43.47118" lon="26.47247">
        <ele>278.57</ele>
      </trkpt>
      <trkpt lat="43.47116" lon="26.4725">
        <ele>279.12</ele>
      </trkpt>
      <trkpt lat="43.47114" lon="26.47253">
        <ele>279.19</ele>
      </trkpt>
      <trkpt lat="43.47113" lon="26.47256">
        <ele>279.06</ele>
      </trkpt>
      <trkpt lat="43.47111" lon="26.47259">
        <ele>279.05</ele>
      </trkpt>
      <trkpt lat="43.47109" lon="26.47262">
        <ele>279.08</ele>
      </trkpt>
      <trkpt lat="43.47107" lon="26.47265">
        <ele>279.12</ele>
      </trkpt>
      <trkpt lat="43.47106" lon="26.47269">
        <ele>278.87</ele>
      </trkpt>
      <trkpt lat="43.47104" lon="26.47271">
        <ele>279.01</ele>
      </trkpt>
      <trkpt lat="43.47102" lon="26.47274">
        <ele>279.05</ele>
      </trkpt>
      <trkpt lat="43.471" lon="26.47277">
        <ele>279.08</ele>
      </trkpt>
      <trkpt lat="43.47098" lon="26.47279">
        <ele>279.29</ele>
      </trkpt>
      <trkpt lat="43.47096" lon="26.47281">
        <ele>279.55</ele>
      </trkpt>
      <trkpt lat="43.47094" lon="26.47283">
        <ele>279.82</ele>
      </trkpt>
      <trkpt lat="43.47092" lon="26.47285">
        <ele>280.1</ele>
      </trkpt>
      <trkpt lat="43.47089" lon="26.47288">
        <ele>280.54</ele>
      </trkpt>
      <trkpt lat="43.47087" lon="26.4729">
        <ele>280.84</ele>
      </trkpt>
      <trkpt lat="43.47084" lon="26.47292">
        <ele>281.36</ele>
      </trkpt>
      <trkpt lat="43.47082" lon="26.47294">
        <ele>281.41</ele>
      </trkpt>
      <trkpt lat="43.4708" lon="26.47296">
        <ele>281.27</ele>
      </trkpt>
      <trkpt lat="43.47077" lon="26.47297">
        <ele>281.12</ele>
      </trkpt>
      <trkpt lat="43.47075" lon="26.47299">
        <ele>280.83</ele>
      </trkpt>
      <trkpt lat="43.47072" lon="26.473">
        <ele>280.55</ele>
      </trkpt>
      <trkpt lat="43.4707" lon="26.47302">
        <ele>280.12</ele>
      </trkpt>
      <trkpt lat="43.47068" lon="26.47304">
        <ele>279.62</ele>
      </trkpt>
      <trkpt lat="43.47065" lon="26.47305">
        <ele>279.13</ele>
      </trkpt>
      <trkpt lat="43.47063" lon="26.47307">
        <ele>279.06</ele>
      </trkpt>
      <trkpt lat="43.4706" lon="26.47309">
        <ele>279.14</ele>
      </trkpt>
      <trkpt lat="43.47058" lon="26.47311">
        <ele>279.37</ele>
      </trkpt>
      <trkpt lat="43.47055" lon="26.47313">
        <ele>279.75</ele>
      </trkpt>
      <trkpt lat="43.47052" lon="26.47315">
        <ele>280.93</ele>
      </trkpt>
      <trkpt lat="43.4705" lon="26.47317">
        <ele>281.82</ele>
      </trkpt>
      <trkpt lat="43.47047" lon="26.47319">
        <ele>282.92</ele>
      </trkpt>
      <trkpt lat="43.47045" lon="26.4732">
        <ele>283.57</ele>
      </trkpt>
      <trkpt lat="43.47042" lon="26.47322">
        <ele>284.59</ele>
      </trkpt>
      <trkpt lat="43.4704" lon="26.47324">
        <ele>285.35</ele>
      </trkpt>
      <trkpt lat="43.47037" lon="26.47326">
        <ele>286.29</ele>
      </trkpt>
      <trkpt lat="43.47034" lon="26.47329">
        <ele>287.31</ele>
      </trkpt>
      <trkpt lat="43.47031" lon="26.47331">
        <ele>288.14</ele>
      </trkpt>
      <trkpt lat="43.47029" lon="26.47333">
        <ele>288.74</ele>
      </trkpt>
      <trkpt lat="43.47026" lon="26.47335">
        <ele>289.11</ele>
      </trkpt>
      <trkpt lat="43.47024" lon="26.47337">
        <ele>289.15</ele>
      </trkpt>
      <trkpt lat="43.47021" lon="26.47339">
        <ele>289.22</ele>
      </trkpt>
      <trkpt lat="43.47019" lon="26.4734">
        <ele>289.25</ele>
      </trkpt>
      <trkpt lat="43.47017" lon="26.47342">
        <ele>289.08</ele>
      </trkpt>
      <trkpt lat="43.47014" lon="26.47343">
        <ele>289.08</ele>
      </trkpt>
      <trkpt lat="43.47012" lon="26.47345">
        <ele>288.76</ele>
      </trkpt>
      <trkpt lat="43.4701" lon="26.47346">
        <ele>288.61</ele>
      </trkpt>
      <trkpt lat="43.47007" lon="26.47347">
        <ele>288.43</ele>
      </trkpt>
      <trkpt lat="43.47005" lon="26.47349">
        <ele>287.91</ele>
      </trkpt>
      <trkpt lat="43.47002" lon="26.4735">
        <ele>287.61</ele>
      </trkpt>
      <trkpt lat="43.47" lon="26.47351">
        <ele>287.28</ele>
      </trkpt>
      <trkpt lat="43.46997" lon="26.47352">
        <ele>287.31</ele>
      </trkpt>
      <trkpt lat="43.46995" lon="26.47353">
        <ele>287.22</ele>
      </trkpt>
      <trkpt lat="43.46992" lon="26.47354">
        <ele>287.24</ele>
      </trkpt>
      <trkpt lat="43.46989" lon="26.47355">
        <ele>287.26</ele>
      </trkpt>
      <trkpt lat="43.46987" lon="26.47356">
        <ele>287.15</ele>
      </trkpt>
      <trkpt lat="43.46984" lon="26.47357">
        <ele>287.15</ele>
      </trkpt>
      <trkpt lat="43.46982" lon="26.47358">
        <ele>287.02</ele>
      </trkpt>
      <trkpt lat="43.4698" lon="26.47359">
        <ele>286.9</ele>
      </trkpt>
      <trkpt lat="43.46978" lon="26.4736">
        <ele>286.77</ele>
      </trkpt>
      <trkpt lat="43.46976" lon="26.4736">
        <ele>286.99</ele>
      </trkpt>
      <trkpt lat="43.46974" lon="26.4736">
        <ele>287.21</ele>
      </trkpt>
      <trkpt lat="43.46972" lon="26.47361">
        <ele>287.07</ele>
      </trkpt>
      <trkpt lat="43.4697" lon="26.47361">
        <ele>287.36</ele>
      </trkpt>
      <trkpt lat="43.46967" lon="26.47361">
        <ele>287.8</ele>
      </trkpt>
      <trkpt lat="43.46965" lon="26.47361">
        <ele>288.08</ele>
      </trkpt>
      <trkpt lat="43.46963" lon="26.47362">
        <ele>288.13</ele>
      </trkpt>
      <trkpt lat="43.4696" lon="26.47363">
        <ele>288.32</ele>
      </trkpt>
      <trkpt lat="43.46958" lon="26.47363">
        <ele>288.61</ele>
      </trkpt>
      <trkpt lat="43.46955" lon="26.47364">
        <ele>288.79</ele>
      </trkpt>
      <trkpt lat="43.46953" lon="26.47365">
        <ele>288.83</ele>
      </trkpt>
      <trkpt lat="43.4695" lon="26.47366">
        <ele>289.0</ele>
      </trkpt>
      <trkpt lat="43.46948" lon="26.47367">
        <ele>289.03</ele>
      </trkpt>
      <trkpt lat="43.46945" lon="26.47368">
        <ele>289.19</ele>
      </trkpt>
      <trkpt lat="43.46943" lon="26.47368">
        <ele>289.76</ele>
      </trkpt>
      <trkpt lat="43.46941" lon="26.47369">
        <ele>290.16</ele>
      </trkpt>
      <trkpt lat="43.46938" lon="26.47369">
        <ele>291.17</ele>
      </trkpt>
      <trkpt lat="43.46936" lon="26.47369">
        <ele>291.84</ele>
      </trkpt>
      <trkpt lat="43.46933" lon="26.47369">
        <ele>292.84</ele>
      </trkpt>
      <trkpt lat="43.4693" lon="26.47369">
        <ele>293.85</ele>
      </trkpt>
      <trkpt lat="43.46927" lon="26.47369">
        <ele>294.85</ele>
      </trkpt>
      <trkpt lat="43.46925" lon="26.47369">
        <ele>295.52</ele>
      </trkpt>
      <trkpt lat="43.46922" lon="26.4737">
        <ele>296.1</ele>
      </trkpt>
      <trkpt lat="43.46919" lon="26.4737">
        <ele>297.08</ele>
      </trkpt>
      <trkpt lat="43.46916" lon="26.4737">
        <ele>297.94</ele>
      </trkpt>
      <trkpt lat="43.46913" lon="26.4737">
        <ele>298.37</ele>
      </trkpt>
      <trkpt lat="43.4691" lon="26.47371">
        <ele>298.33</ele>
      </trkpt>
      <trkpt lat="43.46907" lon="26.47371">
        <ele>298.76</ele>
      </trkpt>
      <trkpt lat="43.46905" lon="26.47371">
        <ele>299.05</ele>
      </trkpt>
      <trkpt lat="43.46902" lon="26.47371">
        <ele>299.48</ele>
      </trkpt>
      <trkpt lat="43.46899" lon="26.4737">
        <ele>300.38</ele>
      </trkpt>
      <trkpt lat="43.46897" lon="26.4737">
        <ele>300.67</ele>
      </trkpt>
      <trkpt lat="43.46894" lon="26.4737">
        <ele>301.1</ele>
      </trkpt>
      <trkpt lat="43.46892" lon="26.47369">
        <ele>301.86</ele>
      </trkpt>
      <trkpt lat="43.46889" lon="26.47369">
        <ele>302.29</ele>
      </trkpt>
      <trkpt lat="43.46886" lon="26.47369">
        <ele>302.28</ele>
      </trkpt>
      <trkpt lat="43.46883" lon="26.47369">
        <ele>302.25</ele>
      </trkpt>
      <trkpt lat="43.4688" lon="26.4737">
        <ele>301.81</ele>
      </trkpt>
      <trkpt lat="43.46877" lon="26.4737">
        <ele>301.81</ele>
      </trkpt>
      <trkpt lat="43.46875" lon="26.4737">
        <ele>301.8</ele>
      </trkpt>
      <trkpt lat="43.46872" lon="26.4737">
        <ele>301.79</ele>
      </trkpt>
      <trkpt lat="43.46869" lon="26.4737">
        <ele>301.78</ele>
      </trkpt>
      <trkpt lat="43.46867" lon="26.4737">
        <ele>301.78</ele>
      </trkpt>
      <trkpt lat="43.46864" lon="26.4737">
        <ele>301.77</ele>
      </trkpt>
      <trkpt lat="43.46862" lon="26.4737">
        <ele>301.76</ele>
      </trkpt>
      <trkpt lat="43.46859" lon="26.4737">
        <ele>300.95</ele>
      </trkpt>
      <trkpt lat="43.46857" lon="26.4737">
        <ele>300.19</ele>
      </trkpt>
      <trkpt lat="43.46854" lon="26.47369">
        <ele>299.31</ele>
      </trkpt>
      <trkpt lat="43.46851" lon="26.47369">
        <ele>298.17</ele>
      </trkpt>
      <trkpt lat="43.46849" lon="26.47369">
        <ele>297.4</ele>
      </trkpt>
      <trkpt lat="43.46846" lon="26.47369">
        <ele>296.26</ele>
      </trkpt>
      <trkpt lat="43.46844" lon="26.47368">
        <ele>295.8</ele>
      </trkpt>
      <trkpt lat="43.46841" lon="26.47368">
        <ele>294.66</ele>
      </trkpt>
      <trkpt lat="43.46838" lon="26.47369">
        <ele>293.22</ele>
      </trkpt>
      <trkpt lat="43.46835" lon="26.47369">
        <ele>292.08</ele>
      </trkpt>
      <trkpt lat="43.46832" lon="26.47369">
        <ele>291.26</ele>
      </trkpt>
      <trkpt lat="43.46829" lon="26.4737">
        <ele>290.54</ele>
      </trkpt>
      <trkpt lat="43.46827" lon="26.4737">
        <ele>290.27</ele>
      </trkpt>
      <trkpt lat="43.46824" lon="26.47371">
        <ele>289.59</ele>
      </trkpt>
      <trkpt lat="43.46821" lon="26.47371">
        <ele>289.21</ele>
      </trkpt>
      <trkpt lat="43.46818" lon="26.47371">
        <ele>288.82</ele>
      </trkpt>
      <trkpt lat="43.46815" lon="26.47371">
        <ele>288.44</ele>
      </trkpt>
      <trkpt lat="43.46812" lon="26.4737">
        <ele>288.26</ele>
      </trkpt>
      <trkpt lat="43.4681" lon="26.4737">
        <ele>288.0</ele>
      </trkpt>
      <trkpt lat="43.46807" lon="26.4737">
        <ele>287.59</ele>
      </trkpt>
      <trkpt lat="43.46804" lon="26.47371">
        <ele>287.35</ele>
      </trkpt>
      <trkpt lat="43.46801" lon="26.47371">
        <ele>287.61</ele>
      </trkpt>
      <trkpt lat="43.46797" lon="26.47372">
        <ele>287.78</ele>
      </trkpt>
      <trkpt lat="43.46794" lon="26.47373">
        <ele>287.87</ele>
      </trkpt>
      <trkpt lat="43.46791" lon="26.47373">
        <ele>288.13</ele>
      </trkpt>
      <trkpt lat="43.46788" lon="26.47374">
        <ele>288.24</ele>
      </trkpt>
      <trkpt lat="43.46785" lon="26.47375">
        <ele>288.35</ele>
      </trkpt>
      <trkpt lat="43.46783" lon="26.47375">
        <ele>288.53</ele>
      </trkpt>
      <trkpt lat="43.4678" lon="26.47376">
        <ele>288.65</ele>
      </trkpt>
      <trkpt lat="43.46778" lon="26.47377">
        <ele>288.69</ele>
      </trkpt>
      <trkpt lat="43.46776" lon="26.47379">
        <ele>289.17</ele>
      </trkpt>
      <trkpt lat="43.46773" lon="26.4738">
        <ele>290.28</ele>
      </trkpt>
      <trkpt lat="43.46771" lon="26.47382">
        <ele>290.8</ele>
      </trkpt>
      <trkpt lat="43.46769" lon="26.47384">
        <ele>291.29</ele>
      </trkpt>
      <trkpt lat="43.46766" lon="26.47387">
        <ele>291.99</ele>
      </trkpt>
      <trkpt lat="43.46764" lon="26.47389">
        <ele>292.44</ele>
      </trkpt>
      <trkpt lat="43.46762" lon="26.47391">
        <ele>292.86</ele>
      </trkpt>
      <trkpt lat="43.4676" lon="26.47394">
        <ele>293.07</ele>
      </trkpt>
      <trkpt lat="43.46758" lon="26.47397">
        <ele>293.25</ele>
      </trkpt>
      <trkpt lat="43.46756" lon="26.47399">
        <ele>293.6</ele>
      </trkpt>
      <trkpt lat="43.46755" lon="26.47402">
        <ele>293.36</ele>
      </trkpt>
      <trkpt lat="43.46753" lon="26.47404">
        <ele>293.67</ele>
      </trkpt>
      <trkpt lat="43.46751" lon="26.47407">
        <ele>293.74</ele>
      </trkpt>
      <trkpt lat="43.46749" lon="26.4741">
        <ele>293.54</ele>
      </trkpt>
      <trkpt lat="43.46748" lon="26.47412">
        <ele>293.21</ele>
      </trkpt>
      <trkpt lat="43.46746" lon="26.47415">
        <ele>292.78</ele>
      </trkpt>
      <trkpt lat="43.46744" lon="26.47417">
        <ele>292.64</ele>
      </trkpt>
      <trkpt lat="43.46743" lon="26.4742">
        <ele>292.64</ele>
      </trkpt>
      <trkpt lat="43.46741" lon="26.47422">
        <ele>292.78</ele>
      </trkpt>
      <trkpt lat="43.46739" lon="26.47425">
        <ele>292.89</ele>
      </trkpt>
      <trkpt lat="43.46738" lon="26.47427">
        <ele>292.92</ele>
      </trkpt>
      <trkpt lat="43.46736" lon="26.4743">
        <ele>293.03</ele>
      </trkpt>
      <trkpt lat="43.46734" lon="26.47433">
        <ele>293.14</ele>
      </trkpt>
      <trkpt lat="43.46732" lon="26.47436">
        <ele>293.25</ele>
      </trkpt>
      <trkpt lat="43.4673" lon="26.4744">
        <ele>293.32</ele>
      </trkpt>
      <trkpt lat="43.46728" lon="26.47443">
        <ele>293.43</ele>
      </trkpt>
      <trkpt lat="43.46726" lon="26.47446">
        <ele>293.59</ele>
      </trkpt>
      <trkpt lat="43.46725" lon="26.47449">
        <ele>293.7</ele>
      </trkpt>
      <trkpt lat="43.46723" lon="26.47452">
        <ele>293.92</ele>
      </trkpt>
      <trkpt lat="43.46721" lon="26.47455">
        <ele>294.27</ele>
      </trkpt>
      <trkpt lat="43.4672" lon="26.47458">
        <ele>294.48</ele>
      </trkpt>
      <trkpt lat="43.46718" lon="26.47461">
        <ele>294.88</ele>
      </trkpt>
      <trkpt lat="43.46717" lon="26.47464">
        <ele>295.05</ele>
      </trkpt>
      <trkpt lat="43.46715" lon="26.47467">
        <ele>295.4</ele>
      </trkpt>
      <trkpt lat="43.46714" lon="26.4747">
        <ele>295.53</ele>
      </trkpt>
      <trkpt lat="43.46713" lon="26.47473">
        <ele>295.59</ele>
      </trkpt>
      <trkpt lat="43.46711" lon="26.47475">
        <ele>295.76</ele>
      </trkpt>
      <trkpt lat="43.46711" lon="26.47478">
        <ele>295.48</ele>
      </trkpt>
      <trkpt lat="43.4671" lon="26.47481">
        <ele>295.39</ele>
      </trkpt>
      <trkpt lat="43.46709" lon="26.47484">
        <ele>295.31</ele>
      </trkpt>
      <trkpt lat="43.46708" lon="26.47487">
        <ele>295.24</ele>
      </trkpt>
      <trkpt lat="43.46707" lon="26.47489">
        <ele>295.26</ele>
      </trkpt>
      <trkpt lat="43.46706" lon="26.47492">
        <ele>295.2</ele>
      </trkpt>
      <trkpt lat="43.46704" lon="26.47495">
        <ele>295.36</ele>
      </trkpt>
      <trkpt lat="43.46703" lon="26.47498">
        <ele>295.32</ele>
      </trkpt>
      <trkpt lat="43.46702" lon="26.47501">
        <ele>295.21</ele>
      </trkpt>
      <trkpt lat="43.467" lon="26.47504">
        <ele>295.11</ele>
      </trkpt>
      <trkpt lat="43.46699" lon="26.47507">
        <ele>294.75</ele>
      </trkpt>
      <trkpt lat="43.46698" lon="26.4751">
        <ele>294.35</ele>
      </trkpt>
      <trkpt lat="43.46697" lon="26.47513">
        <ele>293.9</ele>
      </trkpt>
      <trkpt lat="43.46695" lon="26.47517">
        <ele>293.28</ele>
      </trkpt>
      <trkpt lat="43.46694" lon="26.4752">
        <ele>292.74</ele>
      </trkpt>
      <trkpt lat="43.46692" lon="26.47523">
        <ele>292.37</ele>
      </trkpt>
      <trkpt lat="43.46691" lon="26.47526">
        <ele>291.87</ele>
      </trkpt>
      <trkpt lat="43.46689" lon="26.47529">
        <ele>291.63</ele>
      </trkpt>
      <trkpt lat="43.46687" lon="26.47532">
        <ele>291.53</ele>
      </trkpt>
      <trkpt lat="43.46686" lon="26.47535">
        <ele>291.28</ele>
      </trkpt>
      <trkpt lat="43.46684" lon="26.47538">
        <ele>291.12</ele>
      </trkpt>
      <trkpt lat="43.46682" lon="26.47541">
        <ele>290.94</ele>
      </trkpt>
      <trkpt lat="43.4668" lon="26.47543">
        <ele>290.87</ele>
      </trkpt>
      <trkpt lat="43.46678" lon="26.47546">
        <ele>290.62</ele>
      </trkpt>
      <trkpt lat="43.46676" lon="26.47548">
        <ele>290.51</ele>
      </trkpt>
      <trkpt lat="43.46674" lon="26.4755">
        <ele>290.37</ele>
      </trkpt>
      <trkpt lat="43.46672" lon="26.47553">
        <ele>290.04</ele>
      </trkpt>
      <trkpt lat="43.4667" lon="26.47555">
        <ele>289.86</ele>
      </trkpt>
      <trkpt lat="43.46668" lon="26.47557">
        <ele>289.81</ele>
      </trkpt>
      <trkpt lat="43.46666" lon="26.47559">
        <ele>289.89</ele>
      </trkpt>
      <trkpt lat="43.46664" lon="26.47561">
        <ele>290.15</ele>
      </trkpt>
      <trkpt lat="43.46662" lon="26.47563">
        <ele>290.38</ele>
      </trkpt>
      <trkpt lat="43.46659" lon="26.47565">
        <ele>290.79</ele>
      </trkpt>
      <trkpt lat="43.46657" lon="26.47567">
        <ele>290.98</ele>
      </trkpt>
      <trkpt lat="43.46655" lon="26.47569">
        <ele>291.15</ele>
      </trkpt>
      <trkpt lat="43.46652" lon="26.47572">
        <ele>291.36</ele>
      </trkpt>
      <trkpt lat="43.4665" lon="26.47574">
        <ele>291.48</ele>
      </trkpt>
      <trkpt lat="43.46647" lon="26.47576">
        <ele>291.73</ele>
      </trkpt>
      <trkpt lat="43.46645" lon="26.47578">
        <ele>291.8</ele>
      </trkpt>
      <trkpt lat="43.46642" lon="26.4758">
        <ele>292.01</ele>
      </trkpt>
      <trkpt lat="43.4664" lon="26.47582">
        <ele>292.03</ele>
      </trkpt>
      <trkpt lat="43.46637" lon="26.47584">
        <ele>292.15</ele>
      </trkpt>
      <trkpt lat="43.46634" lon="26.47586">
        <ele>292.32</ele>
      </trkpt>
      <trkpt lat="43.46631" lon="26.47588">
        <ele>292.47</ele>
      </trkpt>
      <trkpt lat="43.46629" lon="26.4759">
        <ele>292.5</ele>
      </trkpt>
      <trkpt lat="43.46626" lon="26.47592">
        <ele>292.62</ele>
      </trkpt>
      <trkpt lat="43.46623" lon="26.47594">
        <ele>292.73</ele>
      </trkpt>
      <trkpt lat="43.46621" lon="26.47596">
        <ele>292.73</ele>
      </trkpt>
      <trkpt lat="43.46618" lon="26.47598">
        <ele>292.8</ele>
      </trkpt>
      <trkpt lat="43.46616" lon="26.476">
        <ele>292.78</ele>
      </trkpt>
      <trkpt lat="43.46613" lon="26.47602">
        <ele>292.83</ele>
      </trkpt>
      <trkpt lat="43.46611" lon="26.47604">
        <ele>292.78</ele>
      </trkpt>
      <trkpt lat="43.46608" lon="26.47605">
        <ele>292.97</ele>
      </trkpt>
      <trkpt lat="43.46606" lon="26.47607">
        <ele>292.97</ele>
      </trkpt>
      <trkpt lat="43.46604" lon="26.47609">
        <ele>292.98</ele>
      </trkpt>
      <trkpt lat="43.46602" lon="26.47611">
        <ele>292.99</ele>
      </trkpt>
      <trkpt lat="43.466" lon="26.47613">
        <ele>293.05</ele>
      </trkpt>
      <trkpt lat="43.46598" lon="26.47614">
        <ele>293.2</ele>
      </trkpt>
      <trkpt lat="43.46596" lon="26.47616">
        <ele>293.3</ele>
      </trkpt>
      <trkpt lat="43.46594" lon="26.47618">
        <ele>293.41</ele>
      </trkpt>
      <trkpt lat="43.46591" lon="26.4762">
        <ele>293.68</ele>
      </trkpt>
      <trkpt lat="43.46589" lon="26.47622">
        <ele>293.84</ele>
      </trkpt>
      <trkpt lat="43.46586" lon="26.47624">
        <ele>294.16</ele>
      </trkpt>
      <trkpt lat="43.46584" lon="26.47627">
        <ele>294.33</ele>
      </trkpt>
      <trkpt lat="43.46581" lon="26.47629">
        <ele>294.78</ele>
      </trkpt>
      <trkpt lat="43.46579" lon="26.47631">
        <ele>295.06</ele>
      </trkpt>
      <trkpt lat="43.46576" lon="26.47634">
        <ele>295.5</ele>
      </trkpt>
      <trkpt lat="43.46574" lon="26.47636">
        <ele>295.78</ele>
      </trkpt>
      <trkpt lat="43.46571" lon="26.47638">
        <ele>296.25</ele>
      </trkpt>
      <trkpt lat="43.46569" lon="26.47641">
        <ele>296.39</ele>
      </trkpt>
      <trkpt lat="43.46567" lon="26.47643">
        <ele>296.56</ele>
      </trkpt>
      <trkpt lat="43.46564" lon="26.47645">
        <ele>296.89</ele>
      </trkpt>
      <trkpt lat="43.46562" lon="26.47647">
        <ele>297.03</ele>
      </trkpt>
      <trkpt lat="43.46559" lon="26.47649">
        <ele>297.33</ele>
      </trkpt>
      <trkpt lat="43.46557" lon="26.47651">
        <ele>297.45</ele>
      </trkpt>
      <trkpt lat="43.46555" lon="26.47653">
        <ele>297.56</ele>
      </trkpt>
      <trkpt lat="43.46552" lon="26.47656">
        <ele>297.66</ele>
      </trkpt>
      <trkpt lat="43.4655" lon="26.47658">
        <ele>297.74</ele>
      </trkpt>
      <trkpt lat="43.46548" lon="26.4766">
        <ele>297.81</ele>
      </trkpt>
      <trkpt lat="43.46545" lon="26.47662">
        <ele>298.02</ele>
      </trkpt>
      <trkpt lat="43.46543" lon="26.47664">
        <ele>298.1</ele>
      </trkpt>
      <trkpt lat="43.46541" lon="26.47667">
        <ele>298.06</ele>
      </trkpt>
      <trkpt lat="43.46539" lon="26.47668">
        <ele>298.25</ele>
      </trkpt>
      <trkpt lat="43.46536" lon="26.4767">
        <ele>298.5</ele>
      </trkpt>
      <trkpt lat="43.46534" lon="26.47672">
        <ele>298.63</ele>
      </trkpt>
      <trkpt lat="43.46532" lon="26.47674">
        <ele>298.78</ele>
      </trkpt>
      <trkpt lat="43.46529" lon="26.47677">
        <ele>299.05</ele>
      </trkpt>
      <trkpt lat="43.46527" lon="26.47679">
        <ele>299.02</ele>
      </trkpt>
      <trkpt lat="43.46525" lon="26.47681">
        <ele>298.61</ele>
      </trkpt>
      <trkpt lat="43.46522" lon="26.47683">
        <ele>298.04</ele>
      </trkpt>
      <trkpt lat="43.4652" lon="26.47685">
        <ele>297.57</ele>
      </trkpt>
      <trkpt lat="43.46518" lon="26.47687">
        <ele>297.06</ele>
      </trkpt>
      <trkpt lat="43.46516" lon="26.47689">
        <ele>296.52</ele>
      </trkpt>
      <trkpt lat="43.46514" lon="26.47691">
        <ele>295.95</ele>
      </trkpt>
      <trkpt lat="43.46512" lon="26.47693">
        <ele>295.35</ele>
      </trkpt>
      <trkpt lat="43.46509" lon="26.47695">
        <ele>294.61</ele>
      </trkpt>
      <trkpt lat="43.46507" lon="26.47697">
        <ele>294.26</ele>
      </trkpt>
      <trkpt lat="43.46505" lon="26.47699">
        <ele>293.99</ele>
      </trkpt>
      <trkpt lat="43.46503" lon="26.47701">
        <ele>293.81</ele>
      </trkpt>
      <trkpt lat="43.46501" lon="26.47703">
        <ele>293.71</ele>
      </trkpt>
      <trkpt lat="43.46499" lon="26.47705">
        <ele>293.97</ele>
      </trkpt>
      <trkpt lat="43.46497" lon="26.47708">
        <ele>294.57</ele>
      </trkpt>
      <trkpt lat="43.46494" lon="26.4771">
        <ele>295.27</ele>
      </trkpt>
      <trkpt lat="43.46492" lon="26.47713">
        <ele>295.77</ele>
      </trkpt>
      <trkpt lat="43.46489" lon="26.47716">
        <ele>296.4</ele>
      </trkpt>
      <trkpt lat="43.46487" lon="26.47719">
        <ele>296.8</ele>
      </trkpt>
      <trkpt lat="43.46484" lon="26.47721">
        <ele>297.29</ele>
      </trkpt>
      <trkpt lat="43.46482" lon="26.47724">
        <ele>297.4</ele>
      </trkpt>
      <trkpt lat="43.46479" lon="26.47726">
        <ele>297.58</ele>
      </trkpt>
      <trkpt lat="43.46477" lon="26.47728">
        <ele>297.59</ele>
      </trkpt>
      <trkpt lat="43.46475" lon="26.4773">
        <ele>297.56</ele>
      </trkpt>
      <trkpt lat="43.46473" lon="26.47732">
        <ele>297.51</ele>
      </trkpt>
      <trkpt lat="43.46471" lon="26.47733">
        <ele>297.88</ele>
      </trkpt>
      <trkpt lat="43.46469" lon="26.47735">
        <ele>298.31</ele>
      </trkpt>
      <trkpt lat="43.46467" lon="26.47737">
        <ele>298.76</ele>
      </trkpt>
      <trkpt lat="43.46466" lon="26.47738">
        <ele>299.0</ele>
      </trkpt>
      <trkpt lat="43.46464" lon="26.47741">
        <ele>299.36</ele>
      </trkpt>
      <trkpt lat="43.46463" lon="26.47743">
        <ele>299.49</ele>
      </trkpt>
      <trkpt lat="43.46461" lon="26.47746">
        <ele>299.9</ele>
      </trkpt>
      <trkpt lat="43.4646" lon="26.47748">
        <ele>300.06</ele>
      </trkpt>
      <trkpt lat="43.46458" lon="26.47751">
        <ele>300.54</ele>
      </trkpt>
      <trkpt lat="43.46457" lon="26.47753">
        <ele>300.75</ele>
      </trkpt>
      <trkpt lat="43.46456" lon="26.47756">
        <ele>300.87</ele>
      </trkpt>
      <trkpt lat="43.46455" lon="26.47759">
        <ele>300.97</ele>
      </trkpt>
      <trkpt lat="43.46454" lon="26.47761">
        <ele>301.16</ele>
      </trkpt>
      <trkpt lat="43.46453" lon="26.47764">
        <ele>301.26</ele>
      </trkpt>
      <trkpt lat="43.46452" lon="26.47767">
        <ele>301.34</ele>
      </trkpt>
      <trkpt lat="43.46451" lon="26.4777">
        <ele>301.41</ele>
      </trkpt>
      <trkpt lat="43.4645" lon="26.47773">
        <ele>301.48</ele>
      </trkpt>
      <trkpt lat="43.46448" lon="26.47777">
        <ele>301.8</ele>
      </trkpt>
      <trkpt lat="43.46447" lon="26.47779">
        <ele>301.96</ele>
      </trkpt>
      <trkpt lat="43.46446" lon="26.47782">
        <ele>302.0</ele>
      </trkpt>
      <trkpt lat="43.46444" lon="26.47785">
        <ele>302.35</ele>
      </trkpt>
      <trkpt lat="43.46443" lon="26.47787">
        <ele>302.42</ele>
      </trkpt>
      <trkpt lat="43.46442" lon="26.4779">
        <ele>302.38</ele>
      </trkpt>
      <trkpt lat="43.4644" lon="26.47792">
        <ele>302.74</ele>
      </trkpt>
      <trkpt lat="43.46438" lon="26.47794">
        <ele>303.1</ele>
      </trkpt>
      <trkpt lat="43.46437" lon="26.47796">
        <ele>303.18</ele>
      </trkpt>
      <trkpt lat="43.46435" lon="26.47799">
        <ele>303.43</ele>
      </trkpt>
      <trkpt lat="43.46433" lon="26.47801">
        <ele>303.79</ele>
      </trkpt>
      <trkpt lat="43.46431" lon="26.47802">
        <ele>304.26</ele>
      </trkpt>
      <trkpt lat="43.46429" lon="26.47803">
        <ele>304.72</ele>
      </trkpt>
      <trkpt lat="43.46427" lon="26.47804">
        <ele>305.19</ele>
      </trkpt>
      <trkpt lat="43.46425" lon="26.47805">
        <ele>305.66</ele>
      </trkpt>
      <trkpt lat="43.46424" lon="26.47806">
        <ele>305.76</ele>
      </trkpt>
      <trkpt lat="43.46422" lon="26.47807">
        <ele>306.04</ele>
      </trkpt>
      <trkpt lat="43.46421" lon="26.47808">
        <ele>306.01</ele>
      </trkpt>
      <trkpt lat="43.46419" lon="26.47809">
        <ele>306.25</ele>
      </trkpt>
      <trkpt lat="43.46417" lon="26.4781">
        <ele>306.47</ele>
      </trkpt>
      <trkpt lat="43.46415" lon="26.47811">
        <ele>306.74</ele>
      </trkpt>
      <trkpt lat="43.46413" lon="26.47812">
        <ele>307.03</ele>
      </trkpt>
      <trkpt lat="43.46411" lon="26.47812">
        <ele>307.64</ele>
      </trkpt>
      <trkpt lat="43.46409" lon="26.47813">
        <ele>307.94</ele>
      </trkpt>
      <trkpt lat="43.46407" lon="26.47813">
        <ele>308.56</ele>
      </trkpt>
      <trkpt lat="43.46405" lon="26.47814">
        <ele>308.88</ele>
      </trkpt>
      <trkpt lat="43.46403" lon="26.47814">
        <ele>309.5</ele>
      </trkpt>
      <trkpt lat="43.46401" lon="26.47814">
        <ele>310.12</ele>
      </trkpt>
      <trkpt lat="43.464" lon="26.47814">
        <ele>310.43</ele>
      </trkpt>
      <trkpt lat="43.46398" lon="26.47813">
        <ele>311.32</ele>
      </trkpt>
      <trkpt lat="43.46396" lon="26.47813">
        <ele>311.94</ele>
      </trkpt>
      <trkpt lat="43.46395" lon="26.47812">
        <ele>312.51</ele>
      </trkpt>
      <trkpt lat="43.46393" lon="26.47812">
        <ele>313.12</ele>
      </trkpt>
      <trkpt lat="43.46391" lon="26.47811">
        <ele>313.99</ele>
      </trkpt>
      <trkpt lat="43.4639" lon="26.47811">
        <ele>314.29</ele>
      </trkpt>
      <trkpt lat="43.46388" lon="26.4781">
        <ele>315.07</ele>
      </trkpt>
      <trkpt lat="43.46386" lon="26.47809">
        <ele>315.73</ele>
      </trkpt>
      <trkpt lat="43.46385" lon="26.47809">
        <ele>315.94</ele>
      </trkpt>
      <trkpt lat="43.46384" lon="26.47807">
        <ele>316.57</ele>
      </trkpt>
      <trkpt lat="43.46383" lon="26.47806">
        <ele>316.97</ele>
      </trkpt>
      <trkpt lat="43.46381" lon="26.47805">
        <ele>317.46</ele>
      </trkpt>
      <trkpt lat="43.4638" lon="26.47804">
        <ele>317.7</ele>
      </trkpt>
      <trkpt lat="43.46379" lon="26.47803">
        <ele>317.92</ele>
      </trkpt>
      <trkpt lat="43.46377" lon="26.47803">
        <ele>318.26</ele>
      </trkpt>
      <trkpt lat="43.46375" lon="26.47802">
        <ele>318.63</ele>
      </trkpt>
      <trkpt lat="43.46373" lon="26.47801">
        <ele>318.98</ele>
      </trkpt>
      <trkpt lat="43.46371" lon="26.478">
        <ele>319.3</ele>
      </trkpt>
      <trkpt lat="43.46369" lon="26.478">
        <ele>319.61</ele>
      </trkpt>
      <trkpt lat="43.46367" lon="26.47799">
        <ele>319.9</ele>
      </trkpt>
      <trkpt lat="43.46365" lon="26.47798">
        <ele>320.18</ele>
      </trkpt>
      <trkpt lat="43.46362" lon="26.47798">
        <ele>320.6</ele>
      </trkpt>
      <trkpt lat="43.4636" lon="26.47797">
        <ele>320.73</ele>
      </trkpt>
      <trkpt lat="43.46357" lon="26.47796">
        <ele>320.8</ele>
      </trkpt>
      <trkpt lat="43.46355" lon="26.47796">
        <ele>320.88</ele>
      </trkpt>
      <trkpt lat="43.46353" lon="26.47795">
        <ele>320.91</ele>
      </trkpt>
      <trkpt lat="43.46351" lon="26.47795">
        <ele>320.98</ele>
      </trkpt>
      <trkpt lat="43.46349" lon="26.47794">
        <ele>321.02</ele>
      </trkpt>
      <trkpt lat="43.46347" lon="26.47793">
        <ele>321.06</ele>
      </trkpt>
      <trkpt lat="43.46345" lon="26.47792">
        <ele>321.09</ele>
      </trkpt>
      <trkpt lat="43.46343" lon="26.47792">
        <ele>321.16</ele>
      </trkpt>
      <trkpt lat="43.4634" lon="26.47791">
        <ele>321.24</ele>
      </trkpt>
      <trkpt lat="43.46338" lon="26.4779">
        <ele>321.27</ele>
      </trkpt>
      <trkpt lat="43.46336" lon="26.47789">
        <ele>321.31</ele>
      </trkpt>
      <trkpt lat="43.46333" lon="26.47788">
        <ele>321.37</ele>
      </trkpt>
      <trkpt lat="43.4633" lon="26.47788">
        <ele>321.4</ele>
      </trkpt>
      <trkpt lat="43.46328" lon="26.47787">
        <ele>321.4</ele>
      </trkpt>
      <trkpt lat="43.46326" lon="26.47786">
        <ele>321.4</ele>
      </trkpt>
      <trkpt lat="43.46323" lon="26.47785">
        <ele>321.44</ele>
      </trkpt>
      <trkpt lat="43.46321" lon="26.47784">
        <ele>321.47</ele>
      </trkpt>
      <trkpt lat="43.46319" lon="26.47783">
        <ele>321.51</ele>
      </trkpt>
      <trkpt lat="43.46317" lon="26.47781">
        <ele>321.57</ele>
      </trkpt>
      <trkpt lat="43.46316" lon="26.47779">
        <ele>321.61</ele>
      </trkpt>
      <trkpt lat="43.46314" lon="26.47776">
        <ele>321.82</ele>
      </trkpt>
      <trkpt lat="43.46312" lon="26.47774">
        <ele>322.04</ele>
      </trkpt>
      <trkpt lat="43.4631" lon="26.47773">
        <ele>322.18</ele>
      </trkpt>
      <trkpt lat="43.46308" lon="26.47771">
        <ele>322.4</ele>
      </trkpt>
      <trkpt lat="43.46307" lon="26.4777">
        <ele>322.51</ele>
      </trkpt>
      <trkpt lat="43.46305" lon="26.47769">
        <ele>322.73</ele>
      </trkpt>
      <trkpt lat="43.46304" lon="26.47768">
        <ele>322.98</ele>
      </trkpt>
      <trkpt lat="43.46302" lon="26.47768">
        <ele>323.34</ele>
      </trkpt>
      <trkpt lat="43.46301" lon="26.47769">
        <ele>323.45</ele>
      </trkpt>
      <trkpt lat="43.463" lon="26.47771">
        <ele>323.49</ele>
      </trkpt>
      <trkpt lat="43.46298" lon="26.47773">
        <ele>323.7</ele>
      </trkpt>
      <trkpt lat="43.46296" lon="26.47776">
        <ele>323.85</ele>
      </trkpt>
      <trkpt lat="43.46295" lon="26.4778">
        <ele>323.79</ele>
      </trkpt>
      <trkpt lat="43.46293" lon="26.47783">
        <ele>323.99</ele>
      </trkpt>
      <trkpt lat="43.46291" lon="26.47787">
        <ele>324.11</ele>
      </trkpt>
      <trkpt lat="43.46289" lon="26.4779">
        <ele>324.28</ele>
      </trkpt>
      <trkpt lat="43.46288" lon="26.47794">
        <ele>324.21</ele>
      </trkpt>
      <trkpt lat="43.46286" lon="26.47797">
        <ele>324.34</ele>
      </trkpt>
      <trkpt lat="43.46284" lon="26.47801">
        <ele>324.4</ele>
      </trkpt>
      <trkpt lat="43.46282" lon="26.47805">
        <ele>324.43</ele>
      </trkpt>
      <trkpt lat="43.4628" lon="26.47809">
        <ele>324.56</ele>
      </trkpt>
      <trkpt lat="43.46278" lon="26.47812">
        <ele>324.74</ele>
      </trkpt>
      <trkpt lat="43.46276" lon="26.47816">
        <ele>325.28</ele>
      </trkpt>
      <trkpt lat="43.46273" lon="26.4782">
        <ele>326.19</ele>
      </trkpt>
      <trkpt lat="43.46271" lon="26.47823">
        <ele>326.75</ele>
      </trkpt>
      <trkpt lat="43.46269" lon="26.47826">
        <ele>327.27</ele>
      </trkpt>
      <trkpt lat="43.46266" lon="26.47829">
        <ele>328.1</ele>
      </trkpt>
      <trkpt lat="43.46264" lon="26.47832">
        <ele>328.56</ele>
      </trkpt>
      <trkpt lat="43.46262" lon="26.47836">
        <ele>329.02</ele>
      </trkpt>
      <trkpt lat="43.4626" lon="26.47839">
        <ele>329.56</ele>
      </trkpt>
      <trkpt lat="43.46258" lon="26.47842">
        <ele>330.1</ele>
      </trkpt>
      <trkpt lat="43.46256" lon="26.47845">
        <ele>330.64</ele>
      </trkpt>
      <trkpt lat="43.46254" lon="26.47848">
        <ele>331.18</ele>
      </trkpt>
      <trkpt lat="43.46252" lon="26.47851">
        <ele>331.72</ele>
      </trkpt>
      <trkpt lat="43.4625" lon="26.47852">
        <ele>332.33</ele>
      </trkpt>
      <trkpt lat="43.46249" lon="26.47854">
        <ele>332.27</ele>
      </trkpt>
      <trkpt lat="43.46247" lon="26.47855">
        <ele>332.27</ele>
      </trkpt>
      <trkpt lat="43.46245" lon="26.47857">
        <ele>332.2</ele>
      </trkpt>
      <trkpt lat="43.46242" lon="26.47857">
        <ele>332.23</ele>
      </trkpt>
      <trkpt lat="43.4624" lon="26.47858">
        <ele>332.19</ele>
      </trkpt>
      <trkpt lat="43.46238" lon="26.47859">
        <ele>332.14</ele>
      </trkpt>
      <trkpt lat="43.46238" lon="26.47859">
        <ele>332.14</ele>
      </trkpt>
      <trkpt lat="43.46238" lon="26.47859">
        <ele>332.14</ele>
      </trkpt>
      <trkpt lat="43.46236" lon="26.47859">
        <ele>332.15</ele>
      </trkpt>
      <trkpt lat="43.46233" lon="26.47859">
        <ele>332.17</ele>
      </trkpt>
      <trkpt lat="43.46231" lon="26.47859">
        <ele>332.18</ele>
      </trkpt>
      <trkpt lat="43.46229" lon="26.47858">
        <ele>332.28</ele>
      </trkpt>
      <trkpt lat="43.46226" lon="26.47857">
        <ele>332.4</ele>
      </trkpt>
      <trkpt lat="43.46224" lon="26.47856">
        <ele>332.53</ele>
      </trkpt>
      <trkpt lat="43.46222" lon="26.47855">
        <ele>332.68</ele>
      </trkpt>
      <trkpt lat="43.46219" lon="26.47854">
        <ele>333.0</ele>
      </trkpt>
      <trkpt lat="43.46217" lon="26.47853">
        <ele>333.25</ele>
      </trkpt>
      <trkpt lat="43.46214" lon="26.47852">
        <ele>333.58</ele>
      </trkpt>
      <trkpt lat="43.46212" lon="26.47851">
        <ele>333.83</ele>
      </trkpt>
      <trkpt lat="43.46209" lon="26.47851">
        <ele>334.04</ele>
      </trkpt>
      <trkpt lat="43.46207" lon="26.4785">
        <ele>334.3</ele>
      </trkpt>
      <trkpt lat="43.46204" lon="26.47849">
        <ele>334.62</ele>
      </trkpt>
      <trkpt lat="43.46202" lon="26.47848">
        <ele>334.87</ele>
      </trkpt>
      <trkpt lat="43.462" lon="26.47846">
        <ele>335.23</ele>
      </trkpt>
      <trkpt lat="43.46198" lon="26.47845">
        <ele>335.48</ele>
      </trkpt>
      <trkpt lat="43.46196" lon="26.47843">
        <ele>335.84</ele>
      </trkpt>
      <trkpt lat="43.46194" lon="26.47841">
        <ele>336.28</ele>
      </trkpt>
      <trkpt lat="43.46192" lon="26.47839">
        <ele>336.99</ele>
      </trkpt>
      <trkpt lat="43.46191" lon="26.47837">
        <ele>337.46</ele>
      </trkpt>
      <trkpt lat="43.46189" lon="26.47835">
        <ele>338.18</ele>
      </trkpt>
      <trkpt lat="43.46188" lon="26.47832">
        <ele>338.8</ele>
      </trkpt>
      <trkpt lat="43.46187" lon="26.47829">
        <ele>339.46</ele>
      </trkpt>
      <trkpt lat="43.46185" lon="26.47827">
        <ele>340.21</ele>
      </trkpt>
      <trkpt lat="43.46184" lon="26.47824">
        <ele>340.85</ele>
      </trkpt>
      <trkpt lat="43.46182" lon="26.47822">
        <ele>341.59</ele>
      </trkpt>
      <trkpt lat="43.4618" lon="26.47819">
        <ele>342.44</ele>
      </trkpt>
      <trkpt lat="43.46179" lon="26.47817">
        <ele>342.92</ele>
      </trkpt>
      <trkpt lat="43.46177" lon="26.47816">
        <ele>343.5</ele>
      </trkpt>
      <trkpt lat="43.46175" lon="26.47814">
        <ele>344.2</ele>
      </trkpt>
      <trkpt lat="43.46174" lon="26.47812">
        <ele>344.66</ele>
      </trkpt>
      <trkpt lat="43.46172" lon="26.47811">
        <ele>345.22</ele>
      </trkpt>
      <trkpt lat="43.46171" lon="26.47809">
        <ele>345.67</ele>
      </trkpt>
      <trkpt lat="43.46169" lon="26.47807">
        <ele>346.34</ele>
      </trkpt>
      <trkpt lat="43.46168" lon="26.47805">
        <ele>346.77</ele>
      </trkpt>
      <trkpt lat="43.46167" lon="26.47803">
        <ele>347.2</ele>
      </trkpt>
      <trkpt lat="43.46165" lon="26.47801">
        <ele>347.88</ele>
      </trkpt>
      <trkpt lat="43.46163" lon="26.47799">
        <ele>348.54</ele>
      </trkpt>
      <trkpt lat="43.46161" lon="26.47797">
        <ele>349.16</ele>
      </trkpt>
      <trkpt lat="43.46159" lon="26.47795">
        <ele>349.76</ele>
      </trkpt>
      <trkpt lat="43.46157" lon="26.47793">
        <ele>350.32</ele>
      </trkpt>
      <trkpt lat="43.46156" lon="26.47791">
        <ele>350.66</ele>
      </trkpt>
      <trkpt lat="43.46154" lon="26.47789">
        <ele>351.16</ele>
      </trkpt>
      <trkpt lat="43.46152" lon="26.47788">
        <ele>351.59</ele>
      </trkpt>
      <trkpt lat="43.4615" lon="26.47786">
        <ele>352.04</ele>
      </trkpt>
      <trkpt lat="43.46147" lon="26.47785">
        <ele>352.6</ele>
      </trkpt>
      <trkpt lat="43.46145" lon="26.47784">
        <ele>352.97</ele>
      </trkpt>
      <trkpt lat="43.46142" lon="26.47782">
        <ele>353.5</ele>
      </trkpt>
      <trkpt lat="43.4614" lon="26.4778">
        <ele>353.83</ele>
      </trkpt>
      <trkpt lat="43.46137" lon="26.47778">
        <ele>354.13</ele>
      </trkpt>
      <trkpt lat="43.46135" lon="26.47776">
        <ele>354.41</ele>
      </trkpt>
      <trkpt lat="43.46133" lon="26.47775">
        <ele>354.62</ele>
      </trkpt>
      <trkpt lat="43.46131" lon="26.47773">
        <ele>354.91</ele>
      </trkpt>
      <trkpt lat="43.46129" lon="26.47772">
        <ele>355.13</ele>
      </trkpt>
      <trkpt lat="43.46127" lon="26.4777">
        <ele>355.42</ele>
      </trkpt>
      <trkpt lat="43.46125" lon="26.47768">
        <ele>355.7</ele>
      </trkpt>
      <trkpt lat="43.46124" lon="26.47765">
        <ele>355.99</ele>
      </trkpt>
      <trkpt lat="43.46122" lon="26.47763">
        <ele>356.28</ele>
      </trkpt>
      <trkpt lat="43.46121" lon="26.4776">
        <ele>356.57</ele>
      </trkpt>
      <trkpt lat="43.46119" lon="26.47758">
        <ele>356.86</ele>
      </trkpt>
      <trkpt lat="43.46118" lon="26.47756">
        <ele>357.07</ele>
      </trkpt>
      <trkpt lat="43.46116" lon="26.47754">
        <ele>357.36</ele>
      </trkpt>
      <trkpt lat="43.46115" lon="26.47752">
        <ele>357.58</ele>
      </trkpt>
      <trkpt lat="43.46113" lon="26.4775">
        <ele>357.86</ele>
      </trkpt>
      <trkpt lat="43.46111" lon="26.47748">
        <ele>358.15</ele>
      </trkpt>
      <trkpt lat="43.46109" lon="26.47747">
        <ele>358.3</ele>
      </trkpt>
      <trkpt lat="43.46107" lon="26.47745">
        <ele>358.53</ele>
      </trkpt>
      <trkpt lat="43.46105" lon="26.47744">
        <ele>358.7</ele>
      </trkpt>
      <trkpt lat="43.46103" lon="26.47742">
        <ele>358.95</ele>
      </trkpt>
      <trkpt lat="43.46101" lon="26.47741">
        <ele>359.13</ele>
      </trkpt>
      <trkpt lat="43.46099" lon="26.4774">
        <ele>359.31</ele>
      </trkpt>
      <trkpt lat="43.46097" lon="26.47739">
        <ele>359.5</ele>
      </trkpt>
      <trkpt lat="43.46095" lon="26.47737">
        <ele>359.79</ele>
      </trkpt>
      <trkpt lat="43.46093" lon="26.47736">
        <ele>359.99</ele>
      </trkpt>
      <trkpt lat="43.46091" lon="26.47734">
        <ele>360.29</ele>
      </trkpt>
      <trkpt lat="43.46089" lon="26.47732">
        <ele>360.61</ele>
      </trkpt>
      <trkpt lat="43.46087" lon="26.4773">
        <ele>360.93</ele>
      </trkpt>
      <trkpt lat="43.46085" lon="26.47728">
        <ele>361.27</ele>
      </trkpt>
      <trkpt lat="43.46083" lon="26.47726">
        <ele>361.6</ele>
      </trkpt>
      <trkpt lat="43.46081" lon="26.47724">
        <ele>361.89</ele>
      </trkpt>
      <trkpt lat="43.46079" lon="26.47722">
        <ele>362.16</ele>
      </trkpt>
      <trkpt lat="43.46077" lon="26.4772">
        <ele>362.27</ele>
      </trkpt>
      <trkpt lat="43.46075" lon="26.47719">
        <ele>362.35</ele>
      </trkpt>
      <trkpt lat="43.46073" lon="26.47717">
        <ele>362.42</ele>
      </trkpt>
      <trkpt lat="43.46071" lon="26.47715">
        <ele>362.47</ele>
      </trkpt>
      <trkpt lat="43.4607" lon="26.47713">
        <ele>362.49</ele>
      </trkpt>
      <trkpt lat="43.46068" lon="26.47711">
        <ele>362.51</ele>
      </trkpt>
      <trkpt lat="43.46066" lon="26.47709">
        <ele>362.51</ele>
      </trkpt>
      <trkpt lat="43.46065" lon="26.47708">
        <ele>362.5</ele>
      </trkpt>
      <trkpt lat="43.46063" lon="26.47706">
        <ele>362.46</ele>
      </trkpt>
      <trkpt lat="43.4606" lon="26.47704">
        <ele>362.39</ele>
      </trkpt>
      <trkpt lat="43.46058" lon="26.47702">
        <ele>362.31</ele>
      </trkpt>
      <trkpt lat="43.46056" lon="26.477">
        <ele>362.21</ele>
      </trkpt>
      <trkpt lat="43.46054" lon="26.47698">
        <ele>361.79</ele>
      </trkpt>
      <trkpt lat="43.46052" lon="26.47697">
        <ele>361.32</ele>
      </trkpt>
      <trkpt lat="43.46049" lon="26.47695">
        <ele>360.6</ele>
      </trkpt>
      <trkpt lat="43.46047" lon="26.47693">
        <ele>360.11</ele>
      </trkpt>
      <trkpt lat="43.46045" lon="26.47691">
        <ele>359.66</ele>
      </trkpt>
      <trkpt lat="43.46044" lon="26.4769">
        <ele>359.45</ele>
      </trkpt>
      <trkpt lat="43.46042" lon="26.47688">
        <ele>359.06</ele>
      </trkpt>
      <trkpt lat="43.46041" lon="26.47686">
        <ele>358.89</ele>
      </trkpt>
      <trkpt lat="43.46039" lon="26.47684">
        <ele>358.57</ele>
      </trkpt>
      <trkpt lat="43.46038" lon="26.47683">
        <ele>358.43</ele>
      </trkpt>
      <trkpt lat="43.46036" lon="26.47682">
        <ele>358.14</ele>
      </trkpt>
      <trkpt lat="43.46035" lon="26.4768">
        <ele>358.06</ele>
      </trkpt>
      <trkpt lat="43.46033" lon="26.47678">
        <ele>357.87</ele>
      </trkpt>
      <trkpt lat="43.46031" lon="26.47676">
        <ele>357.72</ele>
      </trkpt>
      <trkpt lat="43.46029" lon="26.47674">
        <ele>357.61</ele>
      </trkpt>
      <trkpt lat="43.46028" lon="26.47672">
        <ele>357.64</ele>
      </trkpt>
      <trkpt lat="43.46026" lon="26.47671">
        <ele>357.69</ele>
      </trkpt>
      <trkpt lat="43.46024" lon="26.47669">
        <ele>357.83</ele>
      </trkpt>
      <trkpt lat="43.46022" lon="26.47667">
        <ele>357.98</ele>
      </trkpt>
      <trkpt lat="43.4602" lon="26.47665">
        <ele>358.14</ele>
      </trkpt>
      <trkpt lat="43.46018" lon="26.47664">
        <ele>358.23</ele>
      </trkpt>
      <trkpt lat="43.46017" lon="26.47662">
        <ele>358.4</ele>
      </trkpt>
      <trkpt lat="43.46015" lon="26.4766">
        <ele>358.59</ele>
      </trkpt>
      <trkpt lat="43.46013" lon="26.47659">
        <ele>358.7</ele>
      </trkpt>
      <trkpt lat="43.46011" lon="26.47658">
        <ele>358.81</ele>
      </trkpt>
      <trkpt lat="43.46009" lon="26.47657">
        <ele>358.93</ele>
      </trkpt>
      <trkpt lat="43.46006" lon="26.47655">
        <ele>359.17</ele>
      </trkpt>
      <trkpt lat="43.46004" lon="26.47653">
        <ele>359.41</ele>
      </trkpt>
      <trkpt lat="43.46002" lon="26.47652">
        <ele>359.55</ele>
      </trkpt>
      <trkpt lat="43.46" lon="26.47649">
        <ele>359.91</ele>
      </trkpt>
      <trkpt lat="43.45998" lon="26.47647">
        <ele>360.07</ele>
      </trkpt>
      <trkpt lat="43.45997" lon="26.47644">
        <ele>360.36</ele>
      </trkpt>
      <trkpt lat="43.45995" lon="26.47641">
        <ele>360.61</ele>
      </trkpt>
      <trkpt lat="43.45993" lon="26.47639">
        <ele>360.74</ele>
      </trkpt>
      <trkpt lat="43.45991" lon="26.47636">
        <ele>360.99</ele>
      </trkpt>
      <trkpt lat="43.45989" lon="26.47634">
        <ele>361.1</ele>
      </trkpt>
      <trkpt lat="43.45987" lon="26.47632">
        <ele>361.18</ele>
      </trkpt>
      <trkpt lat="43.45985" lon="26.4763">
        <ele>361.22</ele>
      </trkpt>
      <trkpt lat="43.45983" lon="26.47628">
        <ele>361.24</ele>
      </trkpt>
      <trkpt lat="43.45982" lon="26.47626">
        <ele>361.31</ele>
      </trkpt>
      <trkpt lat="43.4598" lon="26.47625">
        <ele>361.2</ele>
      </trkpt>
      <trkpt lat="43.45978" lon="26.47622">
        <ele>361.2</ele>
      </trkpt>
      <trkpt lat="43.45977" lon="26.4762">
        <ele>361.2</ele>
      </trkpt>
      <trkpt lat="43.45975" lon="26.47617">
        <ele>361.12</ele>
      </trkpt>
      <trkpt lat="43.45973" lon="26.47615">
        <ele>360.96</ele>
      </trkpt>
      <trkpt lat="43.45971" lon="26.47613">
        <ele>360.93</ele>
      </trkpt>
      <trkpt lat="43.45969" lon="26.47611">
        <ele>361.02</ele>
      </trkpt>
      <trkpt lat="43.45967" lon="26.47609">
        <ele>361.32</ele>
      </trkpt>
      <trkpt lat="43.45964" lon="26.47608">
        <ele>361.48</ele>
      </trkpt>
      <trkpt lat="43.45962" lon="26.47607">
        <ele>361.65</ele>
      </trkpt>
      <trkpt lat="43.45959" lon="26.47605">
        <ele>361.98</ele>
      </trkpt>
      <trkpt lat="43.45957" lon="26.47604">
        <ele>362.16</ele>
      </trkpt>
      <trkpt lat="43.45955" lon="26.47603">
        <ele>362.35</ele>
      </trkpt>
      <trkpt lat="43.45953" lon="26.47601">
        <ele>362.71</ele>
      </trkpt>
      <trkpt lat="43.45951" lon="26.47599">
        <ele>363.08</ele>
      </trkpt>
      <trkpt lat="43.45949" lon="26.47597">
        <ele>363.46</ele>
      </trkpt>
      <trkpt lat="43.45947" lon="26.47595">
        <ele>363.85</ele>
      </trkpt>
      <trkpt lat="43.45945" lon="26.47593">
        <ele>364.25</ele>
      </trkpt>
      <trkpt lat="43.45943" lon="26.4759">
        <ele>364.68</ele>
      </trkpt>
      <trkpt lat="43.45942" lon="26.47589">
        <ele>364.77</ele>
      </trkpt>
      <trkpt lat="43.4594" lon="26.47587">
        <ele>364.92</ele>
      </trkpt>
      <trkpt lat="43.45938" lon="26.47585">
        <ele>365.05</ele>
      </trkpt>
      <trkpt lat="43.45936" lon="26.47584">
        <ele>364.99</ele>
      </trkpt>
      <trkpt lat="43.45933" lon="26.47582">
        <ele>364.8</ele>
      </trkpt>
      <trkpt lat="43.45931" lon="26.4758">
        <ele>364.66</ele>
      </trkpt>
      <trkpt lat="43.45928" lon="26.47579">
        <ele>364.41</ele>
      </trkpt>
      <trkpt lat="43.45925" lon="26.47577">
        <ele>364.22</ele>
      </trkpt>
      <trkpt lat="43.45922" lon="26.47575">
        <ele>364.06</ele>
      </trkpt>
      <trkpt lat="43.4592" lon="26.47573">
        <ele>364.01</ele>
      </trkpt>
      <trkpt lat="43.45918" lon="26.4757">
        <ele>364.06</ele>
      </trkpt>
      <trkpt lat="43.45916" lon="26.47568">
        <ele>364.12</ele>
      </trkpt>
      <trkpt lat="43.45915" lon="26.47565">
        <ele>364.38</ele>
      </trkpt>
      <trkpt lat="43.45913" lon="26.47562">
        <ele>364.71</ele>
      </trkpt>
      <trkpt lat="43.45912" lon="26.4756">
        <ele>364.94</ele>
      </trkpt>
      <trkpt lat="43.4591" lon="26.47558">
        <ele>365.24</ele>
      </trkpt>
      <trkpt lat="43.45909" lon="26.47556">
        <ele>365.51</ele>
      </trkpt>
      <trkpt lat="43.45907" lon="26.47554">
        <ele>365.84</ele>
      </trkpt>
      <trkpt lat="43.45906" lon="26.47552">
        <ele>366.1</ele>
      </trkpt>
      <trkpt lat="43.45905" lon="26.47551">
        <ele>366.26</ele>
      </trkpt>
      <trkpt lat="43.45903" lon="26.47549">
        <ele>366.58</ele>
      </trkpt>
      <trkpt lat="43.45902" lon="26.47547">
        <ele>366.82</ele>
      </trkpt>
      <trkpt lat="43.459" lon="26.47546">
        <ele>367.03</ele>
      </trkpt>
      <trkpt lat="43.45899" lon="26.47544">
        <ele>367.26</ele>
      </trkpt>
      <trkpt lat="43.45897" lon="26.47542">
        <ele>367.53</ele>
      </trkpt>
      <trkpt lat="43.45896" lon="26.4754">
        <ele>367.75</ele>
      </trkpt>
      <trkpt lat="43.45894" lon="26.47539">
        <ele>367.93</ele>
      </trkpt>
      <trkpt lat="43.45892" lon="26.47537">
        <ele>368.19</ele>
      </trkpt>
      <trkpt lat="43.4589" lon="26.47535">
        <ele>368.43</ele>
      </trkpt>
      <trkpt lat="43.45888" lon="26.47533">
        <ele>368.71</ele>
      </trkpt>
      <trkpt lat="43.45886" lon="26.47531">
        <ele>369.07</ele>
      </trkpt>
      <trkpt lat="43.45884" lon="26.47528">
        <ele>369.51</ele>
      </trkpt>
      <trkpt lat="43.45882" lon="26.47526">
        <ele>369.84</ele>
      </trkpt>
      <trkpt lat="43.45879" lon="26.47524">
        <ele>370.3</ele>
      </trkpt>
      <trkpt lat="43.45877" lon="26.47522">
        <ele>370.67</ele>
      </trkpt>
      <trkpt lat="43.45875" lon="26.4752">
        <ele>371.06</ele>
      </trkpt>
      <trkpt lat="43.45874" lon="26.47518">
        <ele>371.34</ele>
      </trkpt>
      <trkpt lat="43.45872" lon="26.47516">
        <ele>371.76</ele>
      </trkpt>
      <trkpt lat="43.45871" lon="26.47513">
        <ele>372.15</ele>
      </trkpt>
      <trkpt lat="43.45869" lon="26.4751">
        <ele>372.7</ele>
      </trkpt>
      <trkpt lat="43.45867" lon="26.47508">
        <ele>373.2</ele>
      </trkpt>
      <trkpt lat="43.45865" lon="26.47505">
        <ele>373.81</ele>
      </trkpt>
      <trkpt lat="43.45863" lon="26.47504">
        <ele>374.25</ele>
      </trkpt>
      <trkpt lat="43.4586" lon="26.47502">
        <ele>374.86</ele>
      </trkpt>
      <trkpt lat="43.45857" lon="26.475">
        <ele>375.3</ele>
      </trkpt>
      <trkpt lat="43.45855" lon="26.47499">
        <ele>375.51</ele>
      </trkpt>
      <trkpt lat="43.45853" lon="26.47497">
        <ele>375.8</ele>
      </trkpt>
      <trkpt lat="43.4585" lon="26.47496">
        <ele>376.09</ele>
      </trkpt>
      <trkpt lat="43.45848" lon="26.47495">
        <ele>376.3</ele>
      </trkpt>
      <trkpt lat="43.45846" lon="26.47493">
        <ele>376.59</ele>
      </trkpt>
      <trkpt lat="43.45843" lon="26.47491">
        <ele>376.95</ele>
      </trkpt>
      <trkpt lat="43.45841" lon="26.47489">
        <ele>377.24</ele>
      </trkpt>
      <trkpt lat="43.4584" lon="26.47486">
        <ele>377.53</ele>
      </trkpt>
      <trkpt lat="43.45838" lon="26.47483">
        <ele>377.89</ele>
      </trkpt>
      <trkpt lat="43.45836" lon="26.47481">
        <ele>378.18</ele>
      </trkpt>
      <trkpt lat="43.45834" lon="26.47478">
        <ele>378.54</ele>
      </trkpt>
      <trkpt lat="43.45832" lon="26.47477">
        <ele>378.54</ele>
      </trkpt>
      <trkpt lat="43.4583" lon="26.47475">
        <ele>378.54</ele>
      </trkpt>
      <trkpt lat="43.45829" lon="26.47472">
        <ele>378.68</ele>
      </trkpt>
      <trkpt lat="43.45827" lon="26.4747">
        <ele>378.52</ele>
      </trkpt>
      <trkpt lat="43.45826" lon="26.47467">
        <ele>378.43</ele>
      </trkpt>
      <trkpt lat="43.45825" lon="26.47465">
        <ele>378.37</ele>
      </trkpt>
      <trkpt lat="43.45823" lon="26.47463">
        <ele>378.29</ele>
      </trkpt>
      <trkpt lat="43.45821" lon="26.47462">
        <ele>378.23</ele>
      </trkpt>
      <trkpt lat="43.4582" lon="26.47461">
        <ele>378.22</ele>
      </trkpt>
      <trkpt lat="43.45818" lon="26.4746">
        <ele>378.18</ele>
      </trkpt>
      <trkpt lat="43.45816" lon="26.47458">
        <ele>378.2</ele>
      </trkpt>
      <trkpt lat="43.45814" lon="26.47456">
        <ele>378.24</ele>
      </trkpt>
      <trkpt lat="43.45812" lon="26.47454">
        <ele>378.32</ele>
      </trkpt>
      <trkpt lat="43.4581" lon="26.47452">
        <ele>378.43</ele>
      </trkpt>
      <trkpt lat="43.45808" lon="26.4745">
        <ele>378.56</ele>
      </trkpt>
      <trkpt lat="43.45806" lon="26.47448">
        <ele>378.73</ele>
      </trkpt>
      <trkpt lat="43.45804" lon="26.47447">
        <ele>378.44</ele>
      </trkpt>
      <trkpt lat="43.45803" lon="26.47445">
        <ele>378.32</ele>
      </trkpt>
      <trkpt lat="43.45801" lon="26.47443">
        <ele>377.78</ele>
      </trkpt>
      <trkpt lat="43.45799" lon="26.47441">
        <ele>377.22</ele>
      </trkpt>
      <trkpt lat="43.45797" lon="26.47439">
        <ele>376.69</ele>
      </trkpt>
      <trkpt lat="43.45795" lon="26.47437">
        <ele>376.21</ele>
      </trkpt>
      <trkpt lat="43.45793" lon="26.47435">
        <ele>375.77</ele>
      </trkpt>
      <trkpt lat="43.45791" lon="26.47433">
        <ele>375.37</ele>
      </trkpt>
      <trkpt lat="43.45789" lon="26.47431">
        <ele>375.01</ele>
      </trkpt>
      <trkpt lat="43.45787" lon="26.47429">
        <ele>374.7</ele>
      </trkpt>
      <trkpt lat="43.45784" lon="26.47427">
        <ele>374.26</ele>
      </trkpt>
      <trkpt lat="43.45782" lon="26.47425">
        <ele>374.04</ele>
      </trkpt>
      <trkpt lat="43.4578" lon="26.47422">
        <ele>373.92</ele>
      </trkpt>
      <trkpt lat="43.45778" lon="26.4742">
        <ele>373.79</ele>
      </trkpt>
      <trkpt lat="43.45776" lon="26.47417">
        <ele>374.55</ele>
      </trkpt>
      <trkpt lat="43.45773" lon="26.47415">
        <ele>375.75</ele>
      </trkpt>
      <trkpt lat="43.45771" lon="26.47412">
        <ele>376.7</ele>
      </trkpt>
      <trkpt lat="43.45769" lon="26.4741">
        <ele>377.5</ele>
      </trkpt>
      <trkpt lat="43.45767" lon="26.47407">
        <ele>378.34</ele>
      </trkpt>
      <trkpt lat="43.45765" lon="26.47405">
        <ele>379.05</ele>
      </trkpt>
      <trkpt lat="43.45763" lon="26.47403">
        <ele>379.71</ele>
      </trkpt>
      <trkpt lat="43.45761" lon="26.474">
        <ele>380.39</ele>
      </trkpt>
      <trkpt lat="43.4576" lon="26.47398">
        <ele>380.73</ele>
      </trkpt>
      <trkpt lat="43.45758" lon="26.47396">
        <ele>381.27</ele>
      </trkpt>
      <trkpt lat="43.45756" lon="26.47394">
        <ele>381.76</ele>
      </trkpt>
      <trkpt lat="43.45754" lon="26.47392">
        <ele>382.22</ele>
      </trkpt>
      <trkpt lat="43.45752" lon="26.4739">
        <ele>382.63</ele>
      </trkpt>
      <trkpt lat="43.4575" lon="26.47389">
        <ele>383.0</ele>
      </trkpt>
      <trkpt lat="43.45748" lon="26.47387">
        <ele>383.33</ele>
      </trkpt>
      <trkpt lat="43.45746" lon="26.47385">
        <ele>383.63</ele>
      </trkpt>
      <trkpt lat="43.45744" lon="26.47384">
        <ele>383.81</ele>
      </trkpt>
      <trkpt lat="43.45741" lon="26.47382">
        <ele>384.07</ele>
      </trkpt>
      <trkpt lat="43.45739" lon="26.4738">
        <ele>384.25</ele>
      </trkpt>
      <trkpt lat="43.45736" lon="26.47378">
        <ele>384.39</ele>
      </trkpt>
      <trkpt lat="43.45733" lon="26.47376">
        <ele>384.48</ele>
      </trkpt>
      <trkpt lat="43.45731" lon="26.47374">
        <ele>384.51</ele>
      </trkpt>
      <trkpt lat="43.45729" lon="26.47371">
        <ele>384.5</ele>
      </trkpt>
      <trkpt lat="43.45726" lon="26.47368">
        <ele>384.39</ele>
      </trkpt>
      <trkpt lat="43.45724" lon="26.47366">
        <ele>384.26</ele>
      </trkpt>
      <trkpt lat="43.45722" lon="26.47364">
        <ele>384.11</ele>
      </trkpt>
      <trkpt lat="43.4572" lon="26.47362">
        <ele>384.11</ele>
      </trkpt>
      <trkpt lat="43.45719" lon="26.4736">
        <ele>384.16</ele>
      </trkpt>
      <trkpt lat="43.45717" lon="26.47358">
        <ele>384.3</ele>
      </trkpt>
      <trkpt lat="43.45715" lon="26.47356">
        <ele>384.44</ele>
      </trkpt>
      <trkpt lat="43.45713" lon="26.47354">
        <ele>384.59</ele>
      </trkpt>
      <trkpt lat="43.45711" lon="26.47353">
        <ele>384.7</ele>
      </trkpt>
      <trkpt lat="43.45709" lon="26.47351">
        <ele>384.84</ele>
      </trkpt>
      <trkpt lat="43.45708" lon="26.47349">
        <ele>384.95</ele>
      </trkpt>
      <trkpt lat="43.45706" lon="26.47347">
        <ele>385.09</ele>
      </trkpt>
      <trkpt lat="43.45704" lon="26.47345">
        <ele>385.24</ele>
      </trkpt>
      <trkpt lat="43.45702" lon="26.47343">
        <ele>385.38</ele>
      </trkpt>
      <trkpt lat="43.457" lon="26.47342">
        <ele>385.49</ele>
      </trkpt>
      <trkpt lat="43.45698" lon="26.4734">
        <ele>385.63</ele>
      </trkpt>
      <trkpt lat="43.45696" lon="26.47339">
        <ele>385.74</ele>
      </trkpt>
      <trkpt lat="43.45693" lon="26.47338">
        <ele>385.81</ele>
      </trkpt>
      <trkpt lat="43.45691" lon="26.47336">
        <ele>385.88</ele>
      </trkpt>
      <trkpt lat="43.45689" lon="26.47335">
        <ele>385.92</ele>
      </trkpt>
      <trkpt lat="43.45687" lon="26.47333">
        <ele>385.99</ele>
      </trkpt>
      <trkpt lat="43.45684" lon="26.47332">
        <ele>385.96</ele>
      </trkpt>
      <trkpt lat="43.45682" lon="26.4733">
        <ele>385.92</ele>
      </trkpt>
      <trkpt lat="43.4568" lon="26.47328">
        <ele>385.92</ele>
      </trkpt>
      <trkpt lat="43.45678" lon="26.47326">
        <ele>385.94</ele>
      </trkpt>
      <trkpt lat="43.45676" lon="26.47325">
        <ele>386.0</ele>
      </trkpt>
      <trkpt lat="43.45674" lon="26.47323">
        <ele>386.08</ele>
      </trkpt>
      <trkpt lat="43.45672" lon="26.47322">
        <ele>386.17</ele>
      </trkpt>
      <trkpt lat="43.4567" lon="26.47321">
        <ele>386.28</ele>
      </trkpt>
      <trkpt lat="43.45667" lon="26.47319">
        <ele>386.5</ele>
      </trkpt>
      <trkpt lat="43.45665" lon="26.47318">
        <ele>386.38</ele>
      </trkpt>
      <trkpt lat="43.45662" lon="26.47316">
        <ele>386.16</ele>
      </trkpt>
      <trkpt lat="43.4566" lon="26.47315">
        <ele>386.02</ele>
      </trkpt>
      <trkpt lat="43.45658" lon="26.47313">
        <ele>385.94</ele>
      </trkpt>
      <trkpt lat="43.45656" lon="26.47311">
        <ele>385.89</ele>
      </trkpt>
      <trkpt lat="43.45654" lon="26.47309">
        <ele>385.85</ele>
      </trkpt>
      <trkpt lat="43.45653" lon="26.47306">
        <ele>385.98</ele>
      </trkpt>
      <trkpt lat="43.45651" lon="26.47304">
        <ele>385.99</ele>
      </trkpt>
      <trkpt lat="43.45649" lon="26.47301">
        <ele>386.1</ele>
      </trkpt>
      <trkpt lat="43.45648" lon="26.47299">
        <ele>386.21</ele>
      </trkpt>
      <trkpt lat="43.45646" lon="26.47296">
        <ele>386.37</ele>
      </trkpt>
      <trkpt lat="43.45644" lon="26.47294">
        <ele>386.46</ele>
      </trkpt>
      <trkpt lat="43.45642" lon="26.47291">
        <ele>386.68</ele>
      </trkpt>
      <trkpt lat="43.4564" lon="26.47289">
        <ele>386.82</ele>
      </trkpt>
      <trkpt lat="43.45638" lon="26.47286">
        <ele>387.18</ele>
      </trkpt>
      <trkpt lat="43.45636" lon="26.47284">
        <ele>387.54</ele>
      </trkpt>
      <trkpt lat="43.45634" lon="26.47282">
        <ele>387.9</ele>
      </trkpt>
      <trkpt lat="43.45632" lon="26.4728">
        <ele>388.26</ele>
      </trkpt>
      <trkpt lat="43.45629" lon="26.47278">
        <ele>388.69</ele>
      </trkpt>
      <trkpt lat="43.45628" lon="26.47276">
        <ele>388.93</ele>
      </trkpt>
      <trkpt lat="43.45626" lon="26.47274">
        <ele>389.21</ele>
      </trkpt>
      <trkpt lat="43.45625" lon="26.47272">
        <ele>389.42</ele>
      </trkpt>
      <trkpt lat="43.45623" lon="26.4727">
        <ele>389.66</ele>
      </trkpt>
      <trkpt lat="43.45621" lon="26.47269">
        <ele>389.83</ele>
      </trkpt>
      <trkpt lat="43.4562" lon="26.47267">
        <ele>390.0</ele>
      </trkpt>
      <trkpt lat="43.45618" lon="26.47265">
        <ele>390.19</ele>
      </trkpt>
      <trkpt lat="43.45616" lon="26.47263">
        <ele>390.37</ele>
      </trkpt>
      <trkpt lat="43.45614" lon="26.47261">
        <ele>390.52</ele>
      </trkpt>
      <trkpt lat="43.45613" lon="26.47259">
        <ele>390.63</ele>
      </trkpt>
      <trkpt lat="43.45611" lon="26.47257">
        <ele>390.77</ele>
      </trkpt>
      <trkpt lat="43.4561" lon="26.47255">
        <ele>391.01</ele>
      </trkpt>
      <trkpt lat="43.45608" lon="26.47253">
        <ele>391.43</ele>
      </trkpt>
      <trkpt lat="43.45607" lon="26.4725">
        <ele>391.74</ele>
      </trkpt>
      <trkpt lat="43.45606" lon="26.47248">
        <ele>392.05</ele>
      </trkpt>
      <trkpt lat="43.45604" lon="26.47246">
        <ele>392.53</ele>
      </trkpt>
      <trkpt lat="43.45603" lon="26.47244">
        <ele>392.83</ele>
      </trkpt>
      <trkpt lat="43.45601" lon="26.47243">
        <ele>393.23</ele>
      </trkpt>
      <trkpt lat="43.45598" lon="26.47241">
        <ele>393.86</ele>
      </trkpt>
      <trkpt lat="43.45596" lon="26.4724">
        <ele>394.24</ele>
      </trkpt>
      <trkpt lat="43.45594" lon="26.47238">
        <ele>394.68</ele>
      </trkpt>
      <trkpt lat="43.45592" lon="26.47236">
        <ele>395.1</ele>
      </trkpt>
      <trkpt lat="43.4559" lon="26.47234">
        <ele>395.51</ele>
      </trkpt>
      <trkpt lat="43.45587" lon="26.47232">
        <ele>396.07</ele>
      </trkpt>
      <trkpt lat="43.45586" lon="26.4723">
        <ele>396.31</ele>
      </trkpt>
      <trkpt lat="43.45584" lon="26.47229">
        <ele>396.65</ele>
      </trkpt>
      <trkpt lat="43.45582" lon="26.47227">
        <ele>396.96</ele>
      </trkpt>
      <trkpt lat="43.4558" lon="26.47225">
        <ele>397.25</ele>
      </trkpt>
      <trkpt lat="43.45579" lon="26.47224">
        <ele>397.39</ele>
      </trkpt>
      <trkpt lat="43.45577" lon="26.47222">
        <ele>397.69</ele>
      </trkpt>
      <trkpt lat="43.45575" lon="26.47221">
        <ele>397.93</ele>
      </trkpt>
      <trkpt lat="43.45574" lon="26.4722">
        <ele>398.06</ele>
      </trkpt>
      <trkpt lat="43.45572" lon="26.47219">
        <ele>398.29</ele>
      </trkpt>
      <trkpt lat="43.45569" lon="26.47217">
        <ele>398.64</ele>
      </trkpt>
      <trkpt lat="43.45567" lon="26.47216">
        <ele>398.86</ele>
      </trkpt>
      <trkpt lat="43.45565" lon="26.47215">
        <ele>399.07</ele>
      </trkpt>
      <trkpt lat="43.45563" lon="26.47213">
        <ele>399.28</ele>
      </trkpt>
      <trkpt lat="43.45562" lon="26.47211">
        <ele>399.4</ele>
      </trkpt>
      <trkpt lat="43.4556" lon="26.47208">
        <ele>399.6</ele>
      </trkpt>
      <trkpt lat="43.45559" lon="26.47205">
        <ele>399.7</ele>
      </trkpt>
      <trkpt lat="43.45557" lon="26.47202">
        <ele>399.88</ele>
      </trkpt>
      <trkpt lat="43.45556" lon="26.47199">
        <ele>399.97</ele>
      </trkpt>
      <trkpt lat="43.45554" lon="26.47196">
        <ele>400.16</ele>
      </trkpt>
      <trkpt lat="43.45553" lon="26.47194">
        <ele>400.21</ele>
      </trkpt>
      <trkpt lat="43.45551" lon="26.47192">
        <ele>400.15</ele>
      </trkpt>
      <trkpt lat="43.45549" lon="26.4719">
        <ele>400.17</ele>
      </trkpt>
      <trkpt lat="43.45547" lon="26.47189">
        <ele>400.37</ele>
      </trkpt>
      <trkpt lat="43.45546" lon="26.47187">
        <ele>400.34</ele>
      </trkpt>
      <trkpt lat="43.45544" lon="26.47186">
        <ele>400.61</ele>
      </trkpt>
      <trkpt lat="43.45542" lon="26.47185">
        <ele>400.93</ele>
      </trkpt>
      <trkpt lat="43.4554" lon="26.47183">
        <ele>401.24</ele>
      </trkpt>
      <trkpt lat="43.45538" lon="26.47182">
        <ele>401.64</ele>
      </trkpt>
      <trkpt lat="43.45535" lon="26.4718">
        <ele>402.31</ele>
      </trkpt>
      <trkpt lat="43.45533" lon="26.47179">
        <ele>402.82</ele>
      </trkpt>
      <trkpt lat="43.45531" lon="26.47178">
        <ele>403.36</ele>
      </trkpt>
      <trkpt lat="43.45528" lon="26.47177">
        <ele>404.2</ele>
      </trkpt>
      <trkpt lat="43.45526" lon="26.47176">
        <ele>404.6</ele>
      </trkpt>
      <trkpt lat="43.45523" lon="26.47176">
        <ele>405.07</ele>
      </trkpt>
      <trkpt lat="43.45521" lon="26.47174">
        <ele>405.56</ele>
      </trkpt>
      <trkpt lat="43.45518" lon="26.47173">
        <ele>406.14</ele>
      </trkpt>
      <trkpt lat="43.45516" lon="26.47172">
        <ele>406.57</ele>
      </trkpt>
      <trkpt lat="43.45513" lon="26.47171">
        <ele>407.18</ele>
      </trkpt>
      <trkpt lat="43.45511" lon="26.4717">
        <ele>407.64</ele>
      </trkpt>
      <trkpt lat="43.45509" lon="26.47169">
        <ele>408.1</ele>
      </trkpt>
      <trkpt lat="43.45506" lon="26.47168">
        <ele>408.75</ele>
      </trkpt>
      <trkpt lat="43.45504" lon="26.47167">
        <ele>409.24</ele>
      </trkpt>
      <trkpt lat="43.45502" lon="26.47166">
        <ele>409.67</ele>
      </trkpt>
      <trkpt lat="43.455" lon="26.47165">
        <ele>410.06</ele>
      </trkpt>
      <trkpt lat="43.45498" lon="26.47164">
        <ele>410.02</ele>
      </trkpt>
      <trkpt lat="43.45496" lon="26.47163">
        <ele>409.97</ele>
      </trkpt>
      <trkpt lat="43.45494" lon="26.47161">
        <ele>409.94</ele>
      </trkpt>
      <trkpt lat="43.45492" lon="26.4716">
        <ele>409.88</ele>
      </trkpt>
      <trkpt lat="43.4549" lon="26.47158">
        <ele>409.84</ele>
      </trkpt>
      <trkpt lat="43.45488" lon="26.47157">
        <ele>409.77</ele>
      </trkpt>
      <trkpt lat="43.45486" lon="26.47156">
        <ele>409.69</ele>
      </trkpt>
      <trkpt lat="43.45484" lon="26.47155">
        <ele>409.6</ele>
      </trkpt>
      <trkpt lat="43.45482" lon="26.47154">
        <ele>409.51</ele>
      </trkpt>
      <trkpt lat="43.4548" lon="26.47153">
        <ele>409.42</ele>
      </trkpt>
      <trkpt lat="43.45477" lon="26.47153">
        <ele>409.26</ele>
      </trkpt>
      <trkpt lat="43.45475" lon="26.47152">
        <ele>409.15</ele>
      </trkpt>
      <trkpt lat="43.45472" lon="26.47151">
        <ele>408.99</ele>
      </trkpt>
      <trkpt lat="43.4547" lon="26.4715">
        <ele>408.92</ele>
      </trkpt>
      <trkpt lat="43.45468" lon="26.47149">
        <ele>408.88</ele>
      </trkpt>
      <trkpt lat="43.45466" lon="26.47148">
        <ele>408.86</ele>
      </trkpt>
      <trkpt lat="43.45464" lon="26.47146">
        <ele>408.92</ele>
      </trkpt>
      <trkpt lat="43.45462" lon="26.47145">
        <ele>408.96</ele>
      </trkpt>
      <trkpt lat="43.4546" lon="26.47143">
        <ele>409.11</ele>
      </trkpt>
      <trkpt lat="43.45458" lon="26.47142">
        <ele>409.23</ele>
      </trkpt>
      <trkpt lat="43.45456" lon="26.4714">
        <ele>409.47</ele>
      </trkpt>
      <trkpt lat="43.45454" lon="26.47139">
        <ele>409.64</ele>
      </trkpt>
      <trkpt lat="43.45452" lon="26.47138">
        <ele>409.84</ele>
      </trkpt>
      <trkpt lat="43.45449" lon="26.47136">
        <ele>410.18</ele>
      </trkpt>
      <trkpt lat="43.45447" lon="26.47135">
        <ele>410.35</ele>
      </trkpt>
      <trkpt lat="43.45445" lon="26.47133">
        <ele>410.62</ele>
      </trkpt>
      <trkpt lat="43.45443" lon="26.47132">
        <ele>410.56</ele>
      </trkpt>
      <trkpt lat="43.45441" lon="26.4713">
        <ele>410.51</ele>
      </trkpt>
      <trkpt lat="43.45439" lon="26.47129">
        <ele>410.34</ele>
      </trkpt>
      <trkpt lat="43.45437" lon="26.47129">
        <ele>410.07</ele>
      </trkpt>
      <trkpt lat="43.45435" lon="26.47128">
        <ele>409.89</ele>
      </trkpt>
      <trkpt lat="43.45433" lon="26.47128">
        <ele>409.62</ele>
      </trkpt>
      <trkpt lat="43.45431" lon="26.47128">
        <ele>409.34</ele>
      </trkpt>
      <trkpt lat="43.45429" lon="26.47128">
        <ele>409.07</ele>
      </trkpt>
      <trkpt lat="43.45428" lon="26.47128">
        <ele>408.94</ele>
      </trkpt>
      <trkpt lat="43.45426" lon="26.47129">
        <ele>408.6</ele>
      </trkpt>
      <trkpt lat="43.45426" lon="26.47129">
        <ele>408.6</ele>
      </trkpt>
      <trkpt lat="43.45425" lon="26.47131">
        <ele>408.35</ele>
      </trkpt>
      <trkpt lat="43.45424" lon="26.47133">
        <ele>408.12</ele>
      </trkpt>
      <trkpt lat="43.45423" lon="26.47135">
        <ele>407.89</ele>
      </trkpt>
      <trkpt lat="43.45422" lon="26.47138">
        <ele>407.62</ele>
      </trkpt>
      <trkpt lat="43.45421" lon="26.47141">
        <ele>407.28</ele>
      </trkpt>
      <trkpt lat="43.4542" lon="26.47145">
        <ele>406.84</ele>
      </trkpt>
      <trkpt lat="43.45419" lon="26.47148">
        <ele>406.51</ele>
      </trkpt>
      <trkpt lat="43.45418" lon="26.47152">
        <ele>406.13</ele>
      </trkpt>
      <trkpt lat="43.45418" lon="26.47156">
        <ele>405.82</ele>
      </trkpt>
      <trkpt lat="43.45418" lon="26.47159">
        <ele>405.59</ele>
      </trkpt>
      <trkpt lat="43.45418" lon="26.47163">
        <ele>405.28</ele>
      </trkpt>
      <trkpt lat="43.45419" lon="26.47166">
        <ele>405.05</ele>
      </trkpt>
      <trkpt lat="43.4542" lon="26.47169">
        <ele>404.79</ele>
      </trkpt>
      <trkpt lat="43.4542" lon="26.47173">
        <ele>404.43</ele>
      </trkpt>
      <trkpt lat="43.45421" lon="26.47177">
        <ele>404.12</ele>
      </trkpt>
      <trkpt lat="43.45422" lon="26.4718">
        <ele>403.93</ele>
      </trkpt>
      <trkpt lat="43.45423" lon="26.47184">
        <ele>403.7</ele>
      </trkpt>
      <trkpt lat="43.45424" lon="26.47188">
        <ele>403.51</ele>
      </trkpt>
      <trkpt lat="43.45425" lon="26.47191">
        <ele>403.42</ele>
      </trkpt>
      <trkpt lat="43.45426" lon="26.47195">
        <ele>403.37</ele>
      </trkpt>
      <trkpt lat="43.45426" lon="26.47199">
        <ele>403.56</ele>
      </trkpt>
      <trkpt lat="43.45427" lon="26.47203">
        <ele>403.87</ele>
      </trkpt>
      <trkpt lat="43.45428" lon="26.47207">
        <ele>404.17</ele>
      </trkpt>
      <trkpt lat="43.45429" lon="26.47211">
        <ele>404.44</ele>
      </trkpt>
      <trkpt lat="43.45429" lon="26.47216">
        <ele>404.64</ele>
      </trkpt>
      <trkpt lat="43.4543" lon="26.4722">
        <ele>404.88</ele>
      </trkpt>
      <trkpt lat="43.45431" lon="26.47224">
        <ele>405.07</ele>
      </trkpt>
      <trkpt lat="43.45432" lon="26.47228">
        <ele>405.22</ele>
      </trkpt>
      <trkpt lat="43.45433" lon="26.47232">
        <ele>405.38</ele>
      </trkpt>
      <trkpt lat="43.45433" lon="26.47235">
        <ele>405.45</ele>
      </trkpt>
      <trkpt lat="43.45433" lon="26.47239">
        <ele>405.53</ele>
      </trkpt>
      <trkpt lat="43.45433" lon="26.47242">
        <ele>405.59</ele>
      </trkpt>
      <trkpt lat="43.45433" lon="26.47246">
        <ele>405.68</ele>
      </trkpt>
      <trkpt lat="43.45432" lon="26.4725">
        <ele>405.66</ele>
      </trkpt>
      <trkpt lat="43.45432" lon="26.47254">
        <ele>405.43</ele>
      </trkpt>
      <trkpt lat="43.45431" lon="26.47258">
        <ele>405.11</ele>
      </trkpt>
      <trkpt lat="43.4543" lon="26.47262">
        <ele>404.8</ele>
      </trkpt>
      <trkpt lat="43.4543" lon="26.47266">
        <ele>404.59</ele>
      </trkpt>
      <trkpt lat="43.4543" lon="26.4727">
        <ele>404.37</ele>
      </trkpt>
      <trkpt lat="43.4543" lon="26.47273">
        <ele>404.21</ele>
      </trkpt>
      <trkpt lat="43.4543" lon="26.47277">
        <ele>404.0</ele>
      </trkpt>
      <trkpt lat="43.45429" lon="26.4728">
        <ele>403.74</ele>
      </trkpt>
      <trkpt lat="43.45429" lon="26.47283">
        <ele>403.53</ele>
      </trkpt>
      <trkpt lat="43.45429" lon="26.47286">
        <ele>403.33</ele>
      </trkpt>
      <trkpt lat="43.45429" lon="26.4729">
        <ele>403.06</ele>
      </trkpt>
      <trkpt lat="43.45429" lon="26.47293">
        <ele>402.85</ele>
      </trkpt>
      <trkpt lat="43.45429" lon="26.47297">
        <ele>402.58</ele>
      </trkpt>
      <trkpt lat="43.45429" lon="26.473">
        <ele>402.38</ele>
      </trkpt>
      <trkpt lat="43.45429" lon="26.47304">
        <ele>402.11</ele>
      </trkpt>
      <trkpt lat="43.45429" lon="26.47308">
        <ele>401.81</ele>
      </trkpt>
      <trkpt lat="43.45429" lon="26.47312">
        <ele>401.51</ele>
      </trkpt>
      <trkpt lat="43.45429" lon="26.47316">
        <ele>401.21</ele>
      </trkpt>
      <trkpt lat="43.45429" lon="26.4732">
        <ele>400.9</ele>
      </trkpt>
      <trkpt lat="43.4543" lon="26.47324">
        <ele>400.65</ele>
      </trkpt>
      <trkpt lat="43.45429" lon="26.47328">
        <ele>400.29</ele>
      </trkpt>
      <trkpt lat="43.45429" lon="26.47332">
        <ele>399.99</ele>
      </trkpt>
      <trkpt lat="43.45428" lon="26.47335">
        <ele>400.05</ele>
      </trkpt>
      <trkpt lat="43.45428" lon="26.47339">
        <ele>400.62</ele>
      </trkpt>
      <trkpt lat="43.45427" lon="26.47342">
        <ele>401.04</ele>
      </trkpt>
      <trkpt lat="43.45426" lon="26.47346">
        <ele>401.64</ele>
      </trkpt>
      <trkpt lat="43.45425" lon="26.47349">
        <ele>402.14</ele>
      </trkpt>
      <trkpt lat="43.45424" lon="26.47353">
        <ele>402.84</ele>
      </trkpt>
      <trkpt lat="43.45423" lon="26.47356">
        <ele>403.42</ele>
      </trkpt>
      <trkpt lat="43.45423" lon="26.4736">
        <ele>404.12</ele>
      </trkpt>
      <trkpt lat="43.45422" lon="26.47364">
        <ele>403.78</ele>
      </trkpt>
      <trkpt lat="43.45421" lon="26.47367">
        <ele>403.18</ele>
      </trkpt>
      <trkpt lat="43.45421" lon="26.47371">
        <ele>402.26</ele>
      </trkpt>
      <trkpt lat="43.4542" lon="26.47375">
        <ele>401.38</ele>
      </trkpt>
      <trkpt lat="43.45419" lon="26.47379">
        <ele>400.46</ele>
      </trkpt>
      <trkpt lat="43.45419" lon="26.47383">
        <ele>399.5</ele>
      </trkpt>
      <trkpt lat="43.45418" lon="26.47387">
        <ele>398.51</ele>
      </trkpt>
      <trkpt lat="43.45418" lon="26.47391">
        <ele>398.2</ele>
      </trkpt>
      <trkpt lat="43.45418" lon="26.47395">
        <ele>398.49</ele>
      </trkpt>
      <trkpt lat="43.45418" lon="26.47399">
        <ele>398.78</ele>
      </trkpt>
      <trkpt lat="43.45417" lon="26.47403">
        <ele>399.03</ele>
      </trkpt>
      <trkpt lat="43.45417" lon="26.47407">
        <ele>399.32</ele>
      </trkpt>
      <trkpt lat="43.45416" lon="26.47411">
        <ele>399.58</ele>
      </trkpt>
      <trkpt lat="43.45415" lon="26.47416">
        <ele>399.84</ele>
      </trkpt>
      <trkpt lat="43.45415" lon="26.4742">
        <ele>400.0</ele>
      </trkpt>
      <trkpt lat="43.45414" lon="26.47425">
        <ele>400.11</ele>
      </trkpt>
      <trkpt lat="43.45413" lon="26.47429">
        <ele>400.18</ele>
      </trkpt>
      <trkpt lat="43.45412" lon="26.47433">
        <ele>400.25</ele>
      </trkpt>
      <trkpt lat="43.45411" lon="26.47437">
        <ele>400.32</ele>
      </trkpt>
      <trkpt lat="43.4541" lon="26.47441">
        <ele>400.4</ele>
      </trkpt>
      <trkpt lat="43.4541" lon="26.47445">
        <ele>400.52</ele>
      </trkpt>
      <trkpt lat="43.45409" lon="26.47449">
        <ele>400.4</ele>
      </trkpt>
      <trkpt lat="43.45408" lon="26.47453">
        <ele>400.28</ele>
      </trkpt>
      <trkpt lat="43.45407" lon="26.47457">
        <ele>400.15</ele>
      </trkpt>
      <trkpt lat="43.45406" lon="26.47461">
        <ele>400.0</ele>
      </trkpt>
      <trkpt lat="43.45405" lon="26.47464">
        <ele>399.86</ele>
      </trkpt>
      <trkpt lat="43.45404" lon="26.47468">
        <ele>399.7</ele>
      </trkpt>
      <trkpt lat="43.45403" lon="26.47472">
        <ele>399.53</ele>
      </trkpt>
      <trkpt lat="43.45401" lon="26.47476">
        <ele>399.58</ele>
      </trkpt>
      <trkpt lat="43.454" lon="26.47479">
        <ele>399.69</ele>
      </trkpt>
      <trkpt lat="43.45399" lon="26.47483">
        <ele>399.87</ele>
      </trkpt>
      <trkpt lat="43.45398" lon="26.47486">
        <ele>399.98</ele>
      </trkpt>
      <trkpt lat="43.45397" lon="26.47489">
        <ele>400.08</ele>
      </trkpt>
      <trkpt lat="43.45395" lon="26.47492">
        <ele>400.08</ele>
      </trkpt>
      <trkpt lat="43.45394" lon="26.47495">
        <ele>400.19</ele>
      </trkpt>
      <trkpt lat="43.45394" lon="26.47498">
        <ele>400.41</ele>
      </trkpt>
      <trkpt lat="43.45393" lon="26.475">
        <ele>400.44</ele>
      </trkpt>
      <trkpt lat="43.45392" lon="26.47503">
        <ele>400.76</ele>
      </trkpt>
      <trkpt lat="43.4539" lon="26.47506">
        <ele>400.98</ele>
      </trkpt>
      <trkpt lat="43.45389" lon="26.47508">
        <ele>401.16</ele>
      </trkpt>
      <trkpt lat="43.45388" lon="26.47512">
        <ele>401.59</ele>
      </trkpt>
      <trkpt lat="43.45386" lon="26.47515">
        <ele>401.68</ele>
      </trkpt>
      <trkpt lat="43.45385" lon="26.47518">
        <ele>401.9</ele>
      </trkpt>
      <trkpt lat="43.45383" lon="26.47522">
        <ele>402.03</ele>
      </trkpt>
      <trkpt lat="43.45381" lon="26.47525">
        <ele>401.98</ele>
      </trkpt>
      <trkpt lat="43.4538" lon="26.47528">
        <ele>402.09</ele>
      </trkpt>
      <trkpt lat="43.45378" lon="26.47532">
        <ele>401.86</ele>
      </trkpt>
      <trkpt lat="43.45377" lon="26.47535">
        <ele>401.8</ele>
      </trkpt>
      <trkpt lat="43.45376" lon="26.47539">
        <ele>401.81</ele>
      </trkpt>
      <trkpt lat="43.45375" lon="26.47542">
        <ele>401.77</ele>
      </trkpt>
      <trkpt lat="43.45374" lon="26.47546">
        <ele>401.79</ele>
      </trkpt>
      <trkpt lat="43.45374" lon="26.4755">
        <ele>402.01</ele>
      </trkpt>
      <trkpt lat="43.45374" lon="26.47554">
        <ele>402.23</ele>
      </trkpt>
      <trkpt lat="43.45374" lon="26.47559">
        <ele>402.2</ele>
      </trkpt>
      <trkpt lat="43.45374" lon="26.47563">
        <ele>402.05</ele>
      </trkpt>
      <trkpt lat="43.45375" lon="26.47567">
        <ele>402.09</ele>
      </trkpt>
      <trkpt lat="43.45376" lon="26.47571">
        <ele>402.12</ele>
      </trkpt>
      <trkpt lat="43.45377" lon="26.47575">
        <ele>402.16</ele>
      </trkpt>
      <trkpt lat="43.45379" lon="26.47579">
        <ele>402.38</ele>
      </trkpt>
      <trkpt lat="43.4538" lon="26.47582">
        <ele>402.45</ele>
      </trkpt>
      <trkpt lat="43.45381" lon="26.47586">
        <ele>402.44</ele>
      </trkpt>
      <trkpt lat="43.45382" lon="26.47589">
        <ele>402.45</ele>
      </trkpt>
      <trkpt lat="43.45384" lon="26.47592">
        <ele>402.61</ele>
      </trkpt>
      <trkpt lat="43.45385" lon="26.47595">
        <ele>402.58</ele>
      </trkpt>
      <trkpt lat="43.45387" lon="26.47598">
        <ele>402.68</ele>
      </trkpt>
      <trkpt lat="43.45388" lon="26.47601">
        <ele>402.61</ele>
      </trkpt>
      <trkpt lat="43.45389" lon="26.47604">
        <ele>402.51</ele>
      </trkpt>
      <trkpt lat="43.45391" lon="26.47607">
        <ele>402.28</ele>
      </trkpt>
      <trkpt lat="43.45392" lon="26.47611">
        <ele>402.01</ele>
      </trkpt>
      <trkpt lat="43.45393" lon="26.47615">
        <ele>401.98</ele>
      </trkpt>
      <trkpt lat="43.45394" lon="26.47618">
        <ele>401.95</ele>
      </trkpt>
      <trkpt lat="43.45395" lon="26.47622">
        <ele>401.91</ele>
      </trkpt>
      <trkpt lat="43.45395" lon="26.47625">
        <ele>401.89</ele>
      </trkpt>
      <trkpt lat="43.45395" lon="26.47628">
        <ele>401.87</ele>
      </trkpt>
      <trkpt lat="43.45394" lon="26.47631">
        <ele>401.87</ele>
      </trkpt>
      <trkpt lat="43.45393" lon="26.47634">
        <ele>401.88</ele>
      </trkpt>
      <trkpt lat="43.45392" lon="26.47636">
        <ele>401.9</ele>
      </trkpt>
      <trkpt lat="43.45391" lon="26.47639">
        <ele>401.94</ele>
      </trkpt>
      <trkpt lat="43.45389" lon="26.47642">
        <ele>402.44</ele>
      </trkpt>
      <trkpt lat="43.45388" lon="26.47645">
        <ele>402.79</ele>
      </trkpt>
      <trkpt lat="43.45386" lon="26.47648">
        <ele>403.0</ele>
      </trkpt>
      <trkpt lat="43.45385" lon="26.47651">
        <ele>403.28</ele>
      </trkpt>
      <trkpt lat="43.45383" lon="26.47654">
        <ele>403.41</ele>
      </trkpt>
      <trkpt lat="43.45382" lon="26.47658">
        <ele>403.74</ele>
      </trkpt>
      <trkpt lat="43.4538" lon="26.47661">
        <ele>403.78</ele>
      </trkpt>
      <trkpt lat="43.45378" lon="26.47664">
        <ele>403.77</ele>
      </trkpt>
      <trkpt lat="43.45376" lon="26.47667">
        <ele>403.7</ele>
      </trkpt>
      <trkpt lat="43.45374" lon="26.47671">
        <ele>403.55</ele>
      </trkpt>
      <trkpt lat="43.45371" lon="26.47674">
        <ele>403.14</ele>
      </trkpt>
      <trkpt lat="43.45369" lon="26.47677">
        <ele>402.9</ele>
      </trkpt>
      <trkpt lat="43.45367" lon="26.4768">
        <ele>402.64</ele>
      </trkpt>
      <trkpt lat="43.45364" lon="26.47682">
        <ele>402.13</ele>
      </trkpt>
      <trkpt lat="43.45362" lon="26.47685">
        <ele>401.84</ele>
      </trkpt>
      <trkpt lat="43.45359" lon="26.47687">
        <ele>401.86</ele>
      </trkpt>
      <trkpt lat="43.45357" lon="26.4769">
        <ele>402.17</ele>
      </trkpt>
      <trkpt lat="43.45354" lon="26.47693">
        <ele>402.65</ele>
      </trkpt>
      <trkpt lat="43.45352" lon="26.47695">
        <ele>403.0</ele>
      </trkpt>
      <trkpt lat="43.45349" lon="26.47698">
        <ele>403.4</ele>
      </trkpt>
      <trkpt lat="43.45346" lon="26.477">
        <ele>403.71</ele>
      </trkpt>
      <trkpt lat="43.45343" lon="26.47703">
        <ele>403.97</ele>
      </trkpt>
      <trkpt lat="43.45341" lon="26.47705">
        <ele>404.11</ele>
      </trkpt>
      <trkpt lat="43.45338" lon="26.47707">
        <ele>404.27</ele>
      </trkpt>
      <trkpt lat="43.45335" lon="26.47708">
        <ele>404.42</ele>
      </trkpt>
      <trkpt lat="43.45333" lon="26.47709">
        <ele>404.46</ele>
      </trkpt>
      <trkpt lat="43.4533" lon="26.47711">
        <ele>404.24</ele>
      </trkpt>
      <trkpt lat="43.45328" lon="26.47712">
        <ele>404.11</ele>
      </trkpt>
      <trkpt lat="43.45325" lon="26.47713">
        <ele>403.93</ele>
      </trkpt>
      <trkpt lat="43.45323" lon="26.47715">
        <ele>403.79</ele>
      </trkpt>
      <trkpt lat="43.4532" lon="26.47716">
        <ele>403.64</ele>
      </trkpt>
      <trkpt lat="43.45318" lon="26.47718">
        <ele>403.52</ele>
      </trkpt>
      <trkpt lat="43.45315" lon="26.4772">
        <ele>403.37</ele>
      </trkpt>
      <trkpt lat="43.45312" lon="26.47721">
        <ele>403.24</ele>
      </trkpt>
      <trkpt lat="43.45309" lon="26.47724">
        <ele>403.01</ele>
      </trkpt>
      <trkpt lat="43.45306" lon="26.47726">
        <ele>402.75</ele>
      </trkpt>
      <trkpt lat="43.45303" lon="26.47729">
        <ele>402.1</ele>
      </trkpt>
      <trkpt lat="43.453" lon="26.47731">
        <ele>401.49</ele>
      </trkpt>
      <trkpt lat="43.45297" lon="26.47733">
        <ele>400.92</ele>
      </trkpt>
      <trkpt lat="43.45294" lon="26.47734">
        <ele>400.42</ele>
      </trkpt>
      <trkpt lat="43.45292" lon="26.47735">
        <ele>400.09</ele>
      </trkpt>
      <trkpt lat="43.4529" lon="26.47736">
        <ele>399.76</ele>
      </trkpt>
      <trkpt lat="43.45287" lon="26.47737">
        <ele>399.31</ele>
      </trkpt>
      <trkpt lat="43.45285" lon="26.47738">
        <ele>399.0</ele>
      </trkpt>
      <trkpt lat="43.45283" lon="26.4774">
        <ele>398.7</ele>
      </trkpt>
      <trkpt lat="43.45281" lon="26.47741">
        <ele>398.42</ele>
      </trkpt>
      <trkpt lat="43.45278" lon="26.47742">
        <ele>398.03</ele>
      </trkpt>
      <trkpt lat="43.45275" lon="26.47744">
        <ele>397.4</ele>
      </trkpt>
      <trkpt lat="43.45273" lon="26.47746">
        <ele>396.97</ele>
      </trkpt>
      <trkpt lat="43.4527" lon="26.47747">
        <ele>396.32</ele>
      </trkpt>
      <trkpt lat="43.45267" lon="26.47749">
        <ele>395.67</ele>
      </trkpt>
      <trkpt lat="43.45264" lon="26.47751">
        <ele>395.01</ele>
      </trkpt>
      <trkpt lat="43.45262" lon="26.47753">
        <ele>394.57</ele>
      </trkpt>
      <trkpt lat="43.45259" lon="26.47754">
        <ele>394.0</ele>
      </trkpt>
      <trkpt lat="43.45257" lon="26.47756">
        <ele>393.67</ele>
      </trkpt>
      <trkpt lat="43.45255" lon="26.47757">
        <ele>393.36</ele>
      </trkpt>
      <trkpt lat="43.45252" lon="26.47759">
        <ele>392.96</ele>
      </trkpt>
      <trkpt lat="43.4525" lon="26.4776">
        <ele>392.72</ele>
      </trkpt>
      <trkpt lat="43.45248" lon="26.47761">
        <ele>392.86</ele>
      </trkpt>
      <trkpt lat="43.45246" lon="26.47763">
        <ele>393.13</ele>
      </trkpt>
      <trkpt lat="43.45243" lon="26.47764">
        <ele>393.39</ele>
      </trkpt>
      <trkpt lat="43.45241" lon="26.47765">
        <ele>393.63</ele>
      </trkpt>
      <trkpt lat="43.45239" lon="26.47766">
        <ele>393.9</ele>
      </trkpt>
      <trkpt lat="43.45236" lon="26.47768">
        <ele>394.42</ele>
      </trkpt>
      <trkpt lat="43.45234" lon="26.47769">
        <ele>394.76</ele>
      </trkpt>
      <trkpt lat="43.45231" lon="26.4777">
        <ele>395.22</ele>
      </trkpt>
      <trkpt lat="43.45229" lon="26.47772">
        <ele>395.82</ele>
      </trkpt>
      <trkpt lat="43.45226" lon="26.47773">
        <ele>396.37</ele>
      </trkpt>
      <trkpt lat="43.45224" lon="26.47775">
        <ele>397.08</ele>
      </trkpt>
      <trkpt lat="43.45222" lon="26.47776">
        <ele>397.5</ele>
      </trkpt>
      <trkpt lat="43.45219" lon="26.47777">
        <ele>397.01</ele>
      </trkpt>
      <trkpt lat="43.45217" lon="26.47777">
        <ele>396.52</ele>
      </trkpt>
      <trkpt lat="43.45214" lon="26.47778">
        <ele>395.95</ele>
      </trkpt>
      <trkpt lat="43.45212" lon="26.47779">
        <ele>395.52</ele>
      </trkpt>
      <trkpt lat="43.4521" lon="26.47779">
        <ele>395.0</ele>
      </trkpt>
      <trkpt lat="43.45207" lon="26.47779">
        <ele>394.22</ele>
      </trkpt>
      <trkpt lat="43.45205" lon="26.47779">
        <ele>393.7</ele>
      </trkpt>
      <trkpt lat="43.45203" lon="26.47779">
        <ele>393.18</ele>
      </trkpt>
      <trkpt lat="43.452" lon="26.47778">
        <ele>392.4</ele>
      </trkpt>
      <trkpt lat="43.45198" lon="26.47778">
        <ele>391.89</ele>
      </trkpt>
      <trkpt lat="43.45195" lon="26.47777">
        <ele>391.11</ele>
      </trkpt>
      <trkpt lat="43.45192" lon="26.47776">
        <ele>391.03</ele>
      </trkpt>
      <trkpt lat="43.45189" lon="26.47776">
        <ele>391.14</ele>
      </trkpt>
      <trkpt lat="43.45185" lon="26.47776">
        <ele>391.3</ele>
      </trkpt>
      <trkpt lat="43.45182" lon="26.47776">
        <ele>391.41</ele>
      </trkpt>
      <trkpt lat="43.45178" lon="26.47776">
        <ele>391.57</ele>
      </trkpt>
      <trkpt lat="43.45175" lon="26.47777">
        <ele>391.69</ele>
      </trkpt>
      <trkpt lat="43.45171" lon="26.47779">
        <ele>391.73</ele>
      </trkpt>
      <trkpt lat="43.45168" lon="26.4778">
        <ele>391.72</ele>
      </trkpt>
      <trkpt lat="43.45164" lon="26.47782">
        <ele>391.88</ele>
      </trkpt>
      <trkpt lat="43.45161" lon="26.47784">
        <ele>392.08</ele>
      </trkpt>
      <trkpt lat="43.45158" lon="26.47785">
        <ele>392.4</ele>
      </trkpt>
      <trkpt lat="43.45155" lon="26.47787">
        <ele>392.68</ele>
      </trkpt>
      <trkpt lat="43.45153" lon="26.47788">
        <ele>392.92</ele>
      </trkpt>
      <trkpt lat="43.4515" lon="26.47789">
        <ele>393.32</ele>
      </trkpt>
      <trkpt lat="43.45148" lon="26.4779">
        <ele>393.58</ele>
      </trkpt>
      <trkpt lat="43.45145" lon="26.47792">
        <ele>394.0</ele>
      </trkpt>
      <trkpt lat="43.45143" lon="26.47793">
        <ele>394.31</ele>
      </trkpt>
      <trkpt lat="43.4514" lon="26.47794">
        <ele>394.81</ele>
      </trkpt>
      <trkpt lat="43.45137" lon="26.47795">
        <ele>395.12</ele>
      </trkpt>
      <trkpt lat="43.45135" lon="26.47796">
        <ele>395.24</ele>
      </trkpt>
      <trkpt lat="43.45132" lon="26.47796">
        <ele>395.42</ele>
      </trkpt>
      <trkpt lat="43.45129" lon="26.47797">
        <ele>395.58</ele>
      </trkpt>
      <trkpt lat="43.45126" lon="26.47798">
        <ele>395.72</ele>
      </trkpt>
      <trkpt lat="43.45123" lon="26.47799">
        <ele>395.84</ele>
      </trkpt>
      <trkpt lat="43.4512" lon="26.478">
        <ele>395.95</ele>
      </trkpt>
      <trkpt lat="43.45117" lon="26.47801">
        <ele>396.05</ele>
      </trkpt>
      <trkpt lat="43.45114" lon="26.47802">
        <ele>396.13</ele>
      </trkpt>
      <trkpt lat="43.45111" lon="26.47803">
        <ele>396.19</ele>
      </trkpt>
      <trkpt lat="43.45109" lon="26.47804">
        <ele>396.26</ele>
      </trkpt>
      <trkpt lat="43.45107" lon="26.47804">
        <ele>396.39</ele>
      </trkpt>
      <trkpt lat="43.45104" lon="26.47805">
        <ele>396.54</ele>
      </trkpt>
      <trkpt lat="43.45102" lon="26.47805">
        <ele>396.68</ele>
      </trkpt>
      <trkpt lat="43.451" lon="26.47805">
        <ele>396.82</ele>
      </trkpt>
      <trkpt lat="43.45098" lon="26.47806">
        <ele>396.94</ele>
      </trkpt>
      <trkpt lat="43.45096" lon="26.47806">
        <ele>397.09</ele>
      </trkpt>
      <trkpt lat="43.45094" lon="26.47806">
        <ele>397.23</ele>
      </trkpt>
      <trkpt lat="43.45092" lon="26.47806">
        <ele>397.37</ele>
      </trkpt>
      <trkpt lat="43.4509" lon="26.47806">
        <ele>397.51</ele>
      </trkpt>
      <trkpt lat="43.45088" lon="26.47806">
        <ele>397.65</ele>
      </trkpt>
      <trkpt lat="43.45086" lon="26.47806">
        <ele>397.8</ele>
      </trkpt>
      <trkpt lat="43.45083" lon="26.47807">
        <ele>397.97</ele>
      </trkpt>
      <trkpt lat="43.45081" lon="26.47808">
        <ele>398.08</ele>
      </trkpt>
      <trkpt lat="43.45078" lon="26.47808">
        <ele>398.3</ele>
      </trkpt>
      <trkpt lat="43.45075" lon="26.47809">
        <ele>398.48</ele>
      </trkpt>
      <trkpt lat="43.45073" lon="26.4781">
        <ele>398.58</ele>
      </trkpt>
      <trkpt lat="43.4507" lon="26.47812">
        <ele>398.73</ele>
      </trkpt>
      <trkpt lat="43.45068" lon="26.47813">
        <ele>398.84</ele>
      </trkpt>
      <trkpt lat="43.45065" lon="26.47814">
        <ele>399.02</ele>
      </trkpt>
      <trkpt lat="43.45063" lon="26.47814">
        <ele>399.16</ele>
      </trkpt>
      <trkpt lat="43.45061" lon="26.47815">
        <ele>399.27</ele>
      </trkpt>
      <trkpt lat="43.45058" lon="26.47815">
        <ele>399.48</ele>
      </trkpt>
      <trkpt lat="43.45056" lon="26.47815">
        <ele>399.63</ele>
      </trkpt>
      <trkpt lat="43.45054" lon="26.47815">
        <ele>399.83</ele>
      </trkpt>
      <trkpt lat="43.45051" lon="26.47816">
        <ele>400.14</ele>
      </trkpt>
      <trkpt lat="43.45049" lon="26.47817">
        <ele>400.35</ele>
      </trkpt>
      <trkpt lat="43.45046" lon="26.47818">
        <ele>400.7</ele>
      </trkpt>
      <trkpt lat="43.45044" lon="26.47819">
        <ele>400.95</ele>
      </trkpt>
      <trkpt lat="43.45041" lon="26.4782">
        <ele>401.35</ele>
      </trkpt>
      <trkpt lat="43.45039" lon="26.47821">
        <ele>401.63</ele>
      </trkpt>
      <trkpt lat="43.45036" lon="26.47822">
        <ele>402.07</ele>
      </trkpt>
      <trkpt lat="43.45034" lon="26.47823">
        <ele>402.39</ele>
      </trkpt>
      <trkpt lat="43.45032" lon="26.47823">
        <ele>402.67</ele>
      </trkpt>
      <trkpt lat="43.4503" lon="26.47824">
        <ele>403.01</ele>
      </trkpt>
      <trkpt lat="43.45028" lon="26.47824">
        <ele>403.3</ele>
      </trkpt>
      <trkpt lat="43.45026" lon="26.47824">
        <ele>403.35</ele>
      </trkpt>
      <trkpt lat="43.45023" lon="26.47824">
        <ele>403.39</ele>
      </trkpt>
      <trkpt lat="43.45021" lon="26.47824">
        <ele>403.41</ele>
      </trkpt>
      <trkpt lat="43.45018" lon="26.47825">
        <ele>403.47</ele>
      </trkpt>
      <trkpt lat="43.45016" lon="26.47825">
        <ele>403.48</ele>
      </trkpt>
      <trkpt lat="43.45013" lon="26.47825">
        <ele>403.51</ele>
      </trkpt>
      <trkpt lat="43.45011" lon="26.47824">
        <ele>403.54</ele>
      </trkpt>
      <trkpt lat="43.45008" lon="26.47823">
        <ele>403.6</ele>
      </trkpt>
      <trkpt lat="43.45006" lon="26.47822">
        <ele>403.68</ele>
      </trkpt>
      <trkpt lat="43.45004" lon="26.47821">
        <ele>403.78</ele>
      </trkpt>
      <trkpt lat="43.45001" lon="26.4782">
        <ele>403.93</ele>
      </trkpt>
      <trkpt lat="43.44998" lon="26.4782">
        <ele>403.82</ele>
      </trkpt>
      <trkpt lat="43.44995" lon="26.4782">
        <ele>403.61</ele>
      </trkpt>
      <trkpt lat="43.44993" lon="26.4782">
        <ele>403.47</ele>
      </trkpt>
      <trkpt lat="43.4499" lon="26.4782">
        <ele>403.25</ele>
      </trkpt>
      <trkpt lat="43.44988" lon="26.4782">
        <ele>403.11</ele>
      </trkpt>
      <trkpt lat="43.44986" lon="26.4782">
        <ele>402.97</ele>
      </trkpt>
      <trkpt lat="43.44984" lon="26.47819">
        <ele>402.86</ele>
      </trkpt>
      <trkpt lat="43.44982" lon="26.47819">
        <ele>402.72</ele>
      </trkpt>
      <trkpt lat="43.4498" lon="26.47818">
        <ele>402.59</ele>
      </trkpt>
      <trkpt lat="43.44978" lon="26.47818">
        <ele>402.44</ele>
      </trkpt>
      <trkpt lat="43.44975" lon="26.47817">
        <ele>402.22</ele>
      </trkpt>
      <trkpt lat="43.44973" lon="26.47817">
        <ele>402.06</ele>
      </trkpt>
      <trkpt lat="43.4497" lon="26.47816">
        <ele>402.04</ele>
      </trkpt>
      <trkpt lat="43.44967" lon="26.47815">
        <ele>402.12</ele>
      </trkpt>
      <trkpt lat="43.44964" lon="26.47815">
        <ele>402.19</ele>
      </trkpt>
      <trkpt lat="43.44961" lon="26.47814">
        <ele>402.32</ele>
      </trkpt>
      <trkpt lat="43.44958" lon="26.47813">
        <ele>402.48</ele>
      </trkpt>
      <trkpt lat="43.44954" lon="26.47812">
        <ele>402.7</ele>
      </trkpt>
      <trkpt lat="43.44952" lon="26.47811">
        <ele>402.89</ele>
      </trkpt>
      <trkpt lat="43.44949" lon="26.4781">
        <ele>403.14</ele>
      </trkpt>
      <trkpt lat="43.44947" lon="26.47809">
        <ele>403.37</ele>
      </trkpt>
      <trkpt lat="43.44944" lon="26.47808">
        <ele>403.54</ele>
      </trkpt>
      <trkpt lat="43.44942" lon="26.47807">
        <ele>403.2</ele>
      </trkpt>
      <trkpt lat="43.4494" lon="26.47806">
        <ele>402.83</ele>
      </trkpt>
      <trkpt lat="43.44937" lon="26.47805">
        <ele>402.09</ele>
      </trkpt>
      <trkpt lat="43.44935" lon="26.47804">
        <ele>401.57</ele>
      </trkpt>
      <trkpt lat="43.44933" lon="26.47803">
        <ele>401.09</ele>
      </trkpt>
      <trkpt lat="43.4493" lon="26.47802">
        <ele>400.45</ele>
      </trkpt>
      <trkpt lat="43.44928" lon="26.478">
        <ele>400.12</ele>
      </trkpt>
      <trkpt lat="43.44926" lon="26.47799">
        <ele>399.82</ele>
      </trkpt>
      <trkpt lat="43.44923" lon="26.47798">
        <ele>399.4</ele>
      </trkpt>
      <trkpt lat="43.44921" lon="26.47797">
        <ele>399.2</ele>
      </trkpt>
      <trkpt lat="43.44918" lon="26.47797">
        <ele>398.74</ele>
      </trkpt>
      <trkpt lat="43.44916" lon="26.47796">
        <ele>398.93</ele>
      </trkpt>
      <trkpt lat="43.44913" lon="26.47796">
        <ele>399.9</ele>
      </trkpt>
      <trkpt lat="43.44911" lon="26.47796">
        <ele>400.54</ele>
      </trkpt>
      <trkpt lat="43.44908" lon="26.47795">
        <ele>401.62</ele>
      </trkpt>
      <trkpt lat="43.44906" lon="26.47794">
        <ele>402.35</ele>
      </trkpt>
      <trkpt lat="43.44904" lon="26.47793">
        <ele>403.04</ele>
      </trkpt>
      <trkpt lat="43.44901" lon="26.47792">
        <ele>403.99</ele>
      </trkpt>
      <trkpt lat="43.44899" lon="26.47791">
        <ele>404.62</ele>
      </trkpt>
      <trkpt lat="43.44897" lon="26.4779">
        <ele>405.21</ele>
      </trkpt>
      <trkpt lat="43.44894" lon="26.4779">
        <ele>406.03</ele>
      </trkpt>
      <trkpt lat="43.44892" lon="26.47789">
        <ele>406.57</ele>
      </trkpt>
      <trkpt lat="43.44889" lon="26.4779">
        <ele>407.41</ele>
      </trkpt>
      <trkpt lat="43.44886" lon="26.4779">
        <ele>407.5</ele>
      </trkpt>
      <trkpt lat="43.44883" lon="26.4779">
        <ele>407.56</ele>
      </trkpt>
      <trkpt lat="43.4488" lon="26.47791">
        <ele>407.64</ele>
      </trkpt>
      <trkpt lat="43.44877" lon="26.47791">
        <ele>407.7</ele>
      </trkpt>
      <trkpt lat="43.44874" lon="26.47791">
        <ele>407.76</ele>
      </trkpt>
      <trkpt lat="43.44872" lon="26.4779">
        <ele>407.78</ele>
      </trkpt>
      <trkpt lat="43.44869" lon="26.47789">
        <ele>407.83</ele>
      </trkpt>
      <trkpt lat="43.44867" lon="26.47788">
        <ele>407.87</ele>
      </trkpt>
      <trkpt lat="43.44865" lon="26.47787">
        <ele>407.91</ele>
      </trkpt>
      <trkpt lat="43.44863" lon="26.47785">
        <ele>407.95</ele>
      </trkpt>
      <trkpt lat="43.44861" lon="26.47784">
        <ele>408.02</ele>
      </trkpt>
      <trkpt lat="43.44858" lon="26.47782">
        <ele>408.56</ele>
      </trkpt>
      <trkpt lat="43.44856" lon="26.47781">
        <ele>408.92</ele>
      </trkpt>
      <trkpt lat="43.44853" lon="26.4778">
        <ele>409.46</ele>
      </trkpt>
      <trkpt lat="43.44851" lon="26.47779">
        <ele>409.82</ele>
      </trkpt>
      <trkpt lat="43.44848" lon="26.47779">
        <ele>410.36</ele>
      </trkpt>
      <trkpt lat="43.44846" lon="26.47779">
        <ele>410.72</ele>
      </trkpt>
      <trkpt lat="43.44843" lon="26.47778">
        <ele>411.26</ele>
      </trkpt>
      <trkpt lat="43.44841" lon="26.47778">
        <ele>411.62</ele>
      </trkpt>
      <trkpt lat="43.44839" lon="26.47778">
        <ele>411.98</ele>
      </trkpt>
      <trkpt lat="43.44837" lon="26.47777">
        <ele>412.34</ele>
      </trkpt>
      <trkpt lat="43.44835" lon="26.47777">
        <ele>412.7</ele>
      </trkpt>
      <trkpt lat="43.44832" lon="26.47777">
        <ele>413.14</ele>
      </trkpt>
      <trkpt lat="43.4483" lon="26.47778">
        <ele>413.36</ele>
      </trkpt>
      <trkpt lat="43.44828" lon="26.47778">
        <ele>413.57</ele>
      </trkpt>
      <trkpt lat="43.44825" lon="26.47778">
        <ele>413.9</ele>
      </trkpt>
      <trkpt lat="43.44823" lon="26.47778">
        <ele>414.11</ele>
      </trkpt>
      <trkpt lat="43.4482" lon="26.47778">
        <ele>414.43</ele>
      </trkpt>
      <trkpt lat="43.44818" lon="26.47778">
        <ele>414.65</ele>
      </trkpt>
      <trkpt lat="43.44816" lon="26.47778">
        <ele>414.86</ele>
      </trkpt>
      <trkpt lat="43.44814" lon="26.47777">
        <ele>415.09</ele>
      </trkpt>
      <trkpt lat="43.44813" lon="26.47777">
        <ele>415.2</ele>
      </trkpt>
      <trkpt lat="43.44812" lon="26.47777">
        <ele>415.3</ele>
      </trkpt>
      <trkpt lat="43.4481" lon="26.47777">
        <ele>415.52</ele>
      </trkpt>
      <trkpt lat="43.44809" lon="26.47778">
        <ele>415.61</ele>
      </trkpt>
      <trkpt lat="43.44808" lon="26.47779">
        <ele>415.66</ele>
      </trkpt>
      <trkpt lat="43.44807" lon="26.47781">
        <ele>415.62</ele>
      </trkpt>
      <trkpt lat="43.44806" lon="26.47783">
        <ele>415.58</ele>
      </trkpt>
      <trkpt lat="43.44805" lon="26.47786">
        <ele>415.35</ele>
      </trkpt>
      <trkpt lat="43.44805" lon="26.47788">
        <ele>415.21</ele>
      </trkpt>
      <trkpt lat="43.44804" lon="26.4779">
        <ele>414.98</ele>
      </trkpt>
      <trkpt lat="43.44804" lon="26.47793">
        <ele>414.77</ele>
      </trkpt>
      <trkpt lat="43.44804" lon="26.47796">
        <ele>414.56</ele>
      </trkpt>
      <trkpt lat="43.44805" lon="26.47799">
        <ele>414.43</ele>
      </trkpt>
      <trkpt lat="43.44805" lon="26.47801">
        <ele>414.28</ele>
      </trkpt>
      <trkpt lat="43.44805" lon="26.47805">
        <ele>414.0</ele>
      </trkpt>
      <trkpt lat="43.44805" lon="26.47808">
        <ele>413.78</ele>
      </trkpt>
      <trkpt lat="43.44805" lon="26.47812">
        <ele>413.5</ele>
      </trkpt>
      <trkpt lat="43.44805" lon="26.47816">
        <ele>413.21</ele>
      </trkpt>
      <trkpt lat="43.44804" lon="26.47821">
        <ele>412.78</ele>
      </trkpt>
      <trkpt lat="43.44804" lon="26.47826">
        <ele>412.42</ele>
      </trkpt>
      <trkpt lat="43.44803" lon="26.4783">
        <ele>412.06</ele>
      </trkpt>
      <trkpt lat="43.44803" lon="26.47835">
        <ele>411.71</ele>
      </trkpt>
      <trkpt lat="43.44803" lon="26.47839">
        <ele>411.46</ele>
      </trkpt>
      <trkpt lat="43.44802" lon="26.47844">
        <ele>411.12</ele>
      </trkpt>
      <trkpt lat="43.44803" lon="26.47848">
        <ele>410.91</ele>
      </trkpt>
      <trkpt lat="43.44803" lon="26.47852">
        <ele>410.66</ele>
      </trkpt>
      <trkpt lat="43.44802" lon="26.47856">
        <ele>410.43</ele>
      </trkpt>
      <trkpt lat="43.44802" lon="26.4786">
        <ele>410.19</ele>
      </trkpt>
      <trkpt lat="43.44801" lon="26.47864">
        <ele>410.18</ele>
      </trkpt>
      <trkpt lat="43.44801" lon="26.47868">
        <ele>410.2</ele>
      </trkpt>
      <trkpt lat="43.448" lon="26.47871">
        <ele>410.27</ele>
      </trkpt>
      <trkpt lat="43.448" lon="26.47875">
        <ele>410.3</ele>
      </trkpt>
      <trkpt lat="43.448" lon="26.47879">
        <ele>410.33</ele>
      </trkpt>
      <trkpt lat="43.44799" lon="26.47883">
        <ele>410.42</ele>
      </trkpt>
      <trkpt lat="43.44799" lon="26.47887">
        <ele>410.46</ele>
      </trkpt>
      <trkpt lat="43.44798" lon="26.47891">
        <ele>410.6</ele>
      </trkpt>
      <trkpt lat="43.44798" lon="26.47896">
        <ele>410.73</ele>
      </trkpt>
      <trkpt lat="43.44797" lon="26.479">
        <ele>410.89</ele>
      </trkpt>
      <trkpt lat="43.44797" lon="26.47904">
        <ele>410.99</ele>
      </trkpt>
      <trkpt lat="43.44796" lon="26.47908">
        <ele>411.14</ele>
      </trkpt>
      <trkpt lat="43.44794" lon="26.47912">
        <ele>411.32</ele>
      </trkpt>
      <trkpt lat="43.44793" lon="26.47916">
        <ele>411.44</ele>
      </trkpt>
      <trkpt lat="43.44791" lon="26.47919">
        <ele>411.62</ele>
      </trkpt>
      <trkpt lat="43.4479" lon="26.47923">
        <ele>411.87</ele>
      </trkpt>
      <trkpt lat="43.44788" lon="26.47926">
        <ele>412.23</ele>
      </trkpt>
      <trkpt lat="43.44785" lon="26.47929">
        <ele>412.82</ele>
      </trkpt>
      <trkpt lat="43.44783" lon="26.47931">
        <ele>413.29</ele>
      </trkpt>
      <trkpt lat="43.44781" lon="26.47933">
        <ele>413.83</ele>
      </trkpt>
      <trkpt lat="43.44779" lon="26.47935">
        <ele>414.42</ele>
      </trkpt>
      <trkpt lat="43.44777" lon="26.47937">
        <ele>414.96</ele>
      </trkpt>
      <trkpt lat="43.44774" lon="26.47938">
        <ele>415.21</ele>
      </trkpt>
      <trkpt lat="43.44772" lon="26.4794">
        <ele>415.57</ele>
      </trkpt>
      <trkpt lat="43.4477" lon="26.47942">
        <ele>415.93</ele>
      </trkpt>
      <trkpt lat="43.44767" lon="26.47944">
        <ele>416.32</ele>
      </trkpt>
      <trkpt lat="43.44765" lon="26.47946">
        <ele>416.55</ele>
      </trkpt>
      <trkpt lat="43.44763" lon="26.47948">
        <ele>416.72</ele>
      </trkpt>
      <trkpt lat="43.44761" lon="26.4795">
        <ele>416.88</ele>
      </trkpt>
      <trkpt lat="43.44758" lon="26.47952">
        <ele>417.06</ele>
      </trkpt>
      <trkpt lat="43.44756" lon="26.47954">
        <ele>417.2</ele>
      </trkpt>
      <trkpt lat="43.44753" lon="26.47956">
        <ele>417.35</ele>
      </trkpt>
      <trkpt lat="43.44751" lon="26.47958">
        <ele>417.47</ele>
      </trkpt>
      <trkpt lat="43.44749" lon="26.4796">
        <ele>417.44</ele>
      </trkpt>
      <trkpt lat="43.44747" lon="26.47963">
        <ele>417.31</ele>
      </trkpt>
      <trkpt lat="43.44745" lon="26.47966">
        <ele>417.2</ele>
      </trkpt>
      <trkpt lat="43.44743" lon="26.47968">
        <ele>417.05</ele>
      </trkpt>
      <trkpt lat="43.4474" lon="26.47971">
        <ele>416.86</ele>
      </trkpt>
      <trkpt lat="43.44738" lon="26.47973">
        <ele>416.79</ele>
      </trkpt>
      <trkpt lat="43.44735" lon="26.47975">
        <ele>416.68</ele>
      </trkpt>
      <trkpt lat="43.44732" lon="26.47978">
        <ele>416.68</ele>
      </trkpt>
      <trkpt lat="43.4473" lon="26.4798">
        <ele>416.68</ele>
      </trkpt>
      <trkpt lat="43.44727" lon="26.47982">
        <ele>416.57</ele>
      </trkpt>
      <trkpt lat="43.44724" lon="26.47984">
        <ele>416.46</ele>
      </trkpt>
      <trkpt lat="43.44722" lon="26.47986">
        <ele>416.43</ele>
      </trkpt>
      <trkpt lat="43.4472" lon="26.47989">
        <ele>416.24</ele>
      </trkpt>
      <trkpt lat="43.44718" lon="26.47991">
        <ele>415.91</ele>
      </trkpt>
      <trkpt lat="43.44717" lon="26.47994">
        <ele>415.93</ele>
      </trkpt>
      <trkpt lat="43.44716" lon="26.47996">
        <ele>415.84</ele>
      </trkpt>
      <trkpt lat="43.44715" lon="26.47999">
        <ele>415.83</ele>
      </trkpt>
      <trkpt lat="43.44715" lon="26.48001">
        <ele>415.88</ele>
      </trkpt>
      <trkpt lat="43.44714" lon="26.48004">
        <ele>415.47</ele>
      </trkpt>
      <trkpt lat="43.44714" lon="26.48007">
        <ele>415.35</ele>
      </trkpt>
      <trkpt lat="43.44714" lon="26.4801">
        <ele>415.23</ele>
      </trkpt>
      <trkpt lat="43.44714" lon="26.48013">
        <ele>415.11</ele>
      </trkpt>
      <trkpt lat="43.44714" lon="26.48017">
        <ele>414.95</ele>
      </trkpt>
      <trkpt lat="43.44713" lon="26.48021">
        <ele>414.58</ele>
      </trkpt>
      <trkpt lat="43.44713" lon="26.48025">
        <ele>414.44</ele>
      </trkpt>
      <trkpt lat="43.44714" lon="26.48029">
        <ele>414.5</ele>
      </trkpt>
      <trkpt lat="43.44714" lon="26.48033">
        <ele>414.44</ele>
      </trkpt>
      <trkpt lat="43.44716" lon="26.48036">
        <ele>414.72</ele>
      </trkpt>
      <trkpt lat="43.44717" lon="26.4804">
        <ele>414.79</ele>
      </trkpt>
      <trkpt lat="43.44718" lon="26.48043">
        <ele>414.86</ele>
      </trkpt>
      <trkpt lat="43.4472" lon="26.48046">
        <ele>415.05</ele>
      </trkpt>
      <trkpt lat="43.44721" lon="26.48049">
        <ele>415.08</ele>
      </trkpt>
      <trkpt lat="43.44722" lon="26.48052">
        <ele>415.1</ele>
      </trkpt>
      <trkpt lat="43.44723" lon="26.48055">
        <ele>415.1</ele>
      </trkpt>
      <trkpt lat="43.44724" lon="26.48058">
        <ele>414.92</ele>
      </trkpt>
      <trkpt lat="43.44725" lon="26.48061">
        <ele>414.69</ele>
      </trkpt>
      <trkpt lat="43.44726" lon="26.48064">
        <ele>414.45</ele>
      </trkpt>
      <trkpt lat="43.44727" lon="26.48067">
        <ele>414.21</ele>
      </trkpt>
      <trkpt lat="43.44728" lon="26.48071">
        <ele>413.84</ele>
      </trkpt>
      <trkpt lat="43.44729" lon="26.48074">
        <ele>413.58</ele>
      </trkpt>
      <trkpt lat="43.4473" lon="26.48078">
        <ele>413.19</ele>
      </trkpt>
      <trkpt lat="43.44731" lon="26.48081">
        <ele>412.91</ele>
      </trkpt>
      <trkpt lat="43.44732" lon="26.48084">
        <ele>412.66</ele>
      </trkpt>
      <trkpt lat="43.44733" lon="26.48087">
        <ele>412.56</ele>
      </trkpt>
      <trkpt lat="43.44734" lon="26.48091">
        <ele>412.45</ele>
      </trkpt>
      <trkpt lat="43.44735" lon="26.48094">
        <ele>412.44</ele>
      </trkpt>
      <trkpt lat="43.44736" lon="26.48097">
        <ele>412.49</ele>
      </trkpt>
      <trkpt lat="43.44737" lon="26.481">
        <ele>412.58</ele>
      </trkpt>
      <trkpt lat="43.44738" lon="26.48104">
        <ele>412.7</ele>
      </trkpt>
      <trkpt lat="43.44739" lon="26.48107">
        <ele>412.89</ele>
      </trkpt>
      <trkpt lat="43.44739" lon="26.48111">
        <ele>412.83</ele>
      </trkpt>
      <trkpt lat="43.44739" lon="26.48114">
        <ele>412.54</ele>
      </trkpt>
      <trkpt lat="43.4474" lon="26.48117">
        <ele>412.5</ele>
      </trkpt>
      <trkpt lat="43.44739" lon="26.48121">
        <ele>411.83</ele>
      </trkpt>
      <trkpt lat="43.44739" lon="26.48124">
        <ele>411.53</ele>
      </trkpt>
      <trkpt lat="43.44739" lon="26.48128">
        <ele>411.12</ele>
      </trkpt>
      <trkpt lat="43.44738" lon="26.48131">
        <ele>410.61</ele>
      </trkpt>
      <trkpt lat="43.44738" lon="26.48135">
        <ele>410.22</ele>
      </trkpt>
      <trkpt lat="43.44738" lon="26.48139">
        <ele>409.83</ele>
      </trkpt>
      <trkpt lat="43.44738" lon="26.48143">
        <ele>409.57</ele>
      </trkpt>
      <trkpt lat="43.44738" lon="26.48147">
        <ele>409.3</ele>
      </trkpt>
      <trkpt lat="43.44737" lon="26.48151">
        <ele>408.94</ele>
      </trkpt>
      <trkpt lat="43.44737" lon="26.48155">
        <ele>408.7</ele>
      </trkpt>
      <trkpt lat="43.44737" lon="26.4816">
        <ele>408.4</ele>
      </trkpt>
      <trkpt lat="43.44736" lon="26.48164">
        <ele>408.14</ele>
      </trkpt>
      <trkpt lat="43.44735" lon="26.48168">
        <ele>408.09</ele>
      </trkpt>
      <trkpt lat="43.44735" lon="26.48172">
        <ele>408.37</ele>
      </trkpt>
      <trkpt lat="43.44734" lon="26.48175">
        <ele>408.55</ele>
      </trkpt>
      <trkpt lat="43.44733" lon="26.48178">
        <ele>408.72</ele>
      </trkpt>
      <trkpt lat="43.44733" lon="26.48181">
        <ele>408.92</ele>
      </trkpt>
      <trkpt lat="43.44733" lon="26.48184">
        <ele>409.11</ele>
      </trkpt>
      <trkpt lat="43.44733" lon="26.48187">
        <ele>409.3</ele>
      </trkpt>
      <trkpt lat="43.44732" lon="26.48191">
        <ele>409.49</ele>
      </trkpt>
      <trkpt lat="43.44732" lon="26.48194">
        <ele>409.68</ele>
      </trkpt>
      <trkpt lat="43.44732" lon="26.48197">
        <ele>409.97</ele>
      </trkpt>
      <trkpt lat="43.44732" lon="26.482">
        <ele>410.29</ele>
      </trkpt>
      <trkpt lat="43.44732" lon="26.48204">
        <ele>410.72</ele>
      </trkpt>
      <trkpt lat="43.44732" lon="26.48207">
        <ele>411.03</ele>
      </trkpt>
      <trkpt lat="43.44732" lon="26.4821">
        <ele>411.35</ele>
      </trkpt>
      <trkpt lat="43.44732" lon="26.48213">
        <ele>411.67</ele>
      </trkpt>
      <trkpt lat="43.44731" lon="26.48216">
        <ele>412.0</ele>
      </trkpt>
      <trkpt lat="43.44731" lon="26.4822">
        <ele>412.44</ele>
      </trkpt>
      <trkpt lat="43.44731" lon="26.48223">
        <ele>412.66</ele>
      </trkpt>
      <trkpt lat="43.4473" lon="26.48227">
        <ele>412.55</ele>
      </trkpt>
      <trkpt lat="43.4473" lon="26.4823">
        <ele>412.44</ele>
      </trkpt>
      <trkpt lat="43.44729" lon="26.48234">
        <ele>412.33</ele>
      </trkpt>
      <trkpt lat="43.44728" lon="26.48238">
        <ele>412.22</ele>
      </trkpt>
      <trkpt lat="43.44727" lon="26.48242">
        <ele>412.12</ele>
      </trkpt>
      <trkpt lat="43.44726" lon="26.48247">
        <ele>411.97</ele>
      </trkpt>
      <trkpt lat="43.44725" lon="26.48251">
        <ele>411.89</ele>
      </trkpt>
      <trkpt lat="43.44724" lon="26.48256">
        <ele>411.91</ele>
      </trkpt>
      <trkpt lat="43.44723" lon="26.4826">
        <ele>411.95</ele>
      </trkpt>
      <trkpt lat="43.44722" lon="26.48264">
        <ele>411.99</ele>
      </trkpt>
      <trkpt lat="43.44721" lon="26.48268">
        <ele>411.97</ele>
      </trkpt>
      <trkpt lat="43.4472" lon="26.48272">
        <ele>411.97</ele>
      </trkpt>
      <trkpt lat="43.44719" lon="26.48276">
        <ele>411.99</ele>
      </trkpt>
      <trkpt lat="43.44718" lon="26.4828">
        <ele>412.09</ele>
      </trkpt>
      <trkpt lat="43.44717" lon="26.48284">
        <ele>412.27</ele>
      </trkpt>
      <trkpt lat="43.44715" lon="26.48288">
        <ele>412.46</ele>
      </trkpt>
      <trkpt lat="43.44715" lon="26.48292">
        <ele>412.65</ele>
      </trkpt>
      <trkpt lat="43.44714" lon="26.48296">
        <ele>412.85</ele>
      </trkpt>
      <trkpt lat="43.44713" lon="26.48299">
        <ele>413.02</ele>
      </trkpt>
      <trkpt lat="43.44713" lon="26.48303">
        <ele>413.21</ele>
      </trkpt>
      <trkpt lat="43.44712" lon="26.48307">
        <ele>413.27</ele>
      </trkpt>
      <trkpt lat="43.44711" lon="26.48311">
        <ele>413.05</ele>
      </trkpt>
      <trkpt lat="43.4471" lon="26.48315">
        <ele>412.87</ele>
      </trkpt>
      <trkpt lat="43.44709" lon="26.48319">
        <ele>412.72</ele>
      </trkpt>
      <trkpt lat="43.44708" lon="26.48322">
        <ele>412.65</ele>
      </trkpt>
      <trkpt lat="43.44707" lon="26.48326">
        <ele>412.55</ele>
      </trkpt>
      <trkpt lat="43.44706" lon="26.48329">
        <ele>412.53</ele>
      </trkpt>
      <trkpt lat="43.44705" lon="26.48331">
        <ele>412.58</ele>
      </trkpt>
      <trkpt lat="43.44704" lon="26.48333">
        <ele>412.64</ele>
      </trkpt>
      <trkpt lat="43.44703" lon="26.48335">
        <ele>412.71</ele>
      </trkpt>
      <trkpt lat="43.44702" lon="26.48337">
        <ele>412.78</ele>
      </trkpt>
      <trkpt lat="43.44701" lon="26.48339">
        <ele>412.85</ele>
      </trkpt>
      <trkpt lat="43.44699" lon="26.48341">
        <ele>413.07</ele>
      </trkpt>
      <trkpt lat="43.44698" lon="26.48344">
        <ele>413.1</ele>
      </trkpt>
      <trkpt lat="43.44697" lon="26.48346">
        <ele>413.18</ele>
      </trkpt>
      <trkpt lat="43.44696" lon="26.48348">
        <ele>413.25</ele>
      </trkpt>
      <trkpt lat="43.44694" lon="26.4835">
        <ele>413.37</ele>
      </trkpt>
      <trkpt lat="43.44693" lon="26.48353">
        <ele>413.19</ele>
      </trkpt>
      <trkpt lat="43.44692" lon="26.48355">
        <ele>413.04</ele>
      </trkpt>
      <trkpt lat="43.44691" lon="26.48357">
        <ele>412.9</ele>
      </trkpt>
      <trkpt lat="43.4469" lon="26.4836">
        <ele>412.72</ele>
      </trkpt>
      <trkpt lat="43.44689" lon="26.48362">
        <ele>412.54</ele>
      </trkpt>
      <trkpt lat="43.44688" lon="26.48365">
        <ele>412.26</ele>
      </trkpt>
      <trkpt lat="43.44687" lon="26.48368">
        <ele>411.97</ele>
      </trkpt>
      <trkpt lat="43.44686" lon="26.4837">
        <ele>411.75</ele>
      </trkpt>
      <trkpt lat="43.44685" lon="26.48373">
        <ele>411.46</ele>
      </trkpt>
      <trkpt lat="43.44683" lon="26.48376">
        <ele>411.1</ele>
      </trkpt>
      <trkpt lat="43.44681" lon="26.48379">
        <ele>410.74</ele>
      </trkpt>
      <trkpt lat="43.44679" lon="26.48383">
        <ele>410.31</ele>
      </trkpt>
      <trkpt lat="43.44677" lon="26.48387">
        <ele>409.88</ele>
      </trkpt>
      <trkpt lat="43.44676" lon="26.48391">
        <ele>409.9</ele>
      </trkpt>
      <trkpt lat="43.44674" lon="26.48395">
        <ele>410.28</ele>
      </trkpt>
      <trkpt lat="43.44672" lon="26.48399">
        <ele>410.78</ele>
      </trkpt>
      <trkpt lat="43.44671" lon="26.48403">
        <ele>411.38</ele>
      </trkpt>
      <trkpt lat="43.44669" lon="26.48407">
        <ele>412.1</ele>
      </trkpt>
      <trkpt lat="43.44667" lon="26.4841">
        <ele>412.77</ele>
      </trkpt>
      <trkpt lat="43.44666" lon="26.48414">
        <ele>413.34</ele>
      </trkpt>
      <trkpt lat="43.44664" lon="26.48417">
        <ele>413.25</ele>
      </trkpt>
      <trkpt lat="43.44662" lon="26.48419">
        <ele>412.71</ele>
      </trkpt>
      <trkpt lat="43.44661" lon="26.4842">
        <ele>412.41</ele>
      </trkpt>
      <trkpt lat="43.44659" lon="26.48422">
        <ele>411.75</ele>
      </trkpt>
      <trkpt lat="43.44658" lon="26.48424">
        <ele>411.37</ele>
      </trkpt>
      <trkpt lat="43.44657" lon="26.48426">
        <ele>410.95</ele>
      </trkpt>
      <trkpt lat="43.44656" lon="26.48428">
        <ele>410.49</ele>
      </trkpt>
      <trkpt lat="43.44656" lon="26.4843">
        <ele>410.41</ele>
      </trkpt>
      <trkpt lat="43.44656" lon="26.48432">
        <ele>410.34</ele>
      </trkpt>
      <trkpt lat="43.44656" lon="26.48434">
        <ele>410.26</ele>
      </trkpt>
      <trkpt lat="43.44655" lon="26.48436">
        <ele>409.69</ele>
      </trkpt>
      <trkpt lat="43.44654" lon="26.48438">
        <ele>409.09</ele>
      </trkpt>
      <trkpt lat="43.44654" lon="26.4844">
        <ele>408.97</ele>
      </trkpt>
      <trkpt lat="43.44652" lon="26.48442">
        <ele>407.75</ele>
      </trkpt>
      <trkpt lat="43.44651" lon="26.48445">
        <ele>406.9</ele>
      </trkpt>
      <trkpt lat="43.4465" lon="26.48448">
        <ele>405.91</ele>
      </trkpt>
      <trkpt lat="43.44648" lon="26.48451">
        <ele>404.3</ele>
      </trkpt>
      <trkpt lat="43.44646" lon="26.48454">
        <ele>402.64</ele>
      </trkpt>
      <trkpt lat="43.44644" lon="26.48457">
        <ele>400.93</ele>
      </trkpt>
      <trkpt lat="43.44642" lon="26.48459">
        <ele>399.35</ele>
      </trkpt>
      <trkpt lat="43.4464" lon="26.48462">
        <ele>397.56</ele>
      </trkpt>
      <trkpt lat="43.44639" lon="26.48465">
        <ele>396.37</ele>
      </trkpt>
      <trkpt lat="43.44637" lon="26.48468">
        <ele>395.9</ele>
      </trkpt>
      <trkpt lat="43.44635" lon="26.48472">
        <ele>395.45</ele>
      </trkpt>
      <trkpt lat="43.44633" lon="26.48475">
        <ele>396.2</ele>
      </trkpt>
      <trkpt lat="43.44632" lon="26.48478">
        <ele>396.84</ele>
      </trkpt>
      <trkpt lat="43.44631" lon="26.48482">
        <ele>397.57</ele>
      </trkpt>
      <trkpt lat="43.44629" lon="26.48484">
        <ele>397.8</ele>
      </trkpt>
      <trkpt lat="43.44628" lon="26.48487">
        <ele>398.14</ele>
      </trkpt>
      <trkpt lat="43.44628" lon="26.48489">
        <ele>398.4</ele>
      </trkpt>
      <trkpt lat="43.44627" lon="26.48492">
        <ele>398.63</ele>
      </trkpt>
      <trkpt lat="43.44627" lon="26.48494">
        <ele>398.86</ele>
      </trkpt>
      <trkpt lat="43.44626" lon="26.48496">
        <ele>398.87</ele>
      </trkpt>
      <trkpt lat="43.44626" lon="26.48499">
        <ele>399.18</ele>
      </trkpt>
      <trkpt lat="43.44626" lon="26.48502">
        <ele>399.31</ele>
      </trkpt>
      <trkpt lat="43.44626" lon="26.48505">
        <ele>399.35</ele>
      </trkpt>
      <trkpt lat="43.44625" lon="26.48509">
        <ele>399.16</ele>
      </trkpt>
      <trkpt lat="43.44625" lon="26.48513">
        <ele>399.23</ele>
      </trkpt>
      <trkpt lat="43.44626" lon="26.48516">
        <ele>399.47</ele>
      </trkpt>
      <trkpt lat="43.44626" lon="26.4852">
        <ele>399.52</ele>
      </trkpt>
      <trkpt lat="43.44626" lon="26.48523">
        <ele>399.55</ele>
      </trkpt>
      <trkpt lat="43.44626" lon="26.48526">
        <ele>399.59</ele>
      </trkpt>
      <trkpt lat="43.44625" lon="26.4853">
        <ele>399.3</ele>
      </trkpt>
      <trkpt lat="43.44625" lon="26.48533">
        <ele>399.03</ele>
      </trkpt>
      <trkpt lat="43.44624" lon="26.48536">
        <ele>398.68</ele>
      </trkpt>
      <trkpt lat="43.44623" lon="26.4854">
        <ele>398.28</ele>
      </trkpt>
      <trkpt lat="43.44622" lon="26.48543">
        <ele>397.98</ele>
      </trkpt>
      <trkpt lat="43.44621" lon="26.48547">
        <ele>397.64</ele>
      </trkpt>
      <trkpt lat="43.4462" lon="26.48551">
        <ele>397.32</ele>
      </trkpt>
      <trkpt lat="43.44619" lon="26.48555">
        <ele>397.04</ele>
      </trkpt>
      <trkpt lat="43.44618" lon="26.4856">
        <ele>396.56</ele>
      </trkpt>
      <trkpt lat="43.44617" lon="26.48564">
        <ele>396.11</ele>
      </trkpt>
      <trkpt lat="43.44616" lon="26.48568">
        <ele>395.6</ele>
      </trkpt>
      <trkpt lat="43.44615" lon="26.48571">
        <ele>395.17</ele>
      </trkpt>
      <trkpt lat="43.44614" lon="26.48575">
        <ele>394.56</ele>
      </trkpt>
      <trkpt lat="43.44613" lon="26.48579">
        <ele>393.91</ele>
      </trkpt>
      <trkpt lat="43.44611" lon="26.48582">
        <ele>393.19</ele>
      </trkpt>
      <trkpt lat="43.4461" lon="26.48586">
        <ele>393.19</ele>
      </trkpt>
      <trkpt lat="43.44609" lon="26.4859">
        <ele>393.46</ele>
      </trkpt>
      <trkpt lat="43.44608" lon="26.48594">
        <ele>393.72</ele>
      </trkpt>
      <trkpt lat="43.44607" lon="26.48597">
        <ele>393.91</ele>
      </trkpt>
      <trkpt lat="43.44605" lon="26.486">
        <ele>394.07</ele>
      </trkpt>
      <trkpt lat="43.44604" lon="26.48603">
        <ele>394.23</ele>
      </trkpt>
      <trkpt lat="43.44603" lon="26.48606">
        <ele>394.39</ele>
      </trkpt>
      <trkpt lat="43.44602" lon="26.48609">
        <ele>394.54</ele>
      </trkpt>
      <trkpt lat="43.44601" lon="26.48612">
        <ele>394.68</ele>
      </trkpt>
      <trkpt lat="43.446" lon="26.48615">
        <ele>394.77</ele>
      </trkpt>
      <trkpt lat="43.44598" lon="26.48618">
        <ele>394.79</ele>
      </trkpt>
      <trkpt lat="43.44597" lon="26.48621">
        <ele>394.84</ele>
      </trkpt>
      <trkpt lat="43.44596" lon="26.48624">
        <ele>394.88</ele>
      </trkpt>
      <trkpt lat="43.44595" lon="26.48627">
        <ele>394.9</ele>
      </trkpt>
      <trkpt lat="43.44594" lon="26.4863">
        <ele>394.91</ele>
      </trkpt>
      <trkpt lat="43.44593" lon="26.48634">
        <ele>394.92</ele>
      </trkpt>
      <trkpt lat="43.44593" lon="26.48637">
        <ele>395.0</ele>
      </trkpt>
      <trkpt lat="43.44593" lon="26.4864">
        <ele>395.16</ele>
      </trkpt>
      <trkpt lat="43.44593" lon="26.48644">
        <ele>395.56</ele>
      </trkpt>
      <trkpt lat="43.44593" lon="26.48647">
        <ele>395.86</ele>
      </trkpt>
      <trkpt lat="43.44593" lon="26.48651">
        <ele>396.26</ele>
      </trkpt>
      <trkpt lat="43.44594" lon="26.48655">
        <ele>396.93</ele>
      </trkpt>
      <trkpt lat="43.44594" lon="26.48658">
        <ele>397.27</ele>
      </trkpt>
      <trkpt lat="43.44595" lon="26.48661">
        <ele>397.93</ele>
      </trkpt>
      <trkpt lat="43.44595" lon="26.48665">
        <ele>398.42</ele>
      </trkpt>
      <trkpt lat="43.44596" lon="26.48669">
        <ele>398.89</ele>
      </trkpt>
      <trkpt lat="43.44596" lon="26.48674">
        <ele>398.63</ele>
      </trkpt>
      <trkpt lat="43.44597" lon="26.48678">
        <ele>398.8</ele>
      </trkpt>
      <trkpt lat="43.44597" lon="26.48682">
        <ele>398.59</ele>
      </trkpt>
      <trkpt lat="43.44597" lon="26.48685">
        <ele>398.43</ele>
      </trkpt>
      <trkpt lat="43.44598" lon="26.48688">
        <ele>398.63</ele>
      </trkpt>
      <trkpt lat="43.44598" lon="26.48692">
        <ele>398.41</ele>
      </trkpt>
      <trkpt lat="43.44598" lon="26.48695">
        <ele>398.21</ele>
      </trkpt>
      <trkpt lat="43.44598" lon="26.48698">
        <ele>397.82</ele>
      </trkpt>
      <trkpt lat="43.44599" lon="26.48702">
        <ele>397.64</ele>
      </trkpt>
      <trkpt lat="43.44599" lon="26.48705">
        <ele>397.24</ele>
      </trkpt>
      <trkpt lat="43.44599" lon="26.48709">
        <ele>396.71</ele>
      </trkpt>
      <trkpt lat="43.446" lon="26.48712">
        <ele>396.6</ele>
      </trkpt>
      <trkpt lat="43.446" lon="26.48715">
        <ele>396.19</ele>
      </trkpt>
      <trkpt lat="43.44601" lon="26.48718">
        <ele>396.05</ele>
      </trkpt>
      <trkpt lat="43.44601" lon="26.48721">
        <ele>395.62</ele>
      </trkpt>
      <trkpt lat="43.44602" lon="26.48725">
        <ele>395.7</ele>
      </trkpt>
      <trkpt lat="43.44602" lon="26.48728">
        <ele>395.7</ele>
      </trkpt>
      <trkpt lat="43.44602" lon="26.48731">
        <ele>395.7</ele>
      </trkpt>
      <trkpt lat="43.44602" lon="26.48734">
        <ele>395.7</ele>
      </trkpt>
      <trkpt lat="43.44603" lon="26.48737">
        <ele>395.96</ele>
      </trkpt>
      <trkpt lat="43.44603" lon="26.48739">
        <ele>395.96</ele>
      </trkpt>
      <trkpt lat="43.44603" lon="26.48742">
        <ele>395.96</ele>
      </trkpt>
      <trkpt lat="43.44603" lon="26.48743">
        <ele>395.96</ele>
      </trkpt>
      <trkpt lat="43.44602" lon="26.48744">
        <ele>395.7</ele>
      </trkpt>
      <trkpt lat="43.44602" lon="26.48745">
        <ele>395.7</ele>
      </trkpt>
      <trkpt lat="43.44602" lon="26.48746">
        <ele>395.7</ele>
      </trkpt>
      <trkpt lat="43.44602" lon="26.48748">
        <ele>395.7</ele>
      </trkpt>
      <trkpt lat="43.44602" lon="26.4875">
        <ele>395.7</ele>
      </trkpt>
      <trkpt lat="43.44602" lon="26.48752">
        <ele>395.78</ele>
      </trkpt>
      <trkpt lat="43.44602" lon="26.48755">
        <ele>395.88</ele>
      </trkpt>
      <trkpt lat="43.44601" lon="26.48757">
        <ele>395.7</ele>
      </trkpt>
      <trkpt lat="43.44601" lon="26.4876">
        <ele>395.81</ele>
      </trkpt>
      <trkpt lat="43.44601" lon="26.48762">
        <ele>395.88</ele>
      </trkpt>
      <trkpt lat="43.44601" lon="26.48764">
        <ele>395.96</ele>
      </trkpt>
      <trkpt lat="43.44602" lon="26.48766">
        <ele>396.28</ele>
      </trkpt>
      <trkpt lat="43.44602" lon="26.48769">
        <ele>396.39</ele>
      </trkpt>
      <trkpt lat="43.44603" lon="26.48771">
        <ele>396.71</ele>
      </trkpt>
      <trkpt lat="43.44603" lon="26.48774">
        <ele>396.82</ele>
      </trkpt>
      <trkpt lat="43.44603" lon="26.48776">
        <ele>396.89</ele>
      </trkpt>
      <trkpt lat="43.44604" lon="26.48779">
        <ele>397.26</ele>
      </trkpt>
      <trkpt lat="43.44604" lon="26.48782">
        <ele>397.4</ele>
      </trkpt>
      <trkpt lat="43.44604" lon="26.48786">
        <ele>397.58</ele>
      </trkpt>
      <trkpt lat="43.44603" lon="26.4879">
        <ele>397.52</ele>
      </trkpt>
      <trkpt lat="43.44603" lon="26.48795">
        <ele>397.76</ele>
      </trkpt>
      <trkpt lat="43.44602" lon="26.48799">
        <ele>397.72</ele>
      </trkpt>
      <trkpt lat="43.44602" lon="26.48802">
        <ele>397.86</ele>
      </trkpt>
      <trkpt lat="43.44602" lon="26.48806">
        <ele>398.08</ele>
      </trkpt>
      <trkpt lat="43.44602" lon="26.4881">
        <ele>398.51</ele>
      </trkpt>
      <trkpt lat="43.44603" lon="26.48813">
        <ele>399.02</ele>
      </trkpt>
      <trkpt lat="43.44603" lon="26.48817">
        <ele>399.43</ele>
      </trkpt>
      <trkpt lat="43.44603" lon="26.4882">
        <ele>399.74</ele>
      </trkpt>
      <trkpt lat="43.44603" lon="26.48824">
        <ele>400.16</ele>
      </trkpt>
      <trkpt lat="43.44604" lon="26.48827">
        <ele>400.6</ele>
      </trkpt>
      <trkpt lat="43.44603" lon="26.48831">
        <ele>400.88</ele>
      </trkpt>
      <trkpt lat="43.44603" lon="26.48834">
        <ele>401.24</ele>
      </trkpt>
      <trkpt lat="43.44602" lon="26.48838">
        <ele>401.85</ele>
      </trkpt>
      <trkpt lat="43.44602" lon="26.48841">
        <ele>402.39</ele>
      </trkpt>
      <trkpt lat="43.44601" lon="26.48844">
        <ele>402.9</ele>
      </trkpt>
      <trkpt lat="43.446" lon="26.48847">
        <ele>403.46</ele>
      </trkpt>
      <trkpt lat="43.446" lon="26.48851">
        <ele>404.23</ele>
      </trkpt>
      <trkpt lat="43.446" lon="26.48854">
        <ele>404.82</ele>
      </trkpt>
      <trkpt lat="43.446" lon="26.48857">
        <ele>405.4</ele>
      </trkpt>
      <trkpt lat="43.446" lon="26.4886">
        <ele>405.98</ele>
      </trkpt>
      <trkpt lat="43.44601" lon="26.48863">
        <ele>406.41</ele>
      </trkpt>
      <trkpt lat="43.44602" lon="26.48867">
        <ele>406.97</ele>
      </trkpt>
      <trkpt lat="43.44604" lon="26.4887">
        <ele>407.29</ele>
      </trkpt>
      <trkpt lat="43.44605" lon="26.48874">
        <ele>407.88</ele>
      </trkpt>
      <trkpt lat="43.44606" lon="26.48877">
        <ele>408.31</ele>
      </trkpt>
      <trkpt lat="43.44608" lon="26.4888">
        <ele>408.66</ele>
      </trkpt>
      <trkpt lat="43.4461" lon="26.48883">
        <ele>409.03</ele>
      </trkpt>
      <trkpt lat="43.44611" lon="26.48886">
        <ele>409.49</ele>
      </trkpt>
      <trkpt lat="43.44613" lon="26.4889">
        <ele>409.59</ele>
      </trkpt>
      <trkpt lat="43.44614" lon="26.48893">
        <ele>409.35</ele>
      </trkpt>
      <trkpt lat="43.44615" lon="26.48897">
        <ele>409.08</ele>
      </trkpt>
      <trkpt lat="43.44617" lon="26.48901">
        <ele>408.54</ele>
      </trkpt>
      <trkpt lat="43.44618" lon="26.48904">
        <ele>408.24</ele>
      </trkpt>
      <trkpt lat="43.44619" lon="26.48907">
        <ele>407.93</ele>
      </trkpt>
      <trkpt lat="43.4462" lon="26.48911">
        <ele>407.57</ele>
      </trkpt>
      <trkpt lat="43.44621" lon="26.48914">
        <ele>407.22</ele>
      </trkpt>
      <trkpt lat="43.44623" lon="26.48917">
        <ele>406.53</ele>
      </trkpt>
      <trkpt lat="43.44624" lon="26.48921">
        <ele>405.65</ele>
      </trkpt>
      <trkpt lat="43.44625" lon="26.48924">
        <ele>404.94</ele>
      </trkpt>
      <trkpt lat="43.44626" lon="26.48926">
        <ele>404.39</ele>
      </trkpt>
      <trkpt lat="43.44627" lon="26.48929">
        <ele>403.71</ele>
      </trkpt>
      <trkpt lat="43.44628" lon="26.48932">
        <ele>403.05</ele>
      </trkpt>
      <trkpt lat="43.44628" lon="26.48935">
        <ele>402.64</ele>
      </trkpt>
      <trkpt lat="43.44629" lon="26.48938">
        <ele>402.0</ele>
      </trkpt>
      <trkpt lat="43.44629" lon="26.48942">
        <ele>401.46</ele>
      </trkpt>
      <trkpt lat="43.44629" lon="26.48945">
        <ele>401.12</ele>
      </trkpt>
      <trkpt lat="43.44628" lon="26.48949">
        <ele>401.25</ele>
      </trkpt>
      <trkpt lat="43.44628" lon="26.48952">
        <ele>401.19</ele>
      </trkpt>
      <trkpt lat="43.44628" lon="26.48955">
        <ele>401.12</ele>
      </trkpt>
      <trkpt lat="43.44628" lon="26.48958">
        <ele>401.06</ele>
      </trkpt>
      <trkpt lat="43.44628" lon="26.48961">
        <ele>400.99</ele>
      </trkpt>
      <trkpt lat="43.44628" lon="26.48965">
        <ele>400.9</ele>
      </trkpt>
      <trkpt lat="43.44629" lon="26.48968">
        <ele>400.59</ele>
      </trkpt>
      <trkpt lat="43.4463" lon="26.48972">
        <ele>400.25</ele>
      </trkpt>
      <trkpt lat="43.44631" lon="26.48975">
        <ele>400.12</ele>
      </trkpt>
      <trkpt lat="43.44632" lon="26.48978">
        <ele>400.0</ele>
      </trkpt>
      <trkpt lat="43.44634" lon="26.48982">
        <ele>399.65</ele>
      </trkpt>
      <trkpt lat="43.44635" lon="26.48985">
        <ele>399.5</ele>
      </trkpt>
      <trkpt lat="43.44635" lon="26.48989">
        <ele>399.67</ele>
      </trkpt>
      <trkpt lat="43.44636" lon="26.48993">
        <ele>399.55</ele>
      </trkpt>
      <trkpt lat="43.44637" lon="26.48997">
        <ele>399.43</ele>
      </trkpt>
      <trkpt lat="43.44639" lon="26.49001">
        <ele>399.17</ele>
      </trkpt>
      <trkpt lat="43.4464" lon="26.49004">
        <ele>399.66</ele>
      </trkpt>
      <trkpt lat="43.44641" lon="26.49008">
        <ele>400.38</ele>
      </trkpt>
      <trkpt lat="43.44643" lon="26.49011">
        <ele>400.92</ele>
      </trkpt>
      <trkpt lat="43.44644" lon="26.49014">
        <ele>401.52</ele>
      </trkpt>
      <trkpt lat="43.44644" lon="26.49017">
        <ele>402.14</ele>
      </trkpt>
      <trkpt lat="43.44645" lon="26.49021">
        <ele>403.01</ele>
      </trkpt>
      <trkpt lat="43.44646" lon="26.49024">
        <ele>403.69</ele>
      </trkpt>
      <trkpt lat="43.44647" lon="26.49028">
        <ele>404.6</ele>
      </trkpt>
      <trkpt lat="43.44648" lon="26.49031">
        <ele>404.93</ele>
      </trkpt>
      <trkpt lat="43.4465" lon="26.49034">
        <ele>405.25</ele>
      </trkpt>
      <trkpt lat="43.44652" lon="26.49038">
        <ele>405.55</ele>
      </trkpt>
      <trkpt lat="43.44653" lon="26.49041">
        <ele>405.71</ele>
      </trkpt>
      <trkpt lat="43.44654" lon="26.49044">
        <ele>405.84</ele>
      </trkpt>
      <trkpt lat="43.44655" lon="26.49048">
        <ele>405.96</ele>
      </trkpt>
      <trkpt lat="43.44655" lon="26.49051">
        <ele>406.08</ele>
      </trkpt>
      <trkpt lat="43.44655" lon="26.49055">
        <ele>406.24</ele>
      </trkpt>
      <trkpt lat="43.44654" lon="26.49058">
        <ele>406.6</ele>
      </trkpt>
      <trkpt lat="43.44654" lon="26.49062">
        <ele>406.98</ele>
      </trkpt>
      <trkpt lat="43.44653" lon="26.49065">
        <ele>407.33</ele>
      </trkpt>
      <trkpt lat="43.44653" lon="26.49069">
        <ele>407.7</ele>
      </trkpt>
      <trkpt lat="43.44652" lon="26.49072">
        <ele>408.01</ele>
      </trkpt>
      <trkpt lat="43.44652" lon="26.49076">
        <ele>408.36</ele>
      </trkpt>
      <trkpt lat="43.44652" lon="26.49079">
        <ele>408.62</ele>
      </trkpt>
      <trkpt lat="43.44652" lon="26.49083">
        <ele>408.97</ele>
      </trkpt>
      <trkpt lat="43.44653" lon="26.49086">
        <ele>409.14</ele>
      </trkpt>
      <trkpt lat="43.44653" lon="26.49089">
        <ele>409.3</ele>
      </trkpt>
      <trkpt lat="43.44653" lon="26.49093">
        <ele>409.51</ele>
      </trkpt>
      <trkpt lat="43.44654" lon="26.49096">
        <ele>409.62</ele>
      </trkpt>
      <trkpt lat="43.44654" lon="26.49099">
        <ele>409.77</ele>
      </trkpt>
      <trkpt lat="43.44655" lon="26.49101">
        <ele>409.8</ele>
      </trkpt>
      <trkpt lat="43.44656" lon="26.49103">
        <ele>409.82</ele>
      </trkpt>
      <trkpt lat="43.44657" lon="26.49105">
        <ele>409.81</ele>
      </trkpt>
      <trkpt lat="43.44659" lon="26.49108">
        <ele>409.74</ele>
      </trkpt>
      <trkpt lat="43.4466" lon="26.49109">
        <ele>409.67</ele>
      </trkpt>
      <trkpt lat="43.44661" lon="26.49111">
        <ele>409.61</ele>
      </trkpt>
      <trkpt lat="43.44663" lon="26.49113">
        <ele>409.46</ele>
      </trkpt>
      <trkpt lat="43.44664" lon="26.49115">
        <ele>409.43</ele>
      </trkpt>
      <trkpt lat="43.44665" lon="26.49117">
        <ele>409.39</ele>
      </trkpt>
      <trkpt lat="43.44666" lon="26.49119">
        <ele>409.36</ele>
      </trkpt>
      <trkpt lat="43.44668" lon="26.49121">
        <ele>409.47</ele>
      </trkpt>
      <trkpt lat="43.4467" lon="26.49123">
        <ele>409.69</ele>
      </trkpt>
      <trkpt lat="43.44672" lon="26.49126">
        <ele>409.91</ele>
      </trkpt>
      <trkpt lat="43.44674" lon="26.49129">
        <ele>410.1</ele>
      </trkpt>
      <trkpt lat="43.44676" lon="26.49131">
        <ele>410.24</ele>
      </trkpt>
      <trkpt lat="43.44677" lon="26.49133">
        <ele>410.32</ele>
      </trkpt>
      <trkpt lat="43.44679" lon="26.49136">
        <ele>410.43</ele>
      </trkpt>
      <trkpt lat="43.4468" lon="26.49138">
        <ele>410.48</ele>
      </trkpt>
      <trkpt lat="43.44682" lon="26.49141">
        <ele>410.39</ele>
      </trkpt>
      <trkpt lat="43.44683" lon="26.49144">
        <ele>410.19</ele>
      </trkpt>
      <trkpt lat="43.44684" lon="26.49147">
        <ele>409.97</ele>
      </trkpt>
      <trkpt lat="43.44685" lon="26.4915">
        <ele>409.73</ele>
      </trkpt>
      <trkpt lat="43.44685" lon="26.49153">
        <ele>409.48</ele>
      </trkpt>
      <trkpt lat="43.44686" lon="26.49156">
        <ele>409.22</ele>
      </trkpt>
      <trkpt lat="43.44686" lon="26.49158">
        <ele>409.05</ele>
      </trkpt>
      <trkpt lat="43.44686" lon="26.49161">
        <ele>408.79</ele>
      </trkpt>
      <trkpt lat="43.44686" lon="26.49164">
        <ele>408.53</ele>
      </trkpt>
      <trkpt lat="43.44686" lon="26.49167">
        <ele>408.25</ele>
      </trkpt>
      <trkpt lat="43.44686" lon="26.4917">
        <ele>407.75</ele>
      </trkpt>
      <trkpt lat="43.44687" lon="26.49173">
        <ele>407.23</ele>
      </trkpt>
      <trkpt lat="43.44687" lon="26.49176">
        <ele>406.74</ele>
      </trkpt>
      <trkpt lat="43.44687" lon="26.4918">
        <ele>406.09</ele>
      </trkpt>
      <trkpt lat="43.44688" lon="26.49183">
        <ele>405.61</ele>
      </trkpt>
      <trkpt lat="43.44689" lon="26.49186">
        <ele>405.14</ele>
      </trkpt>
      <trkpt lat="43.4469" lon="26.49189">
        <ele>404.69</ele>
      </trkpt>
      <trkpt lat="43.44691" lon="26.49192">
        <ele>404.25</ele>
      </trkpt>
      <trkpt lat="43.44692" lon="26.49195">
        <ele>403.97</ele>
      </trkpt>
      <trkpt lat="43.44693" lon="26.49198">
        <ele>404.34</ele>
      </trkpt>
      <trkpt lat="43.44694" lon="26.492">
        <ele>404.59</ele>
      </trkpt>
      <trkpt lat="43.44696" lon="26.49202">
        <ele>404.92</ele>
      </trkpt>
      <trkpt lat="43.44698" lon="26.49204">
        <ele>405.29</ele>
      </trkpt>
      <trkpt lat="43.44699" lon="26.49206">
        <ele>405.62</ele>
      </trkpt>
      <trkpt lat="43.44699" lon="26.49206">
        <ele>405.62</ele>
      </trkpt>
      <trkpt lat="43.44699" lon="26.49206">
        <ele>405.62</ele>
      </trkpt>
      <trkpt lat="43.44701" lon="26.49208">
        <ele>406.05</ele>
      </trkpt>
      <trkpt lat="43.44703" lon="26.49209">
        <ele>406.36</ele>
      </trkpt>
      <trkpt lat="43.44705" lon="26.49209">
        <ele>406.55</ele>
      </trkpt>
      <trkpt lat="43.44707" lon="26.49209">
        <ele>406.73</ele>
      </trkpt>
      <trkpt lat="43.44708" lon="26.49207">
        <ele>406.51</ele>
      </trkpt>
      <trkpt lat="43.44709" lon="26.49206">
        <ele>406.43</ele>
      </trkpt>
      <trkpt lat="43.4471" lon="26.49203">
        <ele>406.0</ele>
      </trkpt>
      <trkpt lat="43.44711" lon="26.49201">
        <ele>405.73</ele>
      </trkpt>
      <trkpt lat="43.44713" lon="26.49198">
        <ele>405.31</ele>
      </trkpt>
      <trkpt lat="43.44714" lon="26.49196">
        <ele>404.99</ele>
      </trkpt>
      <trkpt lat="43.44716" lon="26.49194">
        <ele>404.82</ele>
      </trkpt>
      <trkpt lat="43.44719" lon="26.49193">
        <ele>405.0</ele>
      </trkpt>
      <trkpt lat="43.44721" lon="26.49191">
        <ele>405.21</ele>
      </trkpt>
      <trkpt lat="43.44723" lon="26.4919">
        <ele>405.47</ele>
      </trkpt>
      <trkpt lat="43.44725" lon="26.49189">
        <ele>405.91</ele>
      </trkpt>
      <trkpt lat="43.44727" lon="26.49187">
        <ele>406.38</ele>
      </trkpt>
      <trkpt lat="43.44729" lon="26.49186">
        <ele>406.78</ele>
      </trkpt>
      <trkpt lat="43.44732" lon="26.49184">
        <ele>407.33</ele>
      </trkpt>
      <trkpt lat="43.44734" lon="26.49182">
        <ele>407.68</ele>
      </trkpt>
      <trkpt lat="43.44736" lon="26.4918">
        <ele>407.98</ele>
      </trkpt>
      <trkpt lat="43.44738" lon="26.49179">
        <ele>408.26</ele>
      </trkpt>
      <trkpt lat="43.44741" lon="26.49178">
        <ele>408.64</ele>
      </trkpt>
      <trkpt lat="43.44743" lon="26.49177">
        <ele>408.87</ele>
      </trkpt>
      <trkpt lat="43.44745" lon="26.49176">
        <ele>409.07</ele>
      </trkpt>
      <trkpt lat="43.44748" lon="26.49175">
        <ele>409.37</ele>
      </trkpt>
      <trkpt lat="43.44751" lon="26.49174">
        <ele>409.52</ele>
      </trkpt>
      <trkpt lat="43.44753" lon="26.49173">
        <ele>409.42</ele>
      </trkpt>
      <trkpt lat="43.44756" lon="26.49172">
        <ele>409.29</ele>
      </trkpt>
      <trkpt lat="43.44758" lon="26.49171">
        <ele>409.16</ele>
      </trkpt>
      <trkpt lat="43.44761" lon="26.49171">
        <ele>409.1</ele>
      </trkpt>
      <trkpt lat="43.44763" lon="26.4917">
        <ele>408.94</ele>
      </trkpt>
      <trkpt lat="43.44766" lon="26.4917">
        <ele>408.87</ele>
      </trkpt>
      <trkpt lat="43.44768" lon="26.49169">
        <ele>408.68</ele>
      </trkpt>
      <trkpt lat="43.44771" lon="26.49168">
        <ele>408.45</ele>
      </trkpt>
      <trkpt lat="43.44773" lon="26.49167">
        <ele>408.23</ele>
      </trkpt>
      <trkpt lat="43.44775" lon="26.49166">
        <ele>408.12</ele>
      </trkpt>
      <trkpt lat="43.44778" lon="26.49165">
        <ele>408.05</ele>
      </trkpt>
      <trkpt lat="43.4478" lon="26.49164">
        <ele>408.02</ele>
      </trkpt>
      <trkpt lat="43.44782" lon="26.49163">
        <ele>407.98</ele>
      </trkpt>
      <trkpt lat="43.44784" lon="26.49162">
        <ele>407.94</ele>
      </trkpt>
      <trkpt lat="43.44787" lon="26.49161">
        <ele>407.87</ele>
      </trkpt>
      <trkpt lat="43.44789" lon="26.4916">
        <ele>407.84</ele>
      </trkpt>
      <trkpt lat="43.44791" lon="26.49159">
        <ele>407.8</ele>
      </trkpt>
      <trkpt lat="43.44793" lon="26.49158">
        <ele>407.76</ele>
      </trkpt>
      <trkpt lat="43.44796" lon="26.49157">
        <ele>407.69</ele>
      </trkpt>
      <trkpt lat="43.44798" lon="26.49156">
        <ele>407.66</ele>
      </trkpt>
      <trkpt lat="43.44801" lon="26.49156">
        <ele>407.55</ele>
      </trkpt>
      <trkpt lat="43.44803" lon="26.49155">
        <ele>407.51</ele>
      </trkpt>
      <trkpt lat="43.44806" lon="26.49154">
        <ele>407.4</ele>
      </trkpt>
      <trkpt lat="43.44808" lon="26.49153">
        <ele>407.19</ele>
      </trkpt>
      <trkpt lat="43.44811" lon="26.49152">
        <ele>406.83</ele>
      </trkpt>
      <trkpt lat="43.44813" lon="26.49151">
        <ele>406.57</ele>
      </trkpt>
      <trkpt lat="43.44815" lon="26.49149">
        <ele>406.31</ele>
      </trkpt>
      <trkpt lat="43.44817" lon="26.49147">
        <ele>406.01</ele>
      </trkpt>
      <trkpt lat="43.44819" lon="26.49146">
        <ele>405.7</ele>
      </trkpt>
      <trkpt lat="43.4482" lon="26.49144">
        <ele>405.5</ele>
      </trkpt>
      <trkpt lat="43.44822" lon="26.49142">
        <ele>405.13</ele>
      </trkpt>
      <trkpt lat="43.44824" lon="26.49139">
        <ele>404.68</ele>
      </trkpt>
      <trkpt lat="43.44826" lon="26.49137">
        <ele>404.16</ele>
      </trkpt>
      <trkpt lat="43.44828" lon="26.49135">
        <ele>403.69</ele>
      </trkpt>
      <trkpt lat="43.4483" lon="26.49132">
        <ele>403.2</ele>
      </trkpt>
      <trkpt lat="43.44832" lon="26.4913">
        <ele>402.84</ele>
      </trkpt>
      <trkpt lat="43.44834" lon="26.49128">
        <ele>402.6</ele>
      </trkpt>
      <trkpt lat="43.44836" lon="26.49126">
        <ele>402.49</ele>
      </trkpt>
      <trkpt lat="43.44838" lon="26.49124">
        <ele>402.37</ele>
      </trkpt>
      <trkpt lat="43.44841" lon="26.49121">
        <ele>402.18</ele>
      </trkpt>
      <trkpt lat="43.44843" lon="26.49118">
        <ele>401.99</ele>
      </trkpt>
      <trkpt lat="43.44845" lon="26.49114">
        <ele>401.73</ele>
      </trkpt>
      <trkpt lat="43.44848" lon="26.49111">
        <ele>401.47</ele>
      </trkpt>
      <trkpt lat="43.4485" lon="26.49108">
        <ele>401.24</ele>
      </trkpt>
      <trkpt lat="43.44853" lon="26.49105">
        <ele>401.01</ele>
      </trkpt>
      <trkpt lat="43.44855" lon="26.49102">
        <ele>400.82</ele>
      </trkpt>
      <trkpt lat="43.44857" lon="26.491">
        <ele>400.69</ele>
      </trkpt>
      <trkpt lat="43.44859" lon="26.49097">
        <ele>400.53</ele>
      </trkpt>
      <trkpt lat="43.44862" lon="26.49095">
        <ele>400.43</ele>
      </trkpt>
      <trkpt lat="43.44864" lon="26.49093">
        <ele>400.38</ele>
      </trkpt>
      <trkpt lat="43.44866" lon="26.49092">
        <ele>400.37</ele>
      </trkpt>
      <trkpt lat="43.44868" lon="26.4909">
        <ele>400.3</ele>
      </trkpt>
      <trkpt lat="43.4487" lon="26.49089">
        <ele>400.27</ele>
      </trkpt>
      <trkpt lat="43.44872" lon="26.49087">
        <ele>400.18</ele>
      </trkpt>
      <trkpt lat="43.44874" lon="26.49086">
        <ele>400.14</ele>
      </trkpt>
      <trkpt lat="43.44876" lon="26.49085">
        <ele>400.09</ele>
      </trkpt>
      <trkpt lat="43.44878" lon="26.49083">
        <ele>400.02</ele>
      </trkpt>
      <trkpt lat="43.44881" lon="26.49081">
        <ele>400.14</ele>
      </trkpt>
      <trkpt lat="43.44883" lon="26.4908">
        <ele>400.21</ele>
      </trkpt>
      <trkpt lat="43.44885" lon="26.49078">
        <ele>400.36</ele>
      </trkpt>
      <trkpt lat="43.44887" lon="26.49076">
        <ele>400.51</ele>
      </trkpt>
      <trkpt lat="43.4489" lon="26.49074">
        <ele>400.54</ele>
      </trkpt>
      <trkpt lat="43.44892" lon="26.49072">
        <ele>400.41</ele>
      </trkpt>
      <trkpt lat="43.44894" lon="26.4907">
        <ele>400.24</ele>
      </trkpt>
      <trkpt lat="43.44897" lon="26.49069">
        <ele>399.85</ele>
      </trkpt>
      <trkpt lat="43.44899" lon="26.49068">
        <ele>399.57</ele>
      </trkpt>
      <trkpt lat="43.44902" lon="26.49067">
        <ele>399.12</ele>
      </trkpt>
      <trkpt lat="43.44905" lon="26.49066">
        <ele>398.64</ele>
      </trkpt>
      <trkpt lat="43.44907" lon="26.49066">
        <ele>398.32</ele>
      </trkpt>
      <trkpt lat="43.44909" lon="26.49065">
        <ele>397.96</ele>
      </trkpt>
      <trkpt lat="43.44912" lon="26.49064">
        <ele>397.41</ele>
      </trkpt>
      <trkpt lat="43.44914" lon="26.49063">
        <ele>397.01</ele>
      </trkpt>
      <trkpt lat="43.44916" lon="26.49062">
        <ele>396.59</ele>
      </trkpt>
      <trkpt lat="43.44919" lon="26.4906">
        <ele>396.28</ele>
      </trkpt>
      <trkpt lat="43.44921" lon="26.49059">
        <ele>396.19</ele>
      </trkpt>
      <trkpt lat="43.44923" lon="26.49056">
        <ele>396.02</ele>
      </trkpt>
      <trkpt lat="43.44925" lon="26.49053">
        <ele>396.07</ele>
      </trkpt>
      <trkpt lat="43.44927" lon="26.4905">
        <ele>396.1</ele>
      </trkpt>
      <trkpt lat="43.44929" lon="26.49047">
        <ele>396.07</ele>
      </trkpt>
      <trkpt lat="43.44932" lon="26.49045">
        <ele>395.92</ele>
      </trkpt>
      <trkpt lat="43.44934" lon="26.49042">
        <ele>395.76</ele>
      </trkpt>
      <trkpt lat="43.44937" lon="26.49039">
        <ele>395.45</ele>
      </trkpt>
      <trkpt lat="43.44939" lon="26.49037">
        <ele>395.19</ele>
      </trkpt>
      <trkpt lat="43.44942" lon="26.49034">
        <ele>394.72</ele>
      </trkpt>
      <trkpt lat="43.44945" lon="26.49031">
        <ele>394.27</ele>
      </trkpt>
      <trkpt lat="43.44947" lon="26.49029">
        <ele>394.26</ele>
      </trkpt>
      <trkpt lat="43.44949" lon="26.49026">
        <ele>394.37</ele>
      </trkpt>
      <trkpt lat="43.44951" lon="26.49025">
        <ele>394.57</ele>
      </trkpt>
      <trkpt lat="43.44953" lon="26.49023">
        <ele>394.83</ele>
      </trkpt>
      <trkpt lat="43.44954" lon="26.49021">
        <ele>395.02</ele>
      </trkpt>
      <trkpt lat="43.44956" lon="26.4902">
        <ele>395.3</ele>
      </trkpt>
      <trkpt lat="43.44958" lon="26.49018">
        <ele>395.66</ele>
      </trkpt>
      <trkpt lat="43.4496" lon="26.49017">
        <ele>395.99</ele>
      </trkpt>
      <trkpt lat="43.44963" lon="26.49015">
        <ele>396.57</ele>
      </trkpt>
      <trkpt lat="43.44965" lon="26.49014">
        <ele>396.95</ele>
      </trkpt>
      <trkpt lat="43.44968" lon="26.49013">
        <ele>397.5</ele>
      </trkpt>
      <trkpt lat="43.44971" lon="26.49012">
        <ele>398.08</ele>
      </trkpt>
      <trkpt lat="43.44974" lon="26.49011">
        <ele>398.4</ele>
      </trkpt>
      <trkpt lat="43.44977" lon="26.49011">
        <ele>398.38</ele>
      </trkpt>
      <trkpt lat="43.4498" lon="26.4901">
        <ele>398.43</ele>
      </trkpt>
      <trkpt lat="43.44983" lon="26.4901">
        <ele>398.37</ele>
      </trkpt>
      <trkpt lat="43.44987" lon="26.4901">
        <ele>398.3</ele>
      </trkpt>
      <trkpt lat="43.4499" lon="26.4901">
        <ele>398.25</ele>
      </trkpt>
      <trkpt lat="43.44993" lon="26.4901">
        <ele>398.2</ele>
      </trkpt>
      <trkpt lat="43.44996" lon="26.4901">
        <ele>398.15</ele>
      </trkpt>
      <trkpt lat="43.44999" lon="26.49009">
        <ele>398.0</ele>
      </trkpt>
      <trkpt lat="43.45001" lon="26.49009">
        <ele>397.94</ele>
      </trkpt>
      <trkpt lat="43.45004" lon="26.49008">
        <ele>397.74</ele>
      </trkpt>
      <trkpt lat="43.45007" lon="26.49008">
        <ele>397.65</ele>
      </trkpt>
      <trkpt lat="43.4501" lon="26.49008">
        <ele>397.55</ele>
      </trkpt>
      <trkpt lat="43.45013" lon="26.49008">
        <ele>397.46</ele>
      </trkpt>
      <trkpt lat="43.45016" lon="26.49008">
        <ele>397.37</ele>
      </trkpt>
      <trkpt lat="43.45018" lon="26.49008">
        <ele>397.3</ele>
      </trkpt>
      <trkpt lat="43.45021" lon="26.49009">
        <ele>397.24</ele>
      </trkpt>
      <trkpt lat="43.45023" lon="26.49009">
        <ele>397.17</ele>
      </trkpt>
      <trkpt lat="43.45026" lon="26.49008">
        <ele>397.06</ele>
      </trkpt>
      <trkpt lat="43.45028" lon="26.49008">
        <ele>396.98</ele>
      </trkpt>
      <trkpt lat="43.4503" lon="26.49008">
        <ele>396.77</ele>
      </trkpt>
      <trkpt lat="43.45032" lon="26.49008">
        <ele>396.57</ele>
      </trkpt>
      <trkpt lat="43.45034" lon="26.49007">
        <ele>396.33</ele>
      </trkpt>
      <trkpt lat="43.45036" lon="26.49007">
        <ele>396.11</ele>
      </trkpt>
      <trkpt lat="43.45038" lon="26.49007">
        <ele>395.9</ele>
      </trkpt>
      <trkpt lat="43.4504" lon="26.49006">
        <ele>395.62</ele>
      </trkpt>
      <trkpt lat="43.45042" lon="26.49006">
        <ele>395.39</ele>
      </trkpt>
      <trkpt lat="43.45044" lon="26.49005">
        <ele>395.08</ele>
      </trkpt>
      <trkpt lat="43.45047" lon="26.49005">
        <ele>394.73</ele>
      </trkpt>
      <trkpt lat="43.45049" lon="26.49005">
        <ele>394.49</ele>
      </trkpt>
      <trkpt lat="43.45051" lon="26.49005">
        <ele>394.26</ele>
      </trkpt>
      <trkpt lat="43.45054" lon="26.49004">
        <ele>393.77</ele>
      </trkpt>
      <trkpt lat="43.45056" lon="26.49002">
        <ele>393.24</ele>
      </trkpt>
      <trkpt lat="43.45059" lon="26.49001">
        <ele>392.77</ele>
      </trkpt>
      <trkpt lat="43.45061" lon="26.48999">
        <ele>392.28</ele>
      </trkpt>
      <trkpt lat="43.45063" lon="26.48997">
        <ele>391.86</ele>
      </trkpt>
      <trkpt lat="43.45065" lon="26.48995">
        <ele>391.51</ele>
      </trkpt>
      <trkpt lat="43.45066" lon="26.48994">
        <ele>391.36</ele>
      </trkpt>
      <trkpt lat="43.45068" lon="26.48993">
        <ele>391.19</ele>
      </trkpt>
      <trkpt lat="43.4507" lon="26.48992">
        <ele>391.05</ele>
      </trkpt>
      <trkpt lat="43.45072" lon="26.48991">
        <ele>390.95</ele>
      </trkpt>
      <trkpt lat="43.45073" lon="26.4899">
        <ele>390.9</ele>
      </trkpt>
      <trkpt lat="43.45075" lon="26.48989">
        <ele>390.86</ele>
      </trkpt>
      <trkpt lat="43.45077" lon="26.48989">
        <ele>390.84</ele>
      </trkpt>
      <trkpt lat="43.45078" lon="26.48989">
        <ele>390.84</ele>
      </trkpt>
      <trkpt lat="43.4508" lon="26.48988">
        <ele>390.86</ele>
      </trkpt>
      <trkpt lat="43.45082" lon="26.48988">
        <ele>390.86</ele>
      </trkpt>
      <trkpt lat="43.45084" lon="26.48988">
        <ele>390.78</ele>
      </trkpt>
      <trkpt lat="43.45087" lon="26.48988">
        <ele>390.41</ele>
      </trkpt>
      <trkpt lat="43.45089" lon="26.48987">
        <ele>390.23</ele>
      </trkpt>
      <trkpt lat="43.45092" lon="26.48987">
        <ele>389.85</ele>
      </trkpt>
      <trkpt lat="43.45094" lon="26.48987">
        <ele>389.6</ele>
      </trkpt>
      <trkpt lat="43.45097" lon="26.48988">
        <ele>389.18</ele>
      </trkpt>
      <trkpt lat="43.45099" lon="26.48988">
        <ele>388.93</ele>
      </trkpt>
      <trkpt lat="43.45102" lon="26.48988">
        <ele>388.56</ele>
      </trkpt>
      <trkpt lat="43.45105" lon="26.48988">
        <ele>388.19</ele>
      </trkpt>
      <trkpt lat="43.45107" lon="26.48988">
        <ele>387.94</ele>
      </trkpt>
      <trkpt lat="43.4511" lon="26.48987">
        <ele>387.61</ele>
      </trkpt>
      <trkpt lat="43.45112" lon="26.48986">
        <ele>387.55</ele>
      </trkpt>
      <trkpt lat="43.45115" lon="26.48985">
        <ele>387.73</ele>
      </trkpt>
      <trkpt lat="43.45117" lon="26.48984">
        <ele>387.85</ele>
      </trkpt>
      <trkpt lat="43.45119" lon="26.48982">
        <ele>387.95</ele>
      </trkpt>
      <trkpt lat="43.45121" lon="26.4898">
        <ele>388.02</ele>
      </trkpt>
      <trkpt lat="43.45124" lon="26.48979">
        <ele>388.1</ele>
      </trkpt>
      <trkpt lat="43.45126" lon="26.48977">
        <ele>388.1</ele>
      </trkpt>
      <trkpt lat="43.45128" lon="26.48976">
        <ele>388.11</ele>
      </trkpt>
      <trkpt lat="43.4513" lon="26.48975">
        <ele>388.1</ele>
      </trkpt>
      <trkpt lat="43.45132" lon="26.48974">
        <ele>388.08</ele>
      </trkpt>
      <trkpt lat="43.45134" lon="26.48973">
        <ele>388.04</ele>
      </trkpt>
      <trkpt lat="43.45136" lon="26.48972">
        <ele>388.02</ele>
      </trkpt>
      <trkpt lat="43.45137" lon="26.4897">
        <ele>388.22</ele>
      </trkpt>
      <trkpt lat="43.45139" lon="26.48968">
        <ele>388.48</ele>
      </trkpt>
      <trkpt lat="43.45141" lon="26.48966">
        <ele>389.11</ele>
      </trkpt>
      <trkpt lat="43.45143" lon="26.48965">
        <ele>389.63</ele>
      </trkpt>
      <trkpt lat="43.45144" lon="26.48964">
        <ele>389.94</ele>
      </trkpt>
      <trkpt lat="43.45146" lon="26.48963">
        <ele>390.45</ele>
      </trkpt>
      <trkpt lat="43.45147" lon="26.48962">
        <ele>390.75</ele>
      </trkpt>
      <trkpt lat="43.45149" lon="26.48962">
        <ele>391.15</ele>
      </trkpt>
      <trkpt lat="43.45149" lon="26.48962">
        <ele>391.15</ele>
      </trkpt>
      <trkpt lat="43.45149" lon="26.48962">
        <ele>391.15</ele>
      </trkpt>
      <trkpt lat="43.4515" lon="26.48962">
        <ele>391.36</ele>
      </trkpt>
      <trkpt lat="43.45151" lon="26.48962">
        <ele>391.56</ele>
      </trkpt>
      <trkpt lat="43.45151" lon="26.48962">
        <ele>391.56</ele>
      </trkpt>
      <trkpt lat="43.45152" lon="26.48961">
        <ele>391.85</ele>
      </trkpt>
      <trkpt lat="43.45153" lon="26.4896">
        <ele>392.14</ele>
      </trkpt>
      <trkpt lat="43.45154" lon="26.48958">
        <ele>392.52</ele>
      </trkpt>
      <trkpt lat="43.45155" lon="26.48957">
        <ele>392.81</ele>
      </trkpt>
      <trkpt lat="43.45156" lon="26.48955">
        <ele>393.17</ele>
      </trkpt>
      <trkpt lat="43.45157" lon="26.48953">
        <ele>393.54</ele>
      </trkpt>
      <trkpt lat="43.45158" lon="26.48949">
        <ele>394.06</ele>
      </trkpt>
      <trkpt lat="43.45159" lon="26.48947">
        <ele>394.41</ele>
      </trkpt>
      <trkpt lat="43.4516" lon="26.48945">
        <ele>394.76</ele>
      </trkpt>
      <trkpt lat="43.4516" lon="26.48943">
        <ele>394.79</ele>
      </trkpt>
      <trkpt lat="43.45161" lon="26.48942">
        <ele>394.95</ele>
      </trkpt>
      <trkpt lat="43.45162" lon="26.48939">
        <ele>395.06</ele>
      </trkpt>
      <trkpt lat="43.45163" lon="26.48937">
        <ele>395.18</ele>
      </trkpt>
      <trkpt lat="43.45165" lon="26.48935">
        <ele>395.42</ele>
      </trkpt>
      <trkpt lat="43.45166" lon="26.48933">
        <ele>395.5</ele>
      </trkpt>
      <trkpt lat="43.45168" lon="26.48931">
        <ele>395.61</ele>
      </trkpt>
      <trkpt lat="43.4517" lon="26.48928">
        <ele>395.63</ele>
      </trkpt>
      <trkpt lat="43.45172" lon="26.48927">
        <ele>395.71</ele>
      </trkpt>
      <trkpt lat="43.45173" lon="26.48925">
        <ele>395.66</ele>
      </trkpt>
      <trkpt lat="43.45175" lon="26.48923">
        <ele>395.66</ele>
      </trkpt>
      <trkpt lat="43.45177" lon="26.48922">
        <ele>395.71</ele>
      </trkpt>
      <trkpt lat="43.45179" lon="26.4892">
        <ele>395.67</ele>
      </trkpt>
      <trkpt lat="43.4518" lon="26.48919">
        <ele>395.64</ele>
      </trkpt>
      <trkpt lat="43.45182" lon="26.48918">
        <ele>395.65</ele>
      </trkpt>
      <trkpt lat="43.45184" lon="26.48917">
        <ele>395.65</ele>
      </trkpt>
      <trkpt lat="43.45186" lon="26.48916">
        <ele>395.7</ele>
      </trkpt>
      <trkpt lat="43.45188" lon="26.48915">
        <ele>395.77</ele>
      </trkpt>
      <trkpt lat="43.45191" lon="26.48915">
        <ele>395.88</ele>
      </trkpt>
      <trkpt lat="43.45193" lon="26.48915">
        <ele>395.95</ele>
      </trkpt>
      <trkpt lat="43.45195" lon="26.48915">
        <ele>396.02</ele>
      </trkpt>
      <trkpt lat="43.45198" lon="26.48915">
        <ele>396.14</ele>
      </trkpt>
      <trkpt lat="43.452" lon="26.48916">
        <ele>396.21</ele>
      </trkpt>
      <trkpt lat="43.45203" lon="26.48916">
        <ele>396.32</ele>
      </trkpt>
      <trkpt lat="43.45205" lon="26.48917">
        <ele>396.41</ele>
      </trkpt>
      <trkpt lat="43.45208" lon="26.48918">
        <ele>396.61</ele>
      </trkpt>
      <trkpt lat="43.4521" lon="26.48919">
        <ele>396.76</ele>
      </trkpt>
      <trkpt lat="43.45212" lon="26.48919">
        <ele>396.83</ele>
      </trkpt>
      <trkpt lat="43.45214" lon="26.48919">
        <ele>396.9</ele>
      </trkpt>
      <trkpt lat="43.45217" lon="26.4892">
        <ele>397.07</ele>
      </trkpt>
      <trkpt lat="43.45219" lon="26.48919">
        <ele>397.06</ele>
      </trkpt>
      <trkpt lat="43.45221" lon="26.48919">
        <ele>397.13</ele>
      </trkpt>
      <trkpt lat="43.45223" lon="26.48919">
        <ele>397.23</ele>
      </trkpt>
      <trkpt lat="43.45225" lon="26.48918">
        <ele>397.3</ele>
      </trkpt>
      <trkpt lat="43.45227" lon="26.48917">
        <ele>397.37</ele>
      </trkpt>
      <trkpt lat="43.45229" lon="26.48916">
        <ele>397.51</ele>
      </trkpt>
      <trkpt lat="43.45231" lon="26.48915">
        <ele>397.68</ele>
      </trkpt>
      <trkpt lat="43.45232" lon="26.48914">
        <ele>397.76</ele>
      </trkpt>
      <trkpt lat="43.45234" lon="26.48911">
        <ele>397.91</ele>
      </trkpt>
      <trkpt lat="43.45236" lon="26.48909">
        <ele>398.0</ele>
      </trkpt>
      <trkpt lat="43.45238" lon="26.48905">
        <ele>398.02</ele>
      </trkpt>
      <trkpt lat="43.4524" lon="26.48902">
        <ele>397.98</ele>
      </trkpt>
      <trkpt lat="43.45242" lon="26.48898">
        <ele>397.85</ele>
      </trkpt>
      <trkpt lat="43.45244" lon="26.48895">
        <ele>397.68</ele>
      </trkpt>
      <trkpt lat="43.45246" lon="26.48892">
        <ele>397.45</ele>
      </trkpt>
      <trkpt lat="43.45248" lon="26.48889">
        <ele>397.15</ele>
      </trkpt>
      <trkpt lat="43.4525" lon="26.48886">
        <ele>397.0</ele>
      </trkpt>
      <trkpt lat="43.45252" lon="26.48883">
        <ele>397.2</ele>
      </trkpt>
      <trkpt lat="43.45254" lon="26.48881">
        <ele>397.33</ele>
      </trkpt>
      <trkpt lat="43.45255" lon="26.48879">
        <ele>397.34</ele>
      </trkpt>
      <trkpt lat="43.45257" lon="26.48876">
        <ele>397.31</ele>
      </trkpt>
      <trkpt lat="43.45258" lon="26.48874">
        <ele>397.23</ele>
      </trkpt>
      <trkpt lat="43.4526" lon="26.48871">
        <ele>397.05</ele>
      </trkpt>
      <trkpt lat="43.45261" lon="26.48868">
        <ele>396.8</ele>
      </trkpt>
      <trkpt lat="43.45263" lon="26.48866">
        <ele>396.56</ele>
      </trkpt>
      <trkpt lat="43.45264" lon="26.48863">
        <ele>396.2</ele>
      </trkpt>
      <trkpt lat="43.45265" lon="26.4886">
        <ele>395.84</ele>
      </trkpt>
      <trkpt lat="43.45266" lon="26.48858">
        <ele>395.61</ele>
      </trkpt>
      <trkpt lat="43.45267" lon="26.48856">
        <ele>395.37</ele>
      </trkpt>
      <trkpt lat="43.45268" lon="26.48853">
        <ele>395.03</ele>
      </trkpt>
      <trkpt lat="43.45269" lon="26.48851">
        <ele>394.77</ele>
      </trkpt>
      <trkpt lat="43.4527" lon="26.48848">
        <ele>394.41</ele>
      </trkpt>
      <trkpt lat="43.45272" lon="26.48845">
        <ele>393.92</ele>
      </trkpt>
      <trkpt lat="43.45273" lon="26.48842">
        <ele>393.52</ele>
      </trkpt>
      <trkpt lat="43.45274" lon="26.48839">
        <ele>393.1</ele>
      </trkpt>
      <trkpt lat="43.45275" lon="26.48835">
        <ele>392.57</ele>
      </trkpt>
      <trkpt lat="43.45276" lon="26.48831">
        <ele>392.16</ele>
      </trkpt>
      <trkpt lat="43.45276" lon="26.48827">
        <ele>391.98</ele>
      </trkpt>
      <trkpt lat="43.45276" lon="26.48823">
        <ele>391.81</ele>
      </trkpt>
      <trkpt lat="43.45275" lon="26.48819">
        <ele>391.73</ele>
      </trkpt>
      <trkpt lat="43.45275" lon="26.48816">
        <ele>391.59</ele>
      </trkpt>
      <trkpt lat="43.45274" lon="26.48812">
        <ele>391.46</ele>
      </trkpt>
      <trkpt lat="43.45273" lon="26.48809">
        <ele>391.36</ele>
      </trkpt>
      <trkpt lat="43.45273" lon="26.48806">
        <ele>391.2</ele>
      </trkpt>
      <trkpt lat="43.45272" lon="26.48804">
        <ele>391.04</ele>
      </trkpt>
      <trkpt lat="43.45272" lon="26.48801">
        <ele>390.72</ele>
      </trkpt>
      <trkpt lat="43.45272" lon="26.48798">
        <ele>390.39</ele>
      </trkpt>
      <trkpt lat="43.45272" lon="26.48795">
        <ele>390.07</ele>
      </trkpt>
      <trkpt lat="43.45273" lon="26.48792">
        <ele>389.71</ele>
      </trkpt>
      <trkpt lat="43.45274" lon="26.48789">
        <ele>389.35</ele>
      </trkpt>
      <trkpt lat="43.45275" lon="26.48785">
        <ele>388.88</ele>
      </trkpt>
      <trkpt lat="43.45276" lon="26.48782">
        <ele>388.52</ele>
      </trkpt>
      <trkpt lat="43.45278" lon="26.48778">
        <ele>388.0</ele>
      </trkpt>
      <trkpt lat="43.45279" lon="26.48774">
        <ele>388.1</ele>
      </trkpt>
      <trkpt lat="43.45279" lon="26.4877">
        <ele>388.34</ele>
      </trkpt>
      <trkpt lat="43.4528" lon="26.48766">
        <ele>388.37</ele>
      </trkpt>
      <trkpt lat="43.45281" lon="26.48761">
        <ele>388.37</ele>
      </trkpt>
      <trkpt lat="43.45281" lon="26.48757">
        <ele>388.54</ele>
      </trkpt>
      <trkpt lat="43.45282" lon="26.48754">
        <ele>388.35</ele>
      </trkpt>
      <trkpt lat="43.45282" lon="26.48751">
        <ele>388.45</ele>
      </trkpt>
      <trkpt lat="43.45283" lon="26.48748">
        <ele>388.16</ele>
      </trkpt>
      <trkpt lat="43.45284" lon="26.48745">
        <ele>387.9</ele>
      </trkpt>
      <trkpt lat="43.45285" lon="26.48743">
        <ele>387.67</ele>
      </trkpt>
      <trkpt lat="43.45285" lon="26.4874">
        <ele>387.79</ele>
      </trkpt>
      <trkpt lat="43.45286" lon="26.48738">
        <ele>387.63</ele>
      </trkpt>
      <trkpt lat="43.45287" lon="26.48735">
        <ele>387.57</ele>
      </trkpt>
      <trkpt lat="43.45288" lon="26.48732">
        <ele>387.58</ele>
      </trkpt>
      <trkpt lat="43.45288" lon="26.48728">
        <ele>387.86</ele>
      </trkpt>
      <trkpt lat="43.4529" lon="26.48724">
        <ele>387.96</ele>
      </trkpt>
      <trkpt lat="43.45291" lon="26.48719">
        <ele>388.21</ele>
      </trkpt>
      <trkpt lat="43.45292" lon="26.48715">
        <ele>388.38</ele>
      </trkpt>
      <trkpt lat="43.45293" lon="26.48711">
        <ele>388.57</ele>
      </trkpt>
      <trkpt lat="43.45295" lon="26.48708">
        <ele>388.71</ele>
      </trkpt>
      <trkpt lat="43.45296" lon="26.48704">
        <ele>388.98</ele>
      </trkpt>
      <trkpt lat="43.45297" lon="26.487">
        <ele>389.28</ele>
      </trkpt>
      <trkpt lat="43.45298" lon="26.48696">
        <ele>389.61</ele>
      </trkpt>
      <trkpt lat="43.45299" lon="26.48693">
        <ele>389.89</ele>
      </trkpt>
      <trkpt lat="43.453" lon="26.4869">
        <ele>390.22</ele>
      </trkpt>
      <trkpt lat="43.45301" lon="26.48687">
        <ele>390.6</ele>
      </trkpt>
      <trkpt lat="43.45302" lon="26.48685">
        <ele>390.93</ele>
      </trkpt>
      <trkpt lat="43.45304" lon="26.48683">
        <ele>391.43</ele>
      </trkpt>
      <trkpt lat="43.45305" lon="26.48681">
        <ele>391.85</ele>
      </trkpt>
      <trkpt lat="43.45307" lon="26.48678">
        <ele>392.21</ele>
      </trkpt>
      <trkpt lat="43.45308" lon="26.48676">
        <ele>392.39</ele>
      </trkpt>
      <trkpt lat="43.4531" lon="26.48674">
        <ele>392.46</ele>
      </trkpt>
      <trkpt lat="43.45312" lon="26.48672">
        <ele>392.54</ele>
      </trkpt>
      <trkpt lat="43.45314" lon="26.48669">
        <ele>392.75</ele>
      </trkpt>
      <trkpt lat="43.45316" lon="26.48667">
        <ele>392.82</ele>
      </trkpt>
      <trkpt lat="43.45318" lon="26.48665">
        <ele>392.64</ele>
      </trkpt>
      <trkpt lat="43.4532" lon="26.48663">
        <ele>392.45</ele>
      </trkpt>
      <trkpt lat="43.45322" lon="26.48661">
        <ele>392.3</ele>
      </trkpt>
      <trkpt lat="43.45325" lon="26.48658">
        <ele>392.15</ele>
      </trkpt>
      <trkpt lat="43.45328" lon="26.48654">
        <ele>392.14</ele>
      </trkpt>
      <trkpt lat="43.4533" lon="26.4865">
        <ele>392.27</ele>
      </trkpt>
      <trkpt lat="43.45333" lon="26.48646">
        <ele>392.49</ele>
      </trkpt>
      <trkpt lat="43.45335" lon="26.48642">
        <ele>392.2</ele>
      </trkpt>
      <trkpt lat="43.45337" lon="26.48639">
        <ele>391.67</ele>
      </trkpt>
      <trkpt lat="43.45339" lon="26.48636">
        <ele>391.03</ele>
      </trkpt>
      <trkpt lat="43.45341" lon="26.48633">
        <ele>390.5</ele>
      </trkpt>
      <trkpt lat="43.45343" lon="26.48631">
        <ele>390.03</ele>
      </trkpt>
      <trkpt lat="43.45345" lon="26.48628">
        <ele>389.73</ele>
      </trkpt>
      <trkpt lat="43.45347" lon="26.48625">
        <ele>389.55</ele>
      </trkpt>
      <trkpt lat="43.45348" lon="26.48623">
        <ele>389.56</ele>
      </trkpt>
      <trkpt lat="43.4535" lon="26.4862">
        <ele>389.58</ele>
      </trkpt>
      <trkpt lat="43.45352" lon="26.48618">
        <ele>389.57</ele>
      </trkpt>
      <trkpt lat="43.45354" lon="26.48616">
        <ele>389.64</ele>
      </trkpt>
      <trkpt lat="43.45356" lon="26.48613">
        <ele>389.99</ele>
      </trkpt>
      <trkpt lat="43.45358" lon="26.48611">
        <ele>390.23</ele>
      </trkpt>
      <trkpt lat="43.45359" lon="26.48609">
        <ele>390.2</ele>
      </trkpt>
      <trkpt lat="43.45361" lon="26.48606">
        <ele>390.19</ele>
      </trkpt>
      <trkpt lat="43.45363" lon="26.48604">
        <ele>390.02</ele>
      </trkpt>
      <trkpt lat="43.45365" lon="26.48602">
        <ele>389.82</ele>
      </trkpt>
      <trkpt lat="43.45367" lon="26.48599">
        <ele>389.62</ele>
      </trkpt>
      <trkpt lat="43.45369" lon="26.48596">
        <ele>389.38</ele>
      </trkpt>
      <trkpt lat="43.45372" lon="26.48592">
        <ele>388.97</ele>
      </trkpt>
      <trkpt lat="43.45374" lon="26.48589">
        <ele>388.67</ele>
      </trkpt>
      <trkpt lat="43.45376" lon="26.48585">
        <ele>388.32</ele>
      </trkpt>
      <trkpt lat="43.45378" lon="26.48582">
        <ele>387.91</ele>
      </trkpt>
      <trkpt lat="43.4538" lon="26.48578">
        <ele>387.48</ele>
      </trkpt>
      <trkpt lat="43.45382" lon="26.48575">
        <ele>387.17</ele>
      </trkpt>
      <trkpt lat="43.45384" lon="26.48571">
        <ele>386.93</ele>
      </trkpt>
      <trkpt lat="43.45386" lon="26.48568">
        <ele>386.78</ele>
      </trkpt>
      <trkpt lat="43.45388" lon="26.48565">
        <ele>386.71</ele>
      </trkpt>
      <trkpt lat="43.4539" lon="26.48561">
        <ele>386.64</ele>
      </trkpt>
      <trkpt lat="43.45392" lon="26.48559">
        <ele>386.37</ele>
      </trkpt>
      <trkpt lat="43.45394" lon="26.48556">
        <ele>386.08</ele>
      </trkpt>
      <trkpt lat="43.45396" lon="26.48554">
        <ele>385.55</ele>
      </trkpt>
      <trkpt lat="43.45398" lon="26.48551">
        <ele>384.92</ele>
      </trkpt>
      <trkpt lat="43.45399" lon="26.48549">
        <ele>384.58</ele>
      </trkpt>
      <trkpt lat="43.45401" lon="26.48547">
        <ele>384.13</ele>
      </trkpt>
      <trkpt lat="43.45402" lon="26.48545">
        <ele>383.84</ele>
      </trkpt>
      <trkpt lat="43.45404" lon="26.48543">
        <ele>383.46</ele>
      </trkpt>
      <trkpt lat="43.45405" lon="26.48541">
        <ele>383.22</ele>
      </trkpt>
      <trkpt lat="43.45407" lon="26.48539">
        <ele>382.91</ele>
      </trkpt>
      <trkpt lat="43.45409" lon="26.48537">
        <ele>382.64</ele>
      </trkpt>
      <trkpt lat="43.4541" lon="26.48535">
        <ele>382.49</ele>
      </trkpt>
      <trkpt lat="43.45412" lon="26.48533">
        <ele>382.29</ele>
      </trkpt>
      <trkpt lat="43.45414" lon="26.4853">
        <ele>382.13</ele>
      </trkpt>
      <trkpt lat="43.45416" lon="26.48528">
        <ele>382.02</ele>
      </trkpt>
      <trkpt lat="43.45418" lon="26.48525">
        <ele>381.62</ele>
      </trkpt>
      <trkpt lat="43.4542" lon="26.48522">
        <ele>381.18</ele>
      </trkpt>
      <trkpt lat="43.45422" lon="26.48519">
        <ele>380.78</ele>
      </trkpt>
      <trkpt lat="43.45424" lon="26.48516">
        <ele>380.43</ele>
      </trkpt>
      <trkpt lat="43.45427" lon="26.48513">
        <ele>380.04</ele>
      </trkpt>
      <trkpt lat="43.45429" lon="26.48511">
        <ele>379.82</ele>
      </trkpt>
      <trkpt lat="43.45431" lon="26.48509">
        <ele>379.63</ele>
      </trkpt>
      <trkpt lat="43.45434" lon="26.48507">
        <ele>379.41</ele>
      </trkpt>
      <trkpt lat="43.45436" lon="26.48505">
        <ele>379.29</ele>
      </trkpt>
      <trkpt lat="43.45439" lon="26.48503">
        <ele>379.15</ele>
      </trkpt>
      <trkpt lat="43.45441" lon="26.48501">
        <ele>379.1</ele>
      </trkpt>
      <trkpt lat="43.45443" lon="26.48499">
        <ele>379.05</ele>
      </trkpt>
      <trkpt lat="43.45445" lon="26.48497">
        <ele>378.98</ele>
      </trkpt>
      <trkpt lat="43.45447" lon="26.48494">
        <ele>378.91</ele>
      </trkpt>
      <trkpt lat="43.45448" lon="26.48492">
        <ele>378.87</ele>
      </trkpt>
      <trkpt lat="43.45448" lon="26.4849">
        <ele>378.87</ele>
      </trkpt>
      <trkpt lat="43.45448" lon="26.48487">
        <ele>378.87</ele>
      </trkpt>
      <trkpt lat="43.45448" lon="26.48484">
        <ele>378.87</ele>
      </trkpt>
      <trkpt lat="43.45447" lon="26.48481">
        <ele>378.91</ele>
      </trkpt>
      <trkpt lat="43.45446" lon="26.48479">
        <ele>378.94</ele>
      </trkpt>
      <trkpt lat="43.45445" lon="26.48476">
        <ele>378.98</ele>
      </trkpt>
      <trkpt lat="43.45444" lon="26.48474">
        <ele>379.0</ele>
      </trkpt>
      <trkpt lat="43.45443" lon="26.48471">
        <ele>378.96</ele>
      </trkpt>
      <trkpt lat="43.45441" lon="26.48469">
        <ele>378.9</ele>
      </trkpt>
      <trkpt lat="43.4544" lon="26.48466">
        <ele>378.81</ele>
      </trkpt>
      <trkpt lat="43.45439" lon="26.48463">
        <ele>378.73</ele>
      </trkpt>
      <trkpt lat="43.45438" lon="26.4846">
        <ele>378.66</ele>
      </trkpt>
      <trkpt lat="43.45437" lon="26.48457">
        <ele>378.6</ele>
      </trkpt>
      <trkpt lat="43.45436" lon="26.48454">
        <ele>378.54</ele>
      </trkpt>
      <trkpt lat="43.45435" lon="26.48451">
        <ele>378.5</ele>
      </trkpt>
      <trkpt lat="43.45434" lon="26.48447">
        <ele>378.43</ele>
      </trkpt>
      <trkpt lat="43.45433" lon="26.48443">
        <ele>378.41</ele>
      </trkpt>
      <trkpt lat="43.45433" lon="26.4844">
        <ele>378.41</ele>
      </trkpt>
      <trkpt lat="43.45432" lon="26.48436">
        <ele>378.45</ele>
      </trkpt>
      <trkpt lat="43.45431" lon="26.48433">
        <ele>378.48</ele>
      </trkpt>
      <trkpt lat="43.4543" lon="26.4843">
        <ele>378.52</ele>
      </trkpt>
      <trkpt lat="43.45429" lon="26.48427">
        <ele>378.56</ele>
      </trkpt>
      <trkpt lat="43.45428" lon="26.48425">
        <ele>378.59</ele>
      </trkpt>
      <trkpt lat="43.45426" lon="26.48422">
        <ele>378.66</ele>
      </trkpt>
      <trkpt lat="43.45425" lon="26.48418">
        <ele>378.7</ele>
      </trkpt>
      <trkpt lat="43.45423" lon="26.48414">
        <ele>378.75</ele>
      </trkpt>
      <trkpt lat="43.45421" lon="26.4841">
        <ele>378.81</ele>
      </trkpt>
      <trkpt lat="43.4542" lon="26.48406">
        <ele>378.83</ele>
      </trkpt>
      <trkpt lat="43.45418" lon="26.48402">
        <ele>378.93</ele>
      </trkpt>
      <trkpt lat="43.45416" lon="26.48399">
        <ele>378.99</ele>
      </trkpt>
      <trkpt lat="43.45415" lon="26.48396">
        <ele>379.0</ele>
      </trkpt>
      <trkpt lat="43.45414" lon="26.48393">
        <ele>379.04</ele>
      </trkpt>
      <trkpt lat="43.45413" lon="26.48389">
        <ele>379.13</ele>
      </trkpt>
      <trkpt lat="43.45412" lon="26.48386">
        <ele>378.75</ele>
      </trkpt>
      <trkpt lat="43.45412" lon="26.48383">
        <ele>378.32</ele>
      </trkpt>
      <trkpt lat="43.45411" lon="26.48379">
        <ele>377.78</ele>
      </trkpt>
      <trkpt lat="43.45411" lon="26.48376">
        <ele>377.35</ele>
      </trkpt>
      <trkpt lat="43.4541" lon="26.48373">
        <ele>376.95</ele>
      </trkpt>
      <trkpt lat="43.45409" lon="26.4837">
        <ele>376.56</ele>
      </trkpt>
      <trkpt lat="43.45409" lon="26.48366">
        <ele>375.98</ele>
      </trkpt>
      <trkpt lat="43.45408" lon="26.48363">
        <ele>375.58</ele>
      </trkpt>
      <trkpt lat="43.45407" lon="26.4836">
        <ele>375.23</ele>
      </trkpt>
      <trkpt lat="43.45406" lon="26.48356">
        <ele>374.86</ele>
      </trkpt>
      <trkpt lat="43.45405" lon="26.48353">
        <ele>374.62</ele>
      </trkpt>
      <trkpt lat="43.45404" lon="26.4835">
        <ele>374.4</ele>
      </trkpt>
      <trkpt lat="43.45403" lon="26.48346">
        <ele>374.12</ele>
      </trkpt>
      <trkpt lat="43.45402" lon="26.48344">
        <ele>374.04</ele>
      </trkpt>
      <trkpt lat="43.454" lon="26.48341">
        <ele>374.01</ele>
      </trkpt>
      <trkpt lat="43.454" lon="26.48338">
        <ele>373.77</ele>
      </trkpt>
      <trkpt lat="43.45399" lon="26.48335">
        <ele>373.67</ele>
      </trkpt>
      <trkpt lat="43.45399" lon="26.48333">
        <ele>373.54</ele>
      </trkpt>
      <trkpt lat="43.45398" lon="26.4833">
        <ele>373.65</ele>
      </trkpt>
      <trkpt lat="43.45398" lon="26.48327">
        <ele>373.62</ele>
      </trkpt>
      <trkpt lat="43.45398" lon="26.48324">
        <ele>373.58</ele>
      </trkpt>
      <trkpt lat="43.45399" lon="26.48322">
        <ele>373.36</ele>
      </trkpt>
      <trkpt lat="43.454" lon="26.4832">
        <ele>373.11</ele>
      </trkpt>
      <trkpt lat="43.45402" lon="26.48319">
        <ele>372.65</ele>
      </trkpt>
      <trkpt lat="43.45404" lon="26.48317">
        <ele>372.13</ele>
      </trkpt>
      <trkpt lat="43.45407" lon="26.48317">
        <ele>371.45</ele>
      </trkpt>
      <trkpt lat="43.4541" lon="26.48316">
        <ele>370.69</ele>
      </trkpt>
      <trkpt lat="43.45413" lon="26.48315">
        <ele>369.9</ele>
      </trkpt>
      <trkpt lat="43.45417" lon="26.48315">
        <ele>369.01</ele>
      </trkpt>
      <trkpt lat="43.4542" lon="26.48315">
        <ele>368.9</ele>
      </trkpt>
      <trkpt lat="43.45423" lon="26.48314">
        <ele>368.68</ele>
      </trkpt>
      <trkpt lat="43.45426" lon="26.48314">
        <ele>368.58</ele>
      </trkpt>
      <trkpt lat="43.45428" lon="26.48313">
        <ele>368.4</ele>
      </trkpt>
      <trkpt lat="43.45431" lon="26.48313">
        <ele>368.29</ele>
      </trkpt>
      <trkpt lat="43.45433" lon="26.48313">
        <ele>368.22</ele>
      </trkpt>
      <trkpt lat="43.45436" lon="26.48313">
        <ele>368.11</ele>
      </trkpt>
      <trkpt lat="43.45438" lon="26.48312">
        <ele>367.93</ele>
      </trkpt>
      <trkpt lat="43.45441" lon="26.48311">
        <ele>367.71</ele>
      </trkpt>
      <trkpt lat="43.45443" lon="26.4831">
        <ele>367.53</ele>
      </trkpt>
      <trkpt lat="43.45446" lon="26.48309">
        <ele>367.41</ele>
      </trkpt>
      <trkpt lat="43.45449" lon="26.48308">
        <ele>367.4</ele>
      </trkpt>
      <trkpt lat="43.45451" lon="26.48306">
        <ele>367.28</ele>
      </trkpt>
      <trkpt lat="43.45454" lon="26.48304">
        <ele>367.1</ele>
      </trkpt>
      <trkpt lat="43.45456" lon="26.48303">
        <ele>366.99</ele>
      </trkpt>
      <trkpt lat="43.45458" lon="26.48301">
        <ele>366.68</ele>
      </trkpt>
      <trkpt lat="43.4546" lon="26.48299">
        <ele>366.32</ele>
      </trkpt>
      <trkpt lat="43.45463" lon="26.48297">
        <ele>365.92</ele>
      </trkpt>
      <trkpt lat="43.45465" lon="26.48295">
        <ele>365.48</ele>
      </trkpt>
      <trkpt lat="43.45468" lon="26.48293">
        <ele>364.96</ele>
      </trkpt>
      <trkpt lat="43.4547" lon="26.48291">
        <ele>364.42</ele>
      </trkpt>
      <trkpt lat="43.45473" lon="26.48288">
        <ele>363.52</ele>
      </trkpt>
      <trkpt lat="43.45476" lon="26.48286">
        <ele>362.8</ele>
      </trkpt>
      <trkpt lat="43.45479" lon="26.48284">
        <ele>362.08</ele>
      </trkpt>
      <trkpt lat="43.45482" lon="26.48283">
        <ele>361.61</ele>
      </trkpt>
      <trkpt lat="43.45485" lon="26.48282">
        <ele>361.14</ele>
      </trkpt>
      <trkpt lat="43.45487" lon="26.48281">
        <ele>360.75</ele>
      </trkpt>
      <trkpt lat="43.4549" lon="26.4828">
        <ele>360.28</ele>
      </trkpt>
      <trkpt lat="43.45493" lon="26.4828">
        <ele>360.06</ele>
      </trkpt>
      <trkpt lat="43.45496" lon="26.4828">
        <ele>359.85</ele>
      </trkpt>
      <trkpt lat="43.45499" lon="26.4828">
        <ele>359.63</ele>
      </trkpt>
      <trkpt lat="43.45502" lon="26.4828">
        <ele>359.28</ele>
      </trkpt>
      <trkpt lat="43.45505" lon="26.4828">
        <ele>358.85</ele>
      </trkpt>
      <trkpt lat="43.45508" lon="26.4828">
        <ele>358.43</ele>
      </trkpt>
      <trkpt lat="43.45511" lon="26.48281">
        <ele>358.27</ele>
      </trkpt>
      <trkpt lat="43.45514" lon="26.48281">
        <ele>357.85</ele>
      </trkpt>
      <trkpt lat="43.45516" lon="26.48282">
        <ele>357.85</ele>
      </trkpt>
      <trkpt lat="43.45519" lon="26.48282">
        <ele>357.43</ele>
      </trkpt>
      <trkpt lat="43.45522" lon="26.48282">
        <ele>357.02</ele>
      </trkpt>
      <trkpt lat="43.45524" lon="26.48282">
        <ele>356.74</ele>
      </trkpt>
      <trkpt lat="43.45527" lon="26.48281">
        <ele>356.04</ele>
      </trkpt>
      <trkpt lat="43.45529" lon="26.48281">
        <ele>355.99</ele>
      </trkpt>
      <trkpt lat="43.45532" lon="26.48281">
        <ele>356.14</ele>
      </trkpt>
      <trkpt lat="43.45535" lon="26.48281">
        <ele>356.3</ele>
      </trkpt>
      <trkpt lat="43.45537" lon="26.48282">
        <ele>356.63</ele>
      </trkpt>
      <trkpt lat="43.4554" lon="26.48282">
        <ele>356.76</ele>
      </trkpt>
      <trkpt lat="43.45543" lon="26.48283">
        <ele>357.08</ele>
      </trkpt>
      <trkpt lat="43.45546" lon="26.48284">
        <ele>357.37</ele>
      </trkpt>
      <trkpt lat="43.45548" lon="26.48285">
        <ele>357.59</ele>
      </trkpt>
      <trkpt lat="43.45551" lon="26.48285">
        <ele>357.67</ele>
      </trkpt>
      <trkpt lat="43.45554" lon="26.48286">
        <ele>357.86</ele>
      </trkpt>
      <trkpt lat="43.45557" lon="26.48287">
        <ele>357.96</ele>
      </trkpt>
      <trkpt lat="43.4556" lon="26.48288">
        <ele>358.0</ele>
      </trkpt>
      <trkpt lat="43.45563" lon="26.48288">
        <ele>357.93</ele>
      </trkpt>
      <trkpt lat="43.45566" lon="26.48289">
        <ele>357.99</ele>
      </trkpt>
      <trkpt lat="43.45569" lon="26.4829">
        <ele>358.05</ele>
      </trkpt>
      <trkpt lat="43.45571" lon="26.48291">
        <ele>358.14</ele>
      </trkpt>
      <trkpt lat="43.45574" lon="26.48292">
        <ele>358.21</ele>
      </trkpt>
      <trkpt lat="43.45576" lon="26.48292">
        <ele>358.18</ele>
      </trkpt>
      <trkpt lat="43.45579" lon="26.48293">
        <ele>358.26</ele>
      </trkpt>
      <trkpt lat="43.45581" lon="26.48293">
        <ele>358.23</ele>
      </trkpt>
      <trkpt lat="43.45584" lon="26.48294">
        <ele>358.25</ele>
      </trkpt>
      <trkpt lat="43.45586" lon="26.48295">
        <ele>358.13</ele>
      </trkpt>
      <trkpt lat="43.45588" lon="26.48296">
        <ele>358.01</ele>
      </trkpt>
      <trkpt lat="43.45591" lon="26.48297">
        <ele>357.75</ele>
      </trkpt>
      <trkpt lat="43.45593" lon="26.48298">
        <ele>357.61</ele>
      </trkpt>
      <trkpt lat="43.45596" lon="26.48299">
        <ele>357.34</ele>
      </trkpt>
      <trkpt lat="43.45599" lon="26.48301">
        <ele>357.18</ele>
      </trkpt>
      <trkpt lat="43.45602" lon="26.48303">
        <ele>357.01</ele>
      </trkpt>
      <trkpt lat="43.45605" lon="26.48304">
        <ele>356.7</ele>
      </trkpt>
      <trkpt lat="43.45607" lon="26.48306">
        <ele>356.67</ele>
      </trkpt>
      <trkpt lat="43.4561" lon="26.48307">
        <ele>356.42</ele>
      </trkpt>
      <trkpt lat="43.45612" lon="26.48308">
        <ele>356.3</ele>
      </trkpt>
      <trkpt lat="43.45614" lon="26.48308">
        <ele>356.0</ele>
      </trkpt>
      <trkpt lat="43.45617" lon="26.48307">
        <ele>355.38</ele>
      </trkpt>
      <trkpt lat="43.45619" lon="26.48306">
        <ele>354.93</ele>
      </trkpt>
      <trkpt lat="43.45621" lon="26.48305">
        <ele>354.54</ele>
      </trkpt>
      <trkpt lat="43.45623" lon="26.48303">
        <ele>354.13</ele>
      </trkpt>
      <trkpt lat="43.45626" lon="26.48302">
        <ele>353.68</ele>
      </trkpt>
      <trkpt lat="43.45629" lon="26.483">
        <ele>353.21</ele>
      </trkpt>
      <trkpt lat="43.45632" lon="26.48299">
        <ele>352.82</ele>
      </trkpt>
      <trkpt lat="43.45635" lon="26.48299">
        <ele>352.46</ele>
      </trkpt>
      <trkpt lat="43.45638" lon="26.48299">
        <ele>352.11</ele>
      </trkpt>
      <trkpt lat="43.45641" lon="26.48299">
        <ele>351.87</ele>
      </trkpt>
      <trkpt lat="43.45644" lon="26.48299">
        <ele>351.69</ele>
      </trkpt>
      <trkpt lat="43.45647" lon="26.483">
        <ele>351.53</ele>
      </trkpt>
      <trkpt lat="43.4565" lon="26.48301">
        <ele>351.4</ele>
      </trkpt>
      <trkpt lat="43.45652" lon="26.48302">
        <ele>351.35</ele>
      </trkpt>
      <trkpt lat="43.45656" lon="26.48303">
        <ele>351.21</ele>
      </trkpt>
      <trkpt lat="43.45659" lon="26.48304">
        <ele>351.15</ele>
      </trkpt>
      <trkpt lat="43.45662" lon="26.48304">
        <ele>351.03</ele>
      </trkpt>
      <trkpt lat="43.45665" lon="26.48305">
        <ele>351.0</ele>
      </trkpt>
      <trkpt lat="43.45669" lon="26.48307">
        <ele>351.06</ele>
      </trkpt>
      <trkpt lat="43.45673" lon="26.48308">
        <ele>351.11</ele>
      </trkpt>
      <trkpt lat="43.45676" lon="26.48309">
        <ele>351.17</ele>
      </trkpt>
      <trkpt lat="43.45679" lon="26.48311">
        <ele>351.28</ele>
      </trkpt>
      <trkpt lat="43.45682" lon="26.48312">
        <ele>351.36</ele>
      </trkpt>
      <trkpt lat="43.45685" lon="26.48313">
        <ele>351.44</ele>
      </trkpt>
      <trkpt lat="43.45687" lon="26.48314">
        <ele>351.53</ele>
      </trkpt>
      <trkpt lat="43.4569" lon="26.48315">
        <ele>351.63</ele>
      </trkpt>
      <trkpt lat="43.45693" lon="26.48316">
        <ele>351.73</ele>
      </trkpt>
      <trkpt lat="43.45696" lon="26.48316">
        <ele>351.62</ele>
      </trkpt>
      <trkpt lat="43.45698" lon="26.48316">
        <ele>351.45</ele>
      </trkpt>
      <trkpt lat="43.45701" lon="26.48317">
        <ele>351.25</ele>
      </trkpt>
      <trkpt lat="43.45704" lon="26.48316">
        <ele>350.93</ele>
      </trkpt>
      <trkpt lat="43.45707" lon="26.48315">
        <ele>350.62</ele>
      </trkpt>
      <trkpt lat="43.45709" lon="26.48314">
        <ele>350.4</ele>
      </trkpt>
      <trkpt lat="43.45712" lon="26.48314">
        <ele>350.15</ele>
      </trkpt>
      <trkpt lat="43.45714" lon="26.48313">
        <ele>349.94</ele>
      </trkpt>
      <trkpt lat="43.45717" lon="26.48312">
        <ele>349.65</ele>
      </trkpt>
      <trkpt lat="43.45719" lon="26.48312">
        <ele>349.49</ele>
      </trkpt>
      <trkpt lat="43.45722" lon="26.48312">
        <ele>349.25</ele>
      </trkpt>
      <trkpt lat="43.45724" lon="26.48312">
        <ele>349.15</ele>
      </trkpt>
      <trkpt lat="43.45727" lon="26.48312">
        <ele>349.01</ele>
      </trkpt>
      <trkpt lat="43.4573" lon="26.48313">
        <ele>348.93</ele>
      </trkpt>
      <trkpt lat="43.45733" lon="26.48313">
        <ele>348.8</ele>
      </trkpt>
      <trkpt lat="43.45736" lon="26.48315">
        <ele>348.85</ele>
      </trkpt>
      <trkpt lat="43.45739" lon="26.48316">
        <ele>348.85</ele>
      </trkpt>
      <trkpt lat="43.45741" lon="26.48317">
        <ele>348.9</ele>
      </trkpt>
      <trkpt lat="43.45744" lon="26.48318">
        <ele>348.93</ele>
      </trkpt>
      <trkpt lat="43.45747" lon="26.48319">
        <ele>349.0</ele>
      </trkpt>
      <trkpt lat="43.45749" lon="26.48319">
        <ele>348.96</ele>
      </trkpt>
      <trkpt lat="43.45751" lon="26.48319">
        <ele>348.9</ele>
      </trkpt>
      <trkpt lat="43.45754" lon="26.48318">
        <ele>348.66</ele>
      </trkpt>
      <trkpt lat="43.45757" lon="26.48317">
        <ele>348.44</ele>
      </trkpt>
      <trkpt lat="43.45759" lon="26.48316">
        <ele>348.26</ele>
      </trkpt>
      <trkpt lat="43.45762" lon="26.48314">
        <ele>347.95</ele>
      </trkpt>
      <trkpt lat="43.45765" lon="26.48313">
        <ele>347.78</ele>
      </trkpt>
      <trkpt lat="43.45768" lon="26.48312">
        <ele>347.63</ele>
      </trkpt>
      <trkpt lat="43.45771" lon="26.4831">
        <ele>347.4</ele>
      </trkpt>
      <trkpt lat="43.45774" lon="26.48309">
        <ele>347.28</ele>
      </trkpt>
      <trkpt lat="43.45776" lon="26.48307">
        <ele>347.11</ele>
      </trkpt>
      <trkpt lat="43.45779" lon="26.48306">
        <ele>346.86</ele>
      </trkpt>
      <trkpt lat="43.45781" lon="26.48304">
        <ele>346.31</ele>
      </trkpt>
      <trkpt lat="43.45783" lon="26.48302">
        <ele>345.74</ele>
      </trkpt>
      <trkpt lat="43.45785" lon="26.48299">
        <ele>345.02</ele>
      </trkpt>
      <trkpt lat="43.45787" lon="26.48297">
        <ele>344.44</ele>
      </trkpt>
      <trkpt lat="43.45789" lon="26.48295">
        <ele>343.86</ele>
      </trkpt>
      <trkpt lat="43.45792" lon="26.48293">
        <ele>343.14</ele>
      </trkpt>
      <trkpt lat="43.45795" lon="26.48291">
        <ele>342.42</ele>
      </trkpt>
      <trkpt lat="43.45798" lon="26.4829">
        <ele>341.85</ele>
      </trkpt>
      <trkpt lat="43.45801" lon="26.48289">
        <ele>341.27</ele>
      </trkpt>
      <trkpt lat="43.45804" lon="26.48288">
        <ele>340.7</ele>
      </trkpt>
      <trkpt lat="43.45807" lon="26.48287">
        <ele>340.19</ele>
      </trkpt>
      <trkpt lat="43.45811" lon="26.48287">
        <ele>339.81</ele>
      </trkpt>
      <trkpt lat="43.45814" lon="26.48287">
        <ele>339.52</ele>
      </trkpt>
      <trkpt lat="43.45817" lon="26.48287">
        <ele>339.23</ele>
      </trkpt>
      <trkpt lat="43.4582" lon="26.48288">
        <ele>339.1</ele>
      </trkpt>
      <trkpt lat="43.45822" lon="26.48289">
        <ele>339.08</ele>
      </trkpt>
      <trkpt lat="43.45825" lon="26.4829">
        <ele>338.97</ele>
      </trkpt>
      <trkpt lat="43.45827" lon="26.48292">
        <ele>339.13</ele>
      </trkpt>
      <trkpt lat="43.45829" lon="26.48294">
        <ele>339.3</ele>
      </trkpt>
      <trkpt lat="43.45832" lon="26.48295">
        <ele>339.21</ele>
      </trkpt>
      <trkpt lat="43.45834" lon="26.48297">
        <ele>339.36</ele>
      </trkpt>
      <trkpt lat="43.45836" lon="26.48299">
        <ele>339.41</ele>
      </trkpt>
      <trkpt lat="43.45838" lon="26.483">
        <ele>339.29</ele>
      </trkpt>
      <trkpt lat="43.4584" lon="26.48302">
        <ele>339.37</ele>
      </trkpt>
      <trkpt lat="43.45843" lon="26.48304">
        <ele>339.31</ele>
      </trkpt>
      <trkpt lat="43.45845" lon="26.48307">
        <ele>339.59</ele>
      </trkpt>
      <trkpt lat="43.45847" lon="26.48309">
        <ele>339.71</ele>
      </trkpt>
      <trkpt lat="43.45849" lon="26.48311">
        <ele>339.86</ele>
      </trkpt>
      <trkpt lat="43.45851" lon="26.48314">
        <ele>340.25</ele>
      </trkpt>
      <trkpt lat="43.45853" lon="26.48316">
        <ele>340.47</ele>
      </trkpt>
      <trkpt lat="43.45854" lon="26.48319">
        <ele>341.04</ele>
      </trkpt>
      <trkpt lat="43.45856" lon="26.48322">
        <ele>341.55</ele>
      </trkpt>
      <trkpt lat="43.45858" lon="26.48325">
        <ele>342.11</ele>
      </trkpt>
      <trkpt lat="43.4586" lon="26.48328">
        <ele>342.72</ele>
      </trkpt>
      <trkpt lat="43.45861" lon="26.48331">
        <ele>343.42</ele>
      </trkpt>
      <trkpt lat="43.45863" lon="26.48333">
        <ele>343.78</ele>
      </trkpt>
      <trkpt lat="43.45865" lon="26.48336">
        <ele>344.27</ele>
      </trkpt>
      <trkpt lat="43.45868" lon="26.48339">
        <ele>344.63</ele>
      </trkpt>
      <trkpt lat="43.4587" lon="26.48342">
        <ele>345.03</ele>
      </trkpt>
      <trkpt lat="43.45873" lon="26.48345">
        <ele>345.3</ele>
      </trkpt>
      <trkpt lat="43.45876" lon="26.48347">
        <ele>345.35</ele>
      </trkpt>
      <trkpt lat="43.45879" lon="26.4835">
        <ele>345.54</ele>
      </trkpt>
      <trkpt lat="43.45882" lon="26.48353">
        <ele>345.68</ele>
      </trkpt>
      <trkpt lat="43.45885" lon="26.48355">
        <ele>345.62</ele>
      </trkpt>
      <trkpt lat="43.45887" lon="26.48357">
        <ele>345.66</ele>
      </trkpt>
      <trkpt lat="43.4589" lon="26.4836">
        <ele>345.76</ele>
      </trkpt>
      <trkpt lat="43.45892" lon="26.48362">
        <ele>345.8</ele>
      </trkpt>
      <trkpt lat="43.45894" lon="26.48365">
        <ele>345.75</ele>
      </trkpt>
      <trkpt lat="43.45897" lon="26.48368">
        <ele>345.59</ele>
      </trkpt>
      <trkpt lat="43.45898" lon="26.4837">
        <ele>345.56</ele>
      </trkpt>
      <trkpt lat="43.459" lon="26.48373">
        <ele>345.46</ele>
      </trkpt>
      <trkpt lat="43.45901" lon="26.48376">
        <ele>345.43</ele>
      </trkpt>
      <trkpt lat="43.45902" lon="26.48379">
        <ele>345.4</ele>
      </trkpt>
      <trkpt lat="43.45902" lon="26.48382">
        <ele>345.45</ele>
      </trkpt>
      <trkpt lat="43.45903" lon="26.48385">
        <ele>345.41</ele>
      </trkpt>
      <trkpt lat="43.45904" lon="26.48388">
        <ele>345.35</ele>
      </trkpt>
      <trkpt lat="43.45905" lon="26.48391">
        <ele>345.35</ele>
      </trkpt>
      <trkpt lat="43.45906" lon="26.48395">
        <ele>345.42</ele>
      </trkpt>
      <trkpt lat="43.45908" lon="26.48398">
        <ele>345.39</ele>
      </trkpt>
      <trkpt lat="43.4591" lon="26.48402">
        <ele>345.44</ele>
      </trkpt>
      <trkpt lat="43.45911" lon="26.48406">
        <ele>345.59</ele>
      </trkpt>
      <trkpt lat="43.45913" lon="26.48409">
        <ele>345.65</ele>
      </trkpt>
      <trkpt lat="43.45916" lon="26.48412">
        <ele>345.7</ele>
      </trkpt>
      <trkpt lat="43.45918" lon="26.48415">
        <ele>345.66</ele>
      </trkpt>
      <trkpt lat="43.4592" lon="26.48417">
        <ele>345.35</ele>
      </trkpt>
      <trkpt lat="43.45923" lon="26.48419">
        <ele>344.54</ele>
      </trkpt>
      <trkpt lat="43.45925" lon="26.48421">
        <ele>343.92</ele>
      </trkpt>
      <trkpt lat="43.45928" lon="26.48423">
        <ele>343.14</ele>
      </trkpt>
      <trkpt lat="43.45931" lon="26.48424">
        <ele>342.5</ele>
      </trkpt>
      <trkpt lat="43.45935" lon="26.48426">
        <ele>341.58</ele>
      </trkpt>
      <trkpt lat="43.45938" lon="26.48427">
        <ele>340.96</ele>
      </trkpt>
      <trkpt lat="43.45941" lon="26.48427">
        <ele>340.46</ele>
      </trkpt>
      <trkpt lat="43.45944" lon="26.48428">
        <ele>339.85</ele>
      </trkpt>
      <trkpt lat="43.45945" lon="26.48428">
        <ele>339.75</ele>
      </trkpt>
      <trkpt lat="43.45947" lon="26.48427">
        <ele>339.77</ele>
      </trkpt>
      <trkpt lat="43.45949" lon="26.48426">
        <ele>339.77</ele>
      </trkpt>
      <trkpt lat="43.45951" lon="26.48425">
        <ele>339.77</ele>
      </trkpt>
      <trkpt lat="43.45953" lon="26.48423">
        <ele>339.84</ele>
      </trkpt>
      <trkpt lat="43.45956" lon="26.48421">
        <ele>339.83</ele>
      </trkpt>
      <trkpt lat="43.45958" lon="26.48419">
        <ele>339.85</ele>
      </trkpt>
      <trkpt lat="43.45961" lon="26.48417">
        <ele>339.79</ele>
      </trkpt>
      <trkpt lat="43.45963" lon="26.48415">
        <ele>339.74</ele>
      </trkpt>
      <trkpt lat="43.45966" lon="26.48413">
        <ele>339.57</ele>
      </trkpt>
      <trkpt lat="43.45968" lon="26.48412">
        <ele>339.41</ele>
      </trkpt>
      <trkpt lat="43.4597" lon="26.4841">
        <ele>339.24</ele>
      </trkpt>
      <trkpt lat="43.45972" lon="26.48409">
        <ele>339.02</ele>
      </trkpt>
      <trkpt lat="43.45974" lon="26.48407">
        <ele>338.75</ele>
      </trkpt>
      <trkpt lat="43.45976" lon="26.48406">
        <ele>338.48</ele>
      </trkpt>
      <trkpt lat="43.45978" lon="26.48404">
        <ele>338.24</ele>
      </trkpt>
      <trkpt lat="43.45981" lon="26.48403">
        <ele>337.89</ele>
      </trkpt>
      <trkpt lat="43.45983" lon="26.48401">
        <ele>337.72</ele>
      </trkpt>
      <trkpt lat="43.45985" lon="26.48399">
        <ele>337.58</ele>
      </trkpt>
      <trkpt lat="43.45988" lon="26.48398">
        <ele>337.31</ele>
      </trkpt>
      <trkpt lat="43.45991" lon="26.48397">
        <ele>337.06</ele>
      </trkpt>
      <trkpt lat="43.45994" lon="26.48396">
        <ele>336.83</ele>
      </trkpt>
      <trkpt lat="43.45997" lon="26.48394">
        <ele>336.72</ele>
      </trkpt>
      <trkpt lat="43.46" lon="26.48392">
        <ele>336.66</ele>
      </trkpt>
      <trkpt lat="43.46002" lon="26.48389">
        <ele>336.77</ele>
      </trkpt>
      <trkpt lat="43.46005" lon="26.48387">
        <ele>336.55</ele>
      </trkpt>
      <trkpt lat="43.46007" lon="26.48385">
        <ele>336.45</ele>
      </trkpt>
      <trkpt lat="43.46009" lon="26.48382">
        <ele>336.44</ele>
      </trkpt>
      <trkpt lat="43.46011" lon="26.48379">
        <ele>336.45</ele>
      </trkpt>
      <trkpt lat="43.46013" lon="26.48376">
        <ele>336.49</ele>
      </trkpt>
      <trkpt lat="43.46015" lon="26.48372">
        <ele>336.64</ele>
      </trkpt>
      <trkpt lat="43.46016" lon="26.48368">
        <ele>336.89</ele>
      </trkpt>
      <trkpt lat="43.46018" lon="26.48365">
        <ele>337.03</ele>
      </trkpt>
      <trkpt lat="43.46019" lon="26.48362">
        <ele>337.24</ele>
      </trkpt>
      <trkpt lat="43.46021" lon="26.4836">
        <ele>337.26</ele>
      </trkpt>
      <trkpt lat="43.46023" lon="26.48358">
        <ele>337.25</ele>
      </trkpt>
      <trkpt lat="43.46025" lon="26.48356">
        <ele>337.25</ele>
      </trkpt>
      <trkpt lat="43.46027" lon="26.48354">
        <ele>337.27</ele>
      </trkpt>
      <trkpt lat="43.46029" lon="26.48352">
        <ele>337.33</ele>
      </trkpt>
      <trkpt lat="43.46031" lon="26.48351">
        <ele>337.34</ele>
      </trkpt>
      <trkpt lat="43.46033" lon="26.48349">
        <ele>337.32</ele>
      </trkpt>
      <trkpt lat="43.46035" lon="26.48347">
        <ele>337.24</ele>
      </trkpt>
      <trkpt lat="43.46037" lon="26.48345">
        <ele>337.09</ele>
      </trkpt>
      <trkpt lat="43.46039" lon="26.48342">
        <ele>336.83</ele>
      </trkpt>
      <trkpt lat="43.4604" lon="26.4834">
        <ele>336.63</ele>
      </trkpt>
      <trkpt lat="43.46042" lon="26.48338">
        <ele>336.3</ele>
      </trkpt>
      <trkpt lat="43.46044" lon="26.48337">
        <ele>335.99</ele>
      </trkpt>
      <trkpt lat="43.46046" lon="26.48335">
        <ele>335.55</ele>
      </trkpt>
      <trkpt lat="43.46048" lon="26.48334">
        <ele>335.17</ele>
      </trkpt>
      <trkpt lat="43.46051" lon="26.48334">
        <ele>334.75</ele>
      </trkpt>
      <trkpt lat="43.46053" lon="26.48333">
        <ele>334.39</ele>
      </trkpt>
      <trkpt lat="43.46056" lon="26.48332">
        <ele>334.14</ele>
      </trkpt>
      <trkpt lat="43.46058" lon="26.48331">
        <ele>334.23</ele>
      </trkpt>
      <trkpt lat="43.46061" lon="26.48329">
        <ele>334.38</ele>
      </trkpt>
      <trkpt lat="43.46063" lon="26.48327">
        <ele>334.5</ele>
      </trkpt>
      <trkpt lat="43.46065" lon="26.48325">
        <ele>334.59</ele>
      </trkpt>
      <trkpt lat="43.46068" lon="26.48323">
        <ele>334.62</ele>
      </trkpt>
      <trkpt lat="43.4607" lon="26.4832">
        <ele>334.69</ele>
      </trkpt>
      <trkpt lat="43.46072" lon="26.48318">
        <ele>334.68</ele>
      </trkpt>
      <trkpt lat="43.46074" lon="26.48315">
        <ele>334.67</ele>
      </trkpt>
      <trkpt lat="43.46076" lon="26.48313">
        <ele>334.58</ele>
      </trkpt>
      <trkpt lat="43.46078" lon="26.48311">
        <ele>334.46</ele>
      </trkpt>
      <trkpt lat="43.46081" lon="26.48309">
        <ele>334.22</ele>
      </trkpt>
      <trkpt lat="43.46083" lon="26.48307">
        <ele>334.03</ele>
      </trkpt>
      <trkpt lat="43.46086" lon="26.48304">
        <ele>333.99</ele>
      </trkpt>
      <trkpt lat="43.46088" lon="26.48302">
        <ele>333.93</ele>
      </trkpt>
      <trkpt lat="43.46091" lon="26.483">
        <ele>334.03</ele>
      </trkpt>
      <trkpt lat="43.46093" lon="26.48298">
        <ele>334.08</ele>
      </trkpt>
      <trkpt lat="43.46095" lon="26.48297">
        <ele>334.25</ele>
      </trkpt>
      <trkpt lat="43.46097" lon="26.48295">
        <ele>334.4</ele>
      </trkpt>
      <trkpt lat="43.46099" lon="26.48294">
        <ele>334.64</ele>
      </trkpt>
      <trkpt lat="43.46101" lon="26.48293">
        <ele>334.9</ele>
      </trkpt>
      <trkpt lat="43.46104" lon="26.48291">
        <ele>335.34</ele>
      </trkpt>
      <trkpt lat="43.46106" lon="26.4829">
        <ele>335.68</ele>
      </trkpt>
      <trkpt lat="43.46109" lon="26.48289">
        <ele>336.22</ele>
      </trkpt>
      <trkpt lat="43.46111" lon="26.48287">
        <ele>336.65</ele>
      </trkpt>
      <trkpt lat="43.46114" lon="26.48286">
        <ele>336.9</ele>
      </trkpt>
      <trkpt lat="43.46117" lon="26.48284">
        <ele>337.13</ele>
      </trkpt>
      <trkpt lat="43.46118" lon="26.48283">
        <ele>337.2</ele>
      </trkpt>
      <trkpt lat="43.4612" lon="26.48282">
        <ele>337.31</ele>
      </trkpt>
      <trkpt lat="43.46122" lon="26.4828">
        <ele>337.41</ele>
      </trkpt>
      <trkpt lat="43.46124" lon="26.48279">
        <ele>337.48</ele>
      </trkpt>
      <trkpt lat="43.46125" lon="26.48277">
        <ele>337.32</ele>
      </trkpt>
      <trkpt lat="43.46127" lon="26.48275">
        <ele>336.97</ele>
      </trkpt>
      <trkpt lat="43.46128" lon="26.48273">
        <ele>336.62</ele>
      </trkpt>
      <trkpt lat="43.4613" lon="26.48271">
        <ele>336.4</ele>
      </trkpt>
      <trkpt lat="43.46132" lon="26.48269">
        <ele>336.26</ele>
      </trkpt>
      <trkpt lat="43.46134" lon="26.48266">
        <ele>336.03</ele>
      </trkpt>
      <trkpt lat="43.46136" lon="26.48264">
        <ele>336.05</ele>
      </trkpt>
      <trkpt lat="43.46139" lon="26.48262">
        <ele>336.27</ele>
      </trkpt>
      <trkpt lat="43.46141" lon="26.48259">
        <ele>335.49</ele>
      </trkpt>
      <trkpt lat="43.46143" lon="26.48257">
        <ele>334.79</ele>
      </trkpt>
      <trkpt lat="43.46145" lon="26.48255">
        <ele>334.08</ele>
      </trkpt>
      <trkpt lat="43.46147" lon="26.48253">
        <ele>333.34</ele>
      </trkpt>
      <trkpt lat="43.4615" lon="26.48252">
        <ele>332.47</ele>
      </trkpt>
      <trkpt lat="43.46152" lon="26.4825">
        <ele>331.7</ele>
      </trkpt>
      <trkpt lat="43.46154" lon="26.48248">
        <ele>331.03</ele>
      </trkpt>
      <trkpt lat="43.46157" lon="26.48246">
        <ele>330.23</ele>
      </trkpt>
      <trkpt lat="43.46159" lon="26.48245">
        <ele>329.76</ele>
      </trkpt>
      <trkpt lat="43.46162" lon="26.48243">
        <ele>329.13</ele>
      </trkpt>
      <trkpt lat="43.46165" lon="26.48242">
        <ele>328.59</ele>
      </trkpt>
      <trkpt lat="43.46167" lon="26.4824">
        <ele>328.32</ele>
      </trkpt>
      <trkpt lat="43.4617" lon="26.48239">
        <ele>328.01</ele>
      </trkpt>
      <trkpt lat="43.46172" lon="26.48238">
        <ele>327.8</ele>
      </trkpt>
      <trkpt lat="43.46175" lon="26.48238">
        <ele>327.44</ele>
      </trkpt>
      <trkpt lat="43.46177" lon="26.48237">
        <ele>327.2</ele>
      </trkpt>
      <trkpt lat="43.4618" lon="26.48237">
        <ele>326.83</ele>
      </trkpt>
      <trkpt lat="43.46182" lon="26.48238">
        <ele>326.61</ele>
      </trkpt>
      <trkpt lat="43.46185" lon="26.48238">
        <ele>326.26</ele>
      </trkpt>
      <trkpt lat="43.46187" lon="26.48239">
        <ele>326.06</ele>
      </trkpt>
      <trkpt lat="43.4619" lon="26.4824">
        <ele>325.77</ele>
      </trkpt>
      <trkpt lat="43.46192" lon="26.48241">
        <ele>325.61</ele>
      </trkpt>
      <trkpt lat="43.46195" lon="26.48242">
        <ele>325.5</ele>
      </trkpt>
      <trkpt lat="43.46197" lon="26.48244">
        <ele>325.88</ele>
      </trkpt>
      <trkpt lat="43.46199" lon="26.48246">
        <ele>326.25</ele>
      </trkpt>
      <trkpt lat="43.46202" lon="26.48248">
        <ele>326.71</ele>
      </trkpt>
      <trkpt lat="43.46204" lon="26.4825">
        <ele>327.03</ele>
      </trkpt>
      <trkpt lat="43.46206" lon="26.48252">
        <ele>327.58</ele>
      </trkpt>
      <trkpt lat="43.46208" lon="26.48255">
        <ele>328.28</ele>
      </trkpt>
      <trkpt lat="43.4621" lon="26.48258">
        <ele>328.96</ele>
      </trkpt>
      <trkpt lat="43.46211" lon="26.48262">
        <ele>329.69</ele>
      </trkpt>
      <trkpt lat="43.46213" lon="26.48265">
        <ele>330.34</ele>
      </trkpt>
      <trkpt lat="43.46215" lon="26.48268">
        <ele>330.98</ele>
      </trkpt>
      <trkpt lat="43.46217" lon="26.48271">
        <ele>331.6</ele>
      </trkpt>
      <trkpt lat="43.46218" lon="26.48274">
        <ele>332.13</ele>
      </trkpt>
      <trkpt lat="43.46219" lon="26.48278">
        <ele>332.78</ele>
      </trkpt>
      <trkpt lat="43.4622" lon="26.48281">
        <ele>333.08</ele>
      </trkpt>
      <trkpt lat="43.46221" lon="26.48284">
        <ele>333.37</ele>
      </trkpt>
      <trkpt lat="43.46221" lon="26.48287">
        <ele>333.59</ele>
      </trkpt>
      <trkpt lat="43.46222" lon="26.4829">
        <ele>333.87</ele>
      </trkpt>
      <trkpt lat="43.46223" lon="26.48294">
        <ele>334.14</ele>
      </trkpt>
      <trkpt lat="43.46223" lon="26.48299">
        <ele>334.49</ele>
      </trkpt>
      <trkpt lat="43.46224" lon="26.48303">
        <ele>334.7</ele>
      </trkpt>
      <trkpt lat="43.46225" lon="26.48308">
        <ele>334.89</ele>
      </trkpt>
      <trkpt lat="43.46225" lon="26.48312">
        <ele>335.03</ele>
      </trkpt>
      <trkpt lat="43.46225" lon="26.48317">
        <ele>335.21</ele>
      </trkpt>
      <trkpt lat="43.46225" lon="26.48321">
        <ele>335.36</ele>
      </trkpt>
      <trkpt lat="43.46225" lon="26.48325">
        <ele>335.5</ele>
      </trkpt>
      <trkpt lat="43.46225" lon="26.48329">
        <ele>335.64</ele>
      </trkpt>
      <trkpt lat="43.46226" lon="26.48332">
        <ele>335.68</ele>
      </trkpt>
      <trkpt lat="43.46226" lon="26.48335">
        <ele>335.61</ele>
      </trkpt>
      <trkpt lat="43.46227" lon="26.48338">
        <ele>335.32</ele>
      </trkpt>
      <trkpt lat="43.46228" lon="26.48342">
        <ele>334.96</ele>
      </trkpt>
      <trkpt lat="43.46229" lon="26.48346">
        <ele>334.6</ele>
      </trkpt>
      <trkpt lat="43.46231" lon="26.4835">
        <ele>334.17</ele>
      </trkpt>
      <trkpt lat="43.46232" lon="26.48353">
        <ele>333.88</ele>
      </trkpt>
      <trkpt lat="43.46233" lon="26.48357">
        <ele>333.52</ele>
      </trkpt>
      <trkpt lat="43.46234" lon="26.4836">
        <ele>333.23</ele>
      </trkpt>
      <trkpt lat="43.46235" lon="26.48364">
        <ele>333.25</ele>
      </trkpt>
      <trkpt lat="43.46236" lon="26.48367">
        <ele>333.33</ele>
      </trkpt>
      <trkpt lat="43.46237" lon="26.48371">
        <ele>333.44</ele>
      </trkpt>
      <trkpt lat="43.46237" lon="26.48374">
        <ele>333.59</ele>
      </trkpt>
      <trkpt lat="43.46238" lon="26.48377">
        <ele>333.61</ele>
      </trkpt>
      <trkpt lat="43.46238" lon="26.4838">
        <ele>333.75</ele>
      </trkpt>
      <trkpt lat="43.46239" lon="26.48383">
        <ele>333.73</ele>
      </trkpt>
      <trkpt lat="43.46239" lon="26.48386">
        <ele>333.86</ele>
      </trkpt>
      <trkpt lat="43.4624" lon="26.48389">
        <ele>333.78</ele>
      </trkpt>
      <trkpt lat="43.46242" lon="26.48392">
        <ele>332.96</ele>
      </trkpt>
      <trkpt lat="43.46243" lon="26.48395">
        <ele>332.32</ele>
      </trkpt>
      <trkpt lat="43.46245" lon="26.48397">
        <ele>331.68</ele>
      </trkpt>
      <trkpt lat="43.46246" lon="26.484">
        <ele>331.06</ele>
      </trkpt>
      <trkpt lat="43.46248" lon="26.48403">
        <ele>330.29</ele>
      </trkpt>
      <trkpt lat="43.4625" lon="26.48406">
        <ele>329.54</ele>
      </trkpt>
      <trkpt lat="43.46252" lon="26.48408">
        <ele>328.7</ele>
      </trkpt>
      <trkpt lat="43.46254" lon="26.48411">
        <ele>327.75</ele>
      </trkpt>
      <trkpt lat="43.46256" lon="26.48413">
        <ele>326.96</ele>
      </trkpt>
      <trkpt lat="43.46258" lon="26.48416">
        <ele>326.07</ele>
      </trkpt>
      <trkpt lat="43.4626" lon="26.48418">
        <ele>325.31</ele>
      </trkpt>
      <trkpt lat="43.46261" lon="26.48421">
        <ele>324.67</ele>
      </trkpt>
      <trkpt lat="43.46263" lon="26.48423">
        <ele>323.92</ele>
      </trkpt>
      <trkpt lat="43.46265" lon="26.48426">
        <ele>323.06</ele>
      </trkpt>
      <trkpt lat="43.46267" lon="26.48429">
        <ele>322.21</ele>
      </trkpt>
      <trkpt lat="43.46269" lon="26.48432">
        <ele>321.38</ele>
      </trkpt>
      <trkpt lat="43.46271" lon="26.48435">
        <ele>320.57</ele>
      </trkpt>
      <trkpt lat="43.46273" lon="26.48438">
        <ele>319.77</ele>
      </trkpt>
      <trkpt lat="43.46275" lon="26.48441">
        <ele>318.98</ele>
      </trkpt>
      <trkpt lat="43.46277" lon="26.48445">
        <ele>318.11</ele>
      </trkpt>
      <trkpt lat="43.46279" lon="26.48448">
        <ele>317.27</ele>
      </trkpt>
      <trkpt lat="43.4628" lon="26.48451">
        <ele>316.67</ele>
      </trkpt>
      <trkpt lat="43.46281" lon="26.48454">
        <ele>316.08</ele>
      </trkpt>
      <trkpt lat="43.46283" lon="26.48457">
        <ele>315.22</ele>
      </trkpt>
      <trkpt lat="43.46284" lon="26.4846">
        <ele>314.65</ele>
      </trkpt>
      <trkpt lat="43.46286" lon="26.48463">
        <ele>313.83</ele>
      </trkpt>
      <trkpt lat="43.46287" lon="26.48467">
        <ele>313.18</ele>
      </trkpt>
      <trkpt lat="43.46288" lon="26.4847">
        <ele>312.63</ele>
      </trkpt>
      <trkpt lat="43.46289" lon="26.48473">
        <ele>312.04</ele>
      </trkpt>
      <trkpt lat="43.4629" lon="26.48476">
        <ele>311.28</ele>
      </trkpt>
      <trkpt lat="43.46291" lon="26.48479">
        <ele>310.55</ele>
      </trkpt>
      <trkpt lat="43.46292" lon="26.48482">
        <ele>309.84</ele>
      </trkpt>
      <trkpt lat="43.46293" lon="26.48485">
        <ele>309.16</ele>
      </trkpt>
      <trkpt lat="43.46294" lon="26.48489">
        <ele>308.35</ele>
      </trkpt>
      <trkpt lat="43.46295" lon="26.48492">
        <ele>307.71</ele>
      </trkpt>
      <trkpt lat="43.46295" lon="26.48495">
        <ele>307.27</ele>
      </trkpt>
      <trkpt lat="43.46295" lon="26.48498">
        <ele>306.82</ele>
      </trkpt>
      <trkpt lat="43.46295" lon="26.48501">
        <ele>306.41</ele>
      </trkpt>
      <trkpt lat="43.46294" lon="26.48504">
        <ele>306.2</ele>
      </trkpt>
      <trkpt lat="43.46293" lon="26.48507">
        <ele>305.96</ele>
      </trkpt>
      <trkpt lat="43.46291" lon="26.48509">
        <ele>305.94</ele>
      </trkpt>
      <trkpt lat="43.4629" lon="26.48512">
        <ele>305.65</ele>
      </trkpt>
      <trkpt lat="43.46288" lon="26.48514">
        <ele>305.56</ele>
      </trkpt>
      <trkpt lat="43.46287" lon="26.48517">
        <ele>305.22</ele>
      </trkpt>
      <trkpt lat="43.46286" lon="26.48519">
        <ele>305.0</ele>
      </trkpt>
      <trkpt lat="43.46286" lon="26.48522">
        <ele>304.56</ele>
      </trkpt>
      <trkpt lat="43.46285" lon="26.48524">
        <ele>304.31</ele>
      </trkpt>
      <trkpt lat="43.46285" lon="26.48526">
        <ele>304.01</ele>
      </trkpt>
      <trkpt lat="43.46285" lon="26.48527">
        <ele>303.86</ele>
      </trkpt>
      <trkpt lat="43.46284" lon="26.48529">
        <ele>303.75</ele>
      </trkpt>
      <trkpt lat="43.46284" lon="26.4853">
        <ele>303.73</ele>
      </trkpt>
      <trkpt lat="43.46284" lon="26.48532">
        <ele>303.69</ele>
      </trkpt>
      <trkpt lat="43.46283" lon="26.48534">
        <ele>303.67</ele>
      </trkpt>
      <trkpt lat="43.46283" lon="26.48534">
        <ele>303.67</ele>
      </trkpt>
      <trkpt lat="43.46283" lon="26.48535">
        <ele>303.65</ele>
      </trkpt>
      <trkpt lat="43.46282" lon="26.48536">
        <ele>303.64</ele>
      </trkpt>
      <trkpt lat="43.46281" lon="26.48537">
        <ele>303.63</ele>
      </trkpt>
      <trkpt lat="43.4628" lon="26.48538">
        <ele>303.61</ele>
      </trkpt>
      <trkpt lat="43.4628" lon="26.48539">
        <ele>303.58</ele>
      </trkpt>
      <trkpt lat="43.46279" lon="26.4854">
        <ele>303.55</ele>
      </trkpt>
      <trkpt lat="43.46278" lon="26.48541">
        <ele>303.52</ele>
      </trkpt>
      <trkpt lat="43.46278" lon="26.48543">
        <ele>303.45</ele>
      </trkpt>
      <trkpt lat="43.46277" lon="26.48544">
        <ele>303.36</ele>
      </trkpt>
      <trkpt lat="43.46277" lon="26.48547">
        <ele>303.24</ele>
      </trkpt>
      <trkpt lat="43.46276" lon="26.48549">
        <ele>303.07</ele>
      </trkpt>
      <trkpt lat="43.46276" lon="26.48551">
        <ele>302.99</ele>
      </trkpt>
      <trkpt lat="43.46277" lon="26.48553">
        <ele>303.01</ele>
      </trkpt>
      <trkpt lat="43.46277" lon="26.48555">
        <ele>302.94</ele>
      </trkpt>
      <trkpt lat="43.46277" lon="26.48558">
        <ele>303.1</ele>
      </trkpt>
      <trkpt lat="43.46278" lon="26.48559">
        <ele>303.26</ele>
      </trkpt>
      <trkpt lat="43.46278" lon="26.48561">
        <ele>303.4</ele>
      </trkpt>
      <trkpt lat="43.46279" lon="26.48561">
        <ele>303.45</ele>
      </trkpt>
      <trkpt lat="43.4628" lon="26.48562">
        <ele>303.58</ele>
      </trkpt>
      <trkpt lat="43.46281" lon="26.48563">
        <ele>303.71</ele>
      </trkpt>
      <trkpt lat="43.46283" lon="26.48564">
        <ele>303.91</ele>
      </trkpt>
      <trkpt lat="43.46284" lon="26.48565">
        <ele>304.06</ele>
      </trkpt>
      <trkpt lat="43.46286" lon="26.48566">
        <ele>304.27</ele>
      </trkpt>
      <trkpt lat="43.46286" lon="26.48567">
        <ele>304.36</ele>
      </trkpt>
      <trkpt lat="43.46287" lon="26.48569">
        <ele>304.62</ele>
      </trkpt>
      <trkpt lat="43.46288" lon="26.48571">
        <ele>304.89</ele>
      </trkpt>
      <trkpt lat="43.46289" lon="26.48573">
        <ele>305.17</ele>
      </trkpt>
      <trkpt lat="43.4629" lon="26.48574">
        <ele>305.35</ele>
      </trkpt>
      <trkpt lat="43.4629" lon="26.48576">
        <ele>305.56</ele>
      </trkpt>
      <trkpt lat="43.46292" lon="26.48577">
        <ele>305.85</ele>
      </trkpt>
      <trkpt lat="43.46293" lon="26.48579">
        <ele>306.16</ele>
      </trkpt>
      <trkpt lat="43.46294" lon="26.4858">
        <ele>306.37</ele>
      </trkpt>
      <trkpt lat="43.46296" lon="26.4858">
        <ele>306.57</ele>
      </trkpt>
      <trkpt lat="43.46297" lon="26.4858">
        <ele>306.67</ele>
      </trkpt>
      <trkpt lat="43.46299" lon="26.4858">
        <ele>306.87</ele>
      </trkpt>
      <trkpt lat="43.46301" lon="26.4858">
        <ele>307.07</ele>
      </trkpt>
      <trkpt lat="43.46302" lon="26.4858">
        <ele>307.17</ele>
      </trkpt>
      <trkpt lat="43.46304" lon="26.48579">
        <ele>307.23</ele>
      </trkpt>
      <trkpt lat="43.46306" lon="26.48579">
        <ele>307.38</ele>
      </trkpt>
      <trkpt lat="43.46308" lon="26.48578">
        <ele>307.23</ele>
      </trkpt>
      <trkpt lat="43.4631" lon="26.48578">
        <ele>307.23</ele>
      </trkpt>
      <trkpt lat="43.46313" lon="26.48577">
        <ele>307.09</ele>
      </trkpt>
      <trkpt lat="43.46315" lon="26.48577">
        <ele>307.09</ele>
      </trkpt>
      <trkpt lat="43.46318" lon="26.48576">
        <ele>306.94</ele>
      </trkpt>
      <trkpt lat="43.46321" lon="26.48576">
        <ele>306.94</ele>
      </trkpt>
      <trkpt lat="43.46323" lon="26.48575">
        <ele>306.8</ele>
      </trkpt>
      <trkpt lat="43.46326" lon="26.48574">
        <ele>306.66</ele>
      </trkpt>
      <trkpt lat="43.46329" lon="26.48573">
        <ele>306.51</ele>
      </trkpt>
      <trkpt lat="43.46331" lon="26.48572">
        <ele>306.37</ele>
      </trkpt>
      <trkpt lat="43.46333" lon="26.48571">
        <ele>306.22</ele>
      </trkpt>
      <trkpt lat="43.46336" lon="26.4857">
        <ele>306.32</ele>
      </trkpt>
      <trkpt lat="43.46337" lon="26.48568">
        <ele>306.13</ele>
      </trkpt>
      <trkpt lat="43.46339" lon="26.48565">
        <ele>305.9</ele>
      </trkpt>
      <trkpt lat="43.46341" lon="26.48563">
        <ele>305.83</ele>
      </trkpt>
      <trkpt lat="43.46342" lon="26.4856">
        <ele>305.53</ele>
      </trkpt>
      <trkpt lat="43.46343" lon="26.48557">
        <ele>305.23</ele>
      </trkpt>
      <trkpt lat="43.46345" lon="26.48554">
        <ele>305.21</ele>
      </trkpt>
      <trkpt lat="43.46346" lon="26.48551">
        <ele>305.22</ele>
      </trkpt>
      <trkpt lat="43.46347" lon="26.48548">
        <ele>305.21</ele>
      </trkpt>
      <trkpt lat="43.46348" lon="26.48544">
        <ele>305.14</ele>
      </trkpt>
      <trkpt lat="43.46348" lon="26.48541">
        <ele>305.03</ele>
      </trkpt>
      <trkpt lat="43.46349" lon="26.48537">
        <ele>304.94</ele>
      </trkpt>
      <trkpt lat="43.4635" lon="26.48534">
        <ele>304.87</ele>
      </trkpt>
      <trkpt lat="43.46351" lon="26.48531">
        <ele>304.78</ele>
      </trkpt>
      <trkpt lat="43.46352" lon="26.48528">
        <ele>304.68</ele>
      </trkpt>
      <trkpt lat="43.46352" lon="26.48525">
        <ele>304.57</ele>
      </trkpt>
      <trkpt lat="43.46353" lon="26.48521">
        <ele>304.46</ele>
      </trkpt>
      <trkpt lat="43.46353" lon="26.48518">
        <ele>304.36</ele>
      </trkpt>
      <trkpt lat="43.46354" lon="26.48515">
        <ele>304.28</ele>
      </trkpt>
      <trkpt lat="43.46354" lon="26.48512">
        <ele>304.18</ele>
      </trkpt>
      <trkpt lat="43.46355" lon="26.48509">
        <ele>304.1</ele>
      </trkpt>
      <trkpt lat="43.46355" lon="26.48506">
        <ele>304.0</ele>
      </trkpt>
      <trkpt lat="43.46356" lon="26.48503">
        <ele>303.92</ele>
      </trkpt>
      <trkpt lat="43.46357" lon="26.48501">
        <ele>303.89</ele>
      </trkpt>
      <trkpt lat="43.46358" lon="26.48498">
        <ele>303.83</ele>
      </trkpt>
      <trkpt lat="43.46359" lon="26.48496">
        <ele>303.8</ele>
      </trkpt>
      <trkpt lat="43.4636" lon="26.48494">
        <ele>303.76</ele>
      </trkpt>
      <trkpt lat="43.46361" lon="26.48492">
        <ele>303.71</ele>
      </trkpt>
      <trkpt lat="43.46361" lon="26.4849">
        <ele>303.64</ele>
      </trkpt>
      <trkpt lat="43.46362" lon="26.48488">
        <ele>303.71</ele>
      </trkpt>
      <trkpt lat="43.46363" lon="26.48485">
        <ele>303.76</ele>
      </trkpt>
      <trkpt lat="43.46364" lon="26.48484">
        <ele>303.88</ele>
      </trkpt>
      <trkpt lat="43.46366" lon="26.48482">
        <ele>304.12</ele>
      </trkpt>
      <trkpt lat="43.46367" lon="26.4848">
        <ele>304.19</ele>
      </trkpt>
      <trkpt lat="43.46368" lon="26.48479">
        <ele>304.3</ele>
      </trkpt>
      <trkpt lat="43.4637" lon="26.48478">
        <ele>304.55</ele>
      </trkpt>
      <trkpt lat="43.46371" lon="26.48477">
        <ele>304.66</ele>
      </trkpt>
      <trkpt lat="43.46372" lon="26.48475">
        <ele>304.71</ele>
      </trkpt>
      <trkpt lat="43.46373" lon="26.48473">
        <ele>304.75</ele>
      </trkpt>
      <trkpt lat="43.46374" lon="26.48471">
        <ele>304.79</ele>
      </trkpt>
      <trkpt lat="43.46374" lon="26.48469">
        <ele>304.68</ele>
      </trkpt>
      <trkpt lat="43.46374" lon="26.48466">
        <ele>304.51</ele>
      </trkpt>
      <trkpt lat="43.46374" lon="26.48463">
        <ele>304.35</ele>
      </trkpt>
      <trkpt lat="43.46374" lon="26.48459">
        <ele>304.12</ele>
      </trkpt>
      <trkpt lat="43.46374" lon="26.48456">
        <ele>303.96</ele>
      </trkpt>
      <trkpt lat="43.46374" lon="26.48452">
        <ele>303.74</ele>
      </trkpt>
      <trkpt lat="43.46375" lon="26.48449">
        <ele>303.75</ele>
      </trkpt>
      <trkpt lat="43.46375" lon="26.48446">
        <ele>303.58</ele>
      </trkpt>
      <trkpt lat="43.46376" lon="26.48442">
        <ele>303.73</ele>
      </trkpt>
      <trkpt lat="43.46376" lon="26.48439">
        <ele>303.8</ele>
      </trkpt>
      <trkpt lat="43.46377" lon="26.48436">
        <ele>304.08</ele>
      </trkpt>
      <trkpt lat="43.46378" lon="26.48434">
        <ele>304.35</ele>
      </trkpt>
      <trkpt lat="43.46379" lon="26.48431">
        <ele>304.67</ele>
      </trkpt>
      <trkpt lat="43.4638" lon="26.48429">
        <ele>304.98</ele>
      </trkpt>
      <trkpt lat="43.46381" lon="26.48427">
        <ele>305.3</ele>
      </trkpt>
      <trkpt lat="43.46383" lon="26.48426">
        <ele>305.85</ele>
      </trkpt>
      <trkpt lat="43.46384" lon="26.48424">
        <ele>306.2</ele>
      </trkpt>
      <trkpt lat="43.46386" lon="26.48423">
        <ele>306.78</ele>
      </trkpt>
      <trkpt lat="43.46387" lon="26.48422">
        <ele>307.11</ele>
      </trkpt>
      <trkpt lat="43.46389" lon="26.48421">
        <ele>307.72</ele>
      </trkpt>
      <trkpt lat="43.4639" lon="26.4842">
        <ele>308.08</ele>
      </trkpt>
      <trkpt lat="43.46392" lon="26.48418">
        <ele>308.8</ele>
      </trkpt>
      <trkpt lat="43.46393" lon="26.48417">
        <ele>309.16</ele>
      </trkpt>
      <trkpt lat="43.46395" lon="26.48416">
        <ele>309.77</ele>
      </trkpt>
      <trkpt lat="43.46397" lon="26.48415">
        <ele>310.35</ele>
      </trkpt>
      <trkpt lat="43.46399" lon="26.48414">
        <ele>310.95</ele>
      </trkpt>
      <trkpt lat="43.46401" lon="26.48413">
        <ele>311.55</ele>
      </trkpt>
      <trkpt lat="43.46402" lon="26.48412">
        <ele>311.86</ele>
      </trkpt>
      <trkpt lat="43.46404" lon="26.48411">
        <ele>312.46</ele>
      </trkpt>
      <trkpt lat="43.46406" lon="26.48411">
        <ele>313.05</ele>
      </trkpt>
      <trkpt lat="43.46408" lon="26.4841">
        <ele>313.67</ele>
      </trkpt>
      <trkpt lat="43.46409" lon="26.4841">
        <ele>313.97</ele>
      </trkpt>
      <trkpt lat="43.46411" lon="26.48409">
        <ele>314.59</ele>
      </trkpt>
      <trkpt lat="43.46412" lon="26.48408">
        <ele>314.92</ele>
      </trkpt>
      <trkpt lat="43.46414" lon="26.48408">
        <ele>315.51</ele>
      </trkpt>
      <trkpt lat="43.46415" lon="26.48407">
        <ele>315.85</ele>
      </trkpt>
      <trkpt lat="43.46416" lon="26.48406">
        <ele>316.18</ele>
      </trkpt>
      <trkpt lat="43.46418" lon="26.48405">
        <ele>316.7</ele>
      </trkpt>
      <trkpt lat="43.46419" lon="26.48404">
        <ele>316.93</ele>
      </trkpt>
      <trkpt lat="43.4642" lon="26.48403">
        <ele>317.15</ele>
      </trkpt>
      <trkpt lat="43.46421" lon="26.48403">
        <ele>317.35</ele>
      </trkpt>
      <trkpt lat="43.46423" lon="26.48402">
        <ele>317.76</ele>
      </trkpt>
      <trkpt lat="43.46424" lon="26.48401">
        <ele>317.97</ele>
      </trkpt>
      <trkpt lat="43.46426" lon="26.48399">
        <ele>318.35</ele>
      </trkpt>
      <trkpt lat="43.46428" lon="26.48398">
        <ele>318.71</ele>
      </trkpt>
      <trkpt lat="43.46429" lon="26.48396">
        <ele>318.86</ele>
      </trkpt>
      <trkpt lat="43.46431" lon="26.48395">
        <ele>319.18</ele>
      </trkpt>
      <trkpt lat="43.46433" lon="26.48392">
        <ele>319.44</ele>
      </trkpt>
      <trkpt lat="43.46434" lon="26.4839">
        <ele>319.53</ele>
      </trkpt>
      <trkpt lat="43.46436" lon="26.48388">
        <ele>319.7</ele>
      </trkpt>
      <trkpt lat="43.46437" lon="26.48385">
        <ele>319.55</ele>
      </trkpt>
      <trkpt lat="43.46439" lon="26.48383">
        <ele>319.62</ele>
      </trkpt>
      <trkpt lat="43.4644" lon="26.4838">
        <ele>319.45</ele>
      </trkpt>
      <trkpt lat="43.46441" lon="26.48378">
        <ele>319.38</ele>
      </trkpt>
      <trkpt lat="43.46443" lon="26.48376">
        <ele>319.42</ele>
      </trkpt>
      <trkpt lat="43.46444" lon="26.48373">
        <ele>319.23</ele>
      </trkpt>
      <trkpt lat="43.46445" lon="26.48371">
        <ele>319.12</ele>
      </trkpt>
      <trkpt lat="43.46446" lon="26.48369">
        <ele>318.98</ele>
      </trkpt>
      <trkpt lat="43.46448" lon="26.48366">
        <ele>318.81</ele>
      </trkpt>
      <trkpt lat="43.46449" lon="26.48364">
        <ele>318.66</ele>
      </trkpt>
      <trkpt lat="43.4645" lon="26.48362">
        <ele>318.5</ele>
      </trkpt>
      <trkpt lat="43.46452" lon="26.48359">
        <ele>318.47</ele>
      </trkpt>
      <trkpt lat="43.46453" lon="26.48357">
        <ele>318.47</ele>
      </trkpt>
      <trkpt lat="43.46454" lon="26.48354">
        <ele>318.43</ele>
      </trkpt>
      <trkpt lat="43.46455" lon="26.48352">
        <ele>318.43</ele>
      </trkpt>
      <trkpt lat="43.46457" lon="26.48349">
        <ele>318.47</ele>
      </trkpt>
      <trkpt lat="43.46458" lon="26.48346">
        <ele>318.43</ele>
      </trkpt>
      <trkpt lat="43.46459" lon="26.48344">
        <ele>318.43</ele>
      </trkpt>
      <trkpt lat="43.4646" lon="26.48341">
        <ele>318.4</ele>
      </trkpt>
      <trkpt lat="43.46461" lon="26.48338">
        <ele>318.36</ele>
      </trkpt>
      <trkpt lat="43.46462" lon="26.48336">
        <ele>318.36</ele>
      </trkpt>
      <trkpt lat="43.46463" lon="26.48333">
        <ele>318.34</ele>
      </trkpt>
      <trkpt lat="43.46464" lon="26.4833">
        <ele>318.49</ele>
      </trkpt>
      <trkpt lat="43.46465" lon="26.48328">
        <ele>318.62</ele>
      </trkpt>
      <trkpt lat="43.46466" lon="26.48325">
        <ele>318.78</ele>
      </trkpt>
      <trkpt lat="43.46467" lon="26.48322">
        <ele>318.96</ele>
      </trkpt>
      <trkpt lat="43.46468" lon="26.4832">
        <ele>319.1</ele>
      </trkpt>
      <trkpt lat="43.46468" lon="26.48317">
        <ele>319.19</ele>
      </trkpt>
      <trkpt lat="43.46469" lon="26.48315">
        <ele>319.35</ele>
      </trkpt>
      <trkpt lat="43.46469" lon="26.48312">
        <ele>319.45</ele>
      </trkpt>
      <trkpt lat="43.4647" lon="26.48309">
        <ele>319.65</ele>
      </trkpt>
      <trkpt lat="43.46471" lon="26.48306">
        <ele>319.85</ele>
      </trkpt>
      <trkpt lat="43.46471" lon="26.48302">
        <ele>320.0</ele>
      </trkpt>
      <trkpt lat="43.46472" lon="26.48299">
        <ele>320.21</ele>
      </trkpt>
      <trkpt lat="43.46473" lon="26.48296">
        <ele>320.44</ele>
      </trkpt>
      <trkpt lat="43.46473" lon="26.48293">
        <ele>320.55</ele>
      </trkpt>
      <trkpt lat="43.46474" lon="26.4829">
        <ele>320.79</ele>
      </trkpt>
      <trkpt lat="43.46474" lon="26.48287">
        <ele>320.9</ele>
      </trkpt>
      <trkpt lat="43.46475" lon="26.48284">
        <ele>321.15</ele>
      </trkpt>
      <trkpt lat="43.46475" lon="26.48281">
        <ele>321.27</ele>
      </trkpt>
      <trkpt lat="43.46476" lon="26.48277">
        <ele>321.55</ele>
      </trkpt>
      <trkpt lat="43.46476" lon="26.48274">
        <ele>321.56</ele>
      </trkpt>
      <trkpt lat="43.46476" lon="26.48271">
        <ele>321.58</ele>
      </trkpt>
      <trkpt lat="43.46477" lon="26.48267">
        <ele>321.75</ele>
      </trkpt>
      <trkpt lat="43.46477" lon="26.48264">
        <ele>321.77</ele>
      </trkpt>
      <trkpt lat="43.46477" lon="26.48261">
        <ele>321.79</ele>
      </trkpt>
      <trkpt lat="43.46478" lon="26.48257">
        <ele>321.99</ele>
      </trkpt>
      <trkpt lat="43.46478" lon="26.48254">
        <ele>322.01</ele>
      </trkpt>
      <trkpt lat="43.46479" lon="26.4825">
        <ele>322.22</ele>
      </trkpt>
      <trkpt lat="43.46479" lon="26.48247">
        <ele>322.09</ele>
      </trkpt>
      <trkpt lat="43.4648" lon="26.48243">
        <ele>322.08</ele>
      </trkpt>
      <trkpt lat="43.4648" lon="26.4824">
        <ele>321.94</ele>
      </trkpt>
      <trkpt lat="43.46481" lon="26.48236">
        <ele>321.92</ele>
      </trkpt>
      <trkpt lat="43.46482" lon="26.48233">
        <ele>321.93</ele>
      </trkpt>
      <trkpt lat="43.46483" lon="26.4823">
        <ele>321.94</ele>
      </trkpt>
      <trkpt lat="43.46484" lon="26.48227">
        <ele>321.94</ele>
      </trkpt>
      <trkpt lat="43.46486" lon="26.48224">
        <ele>322.08</ele>
      </trkpt>
      <trkpt lat="43.46487" lon="26.48221">
        <ele>322.09</ele>
      </trkpt>
      <trkpt lat="43.46489" lon="26.48219">
        <ele>322.32</ele>
      </trkpt>
      <trkpt lat="43.46491" lon="26.48216">
        <ele>322.56</ele>
      </trkpt>
      <trkpt lat="43.46493" lon="26.48214">
        <ele>322.84</ele>
      </trkpt>
      <trkpt lat="43.46495" lon="26.48213">
        <ele>323.16</ele>
      </trkpt>
      <trkpt lat="43.46497" lon="26.48211">
        <ele>323.48</ele>
      </trkpt>
      <trkpt lat="43.46499" lon="26.4821">
        <ele>323.82</ele>
      </trkpt>
      <trkpt lat="43.46501" lon="26.48208">
        <ele>324.2</ele>
      </trkpt>
      <trkpt lat="43.46502" lon="26.48207">
        <ele>324.39</ele>
      </trkpt>
      <trkpt lat="43.46504" lon="26.48205">
        <ele>324.77</ele>
      </trkpt>
      <trkpt lat="43.46506" lon="26.48204">
        <ele>325.15</ele>
      </trkpt>
      <trkpt lat="43.46508" lon="26.48203">
        <ele>325.53</ele>
      </trkpt>
      <trkpt lat="43.4651" lon="26.48201">
        <ele>325.88</ele>
      </trkpt>
      <trkpt lat="43.46512" lon="26.482">
        <ele>326.25</ele>
      </trkpt>
      <trkpt lat="43.46514" lon="26.48199">
        <ele>326.6</ele>
      </trkpt>
      <trkpt lat="43.46516" lon="26.48198">
        <ele>326.95</ele>
      </trkpt>
      <trkpt lat="43.46518" lon="26.48196">
        <ele>327.28</ele>
      </trkpt>
      <trkpt lat="43.4652" lon="26.48195">
        <ele>327.61</ele>
      </trkpt>
      <trkpt lat="43.46522" lon="26.48194">
        <ele>327.95</ele>
      </trkpt>
      <trkpt lat="43.46524" lon="26.48193">
        <ele>328.28</ele>
      </trkpt>
      <trkpt lat="43.46526" lon="26.48192">
        <ele>328.6</ele>
      </trkpt>
      <trkpt lat="43.46527" lon="26.48191">
        <ele>328.74</ele>
      </trkpt>
      <trkpt lat="43.46529" lon="26.4819">
        <ele>329.13</ele>
      </trkpt>
      <trkpt lat="43.46531" lon="26.48189">
        <ele>329.57</ele>
      </trkpt>
      <trkpt lat="43.46532" lon="26.48188">
        <ele>329.76</ele>
      </trkpt>
      <trkpt lat="43.46534" lon="26.48187">
        <ele>330.18</ele>
      </trkpt>
      <trkpt lat="43.46536" lon="26.48186">
        <ele>330.59</ele>
      </trkpt>
      <trkpt lat="43.46537" lon="26.48184">
        <ele>330.7</ele>
      </trkpt>
      <trkpt lat="43.46539" lon="26.48183">
        <ele>331.08</ele>
      </trkpt>
      <trkpt lat="43.46541" lon="26.48182">
        <ele>331.46</ele>
      </trkpt>
      <trkpt lat="43.46542" lon="26.48181">
        <ele>331.6</ele>
      </trkpt>
      <trkpt lat="43.46544" lon="26.4818">
        <ele>331.96</ele>
      </trkpt>
      <trkpt lat="43.46546" lon="26.48179">
        <ele>332.31</ele>
      </trkpt>
      <trkpt lat="43.46548" lon="26.48178">
        <ele>332.64</ele>
      </trkpt>
      <trkpt lat="43.4655" lon="26.48177">
        <ele>332.97</ele>
      </trkpt>
      <trkpt lat="43.46552" lon="26.48176">
        <ele>333.28</ele>
      </trkpt>
      <trkpt lat="43.46554" lon="26.48175">
        <ele>333.59</ele>
      </trkpt>
      <trkpt lat="43.46556" lon="26.48174">
        <ele>333.88</ele>
      </trkpt>
      <trkpt lat="43.46558" lon="26.48172">
        <ele>334.07</ele>
      </trkpt>
      <trkpt lat="43.4656" lon="26.48171">
        <ele>334.38</ele>
      </trkpt>
      <trkpt lat="43.46562" lon="26.4817">
        <ele>334.7</ele>
      </trkpt>
      <trkpt lat="43.46564" lon="26.48168">
        <ele>334.94</ele>
      </trkpt>
      <trkpt lat="43.46566" lon="26.48167">
        <ele>335.28</ele>
      </trkpt>
      <trkpt lat="43.46567" lon="26.48165">
        <ele>335.51</ele>
      </trkpt>
      <trkpt lat="43.46569" lon="26.48164">
        <ele>335.95</ele>
      </trkpt>
      <trkpt lat="43.46571" lon="26.48163">
        <ele>336.39</ele>
      </trkpt>
      <trkpt lat="43.46573" lon="26.48161">
        <ele>336.84</ele>
      </trkpt>
      <trkpt lat="43.46575" lon="26.4816">
        <ele>337.27</ele>
      </trkpt>
      <trkpt lat="43.46577" lon="26.48159">
        <ele>337.69</ele>
      </trkpt>
      <trkpt lat="43.46579" lon="26.48158">
        <ele>338.11</ele>
      </trkpt>
      <trkpt lat="43.46581" lon="26.48157">
        <ele>338.53</ele>
      </trkpt>
      <trkpt lat="43.46583" lon="26.48156">
        <ele>338.93</ele>
      </trkpt>
      <trkpt lat="43.46585" lon="26.48154">
        <ele>339.57</ele>
      </trkpt>
      <trkpt lat="43.46587" lon="26.48153">
        <ele>340.25</ele>
      </trkpt>
      <trkpt lat="43.46589" lon="26.48152">
        <ele>340.94</ele>
      </trkpt>
      <trkpt lat="43.46591" lon="26.48151">
        <ele>341.64</ele>
      </trkpt>
      <trkpt lat="43.46593" lon="26.48151">
        <ele>342.33</ele>
      </trkpt>
      <trkpt lat="43.46595" lon="26.4815">
        <ele>343.03</ele>
      </trkpt>
      <trkpt lat="43.46597" lon="26.4815">
        <ele>343.72</ele>
      </trkpt>
      <trkpt lat="43.46599" lon="26.4815">
        <ele>344.41</ele>
      </trkpt>
      <trkpt lat="43.46601" lon="26.4815">
        <ele>345.11</ele>
      </trkpt>
      <trkpt lat="43.46602" lon="26.48149">
        <ele>345.48</ele>
      </trkpt>
      <trkpt lat="43.46604" lon="26.48149">
        <ele>346.17</ele>
      </trkpt>
      <trkpt lat="43.46606" lon="26.4815">
        <ele>346.83</ele>
      </trkpt>
      <trkpt lat="43.46607" lon="26.48151">
        <ele>347.15</ele>
      </trkpt>
      <trkpt lat="43.46609" lon="26.48152">
        <ele>347.8</ele>
      </trkpt>
      <trkpt lat="43.4661" lon="26.48154">
        <ele>348.08</ele>
      </trkpt>
      <trkpt lat="43.46612" lon="26.48155">
        <ele>348.37</ele>
      </trkpt>
      <trkpt lat="43.46613" lon="26.48158">
        <ele>348.23</ele>
      </trkpt>
      <trkpt lat="43.46614" lon="26.4816">
        <ele>348.14</ele>
      </trkpt>
      <trkpt lat="43.46615" lon="26.48163">
        <ele>348.06</ele>
      </trkpt>
      <trkpt lat="43.46616" lon="26.48165">
        <ele>348.02</ele>
      </trkpt>
      <trkpt lat="43.46618" lon="26.48167">
        <ele>347.98</ele>
      </trkpt>
      <trkpt lat="43.46619" lon="26.48169">
        <ele>347.9</ele>
      </trkpt>
      <trkpt lat="43.46621" lon="26.4817">
        <ele>347.89</ele>
      </trkpt>
      <trkpt lat="43.46622" lon="26.48171">
        <ele>347.87</ele>
      </trkpt>
      <trkpt lat="43.46624" lon="26.48171">
        <ele>347.91</ele>
      </trkpt>
      <trkpt lat="43.46626" lon="26.48172">
        <ele>347.92</ele>
      </trkpt>
      <trkpt lat="43.46628" lon="26.48172">
        <ele>347.97</ele>
      </trkpt>
      <trkpt lat="43.46631" lon="26.48173">
        <ele>348.03</ele>
      </trkpt>
      <trkpt lat="43.46633" lon="26.48173">
        <ele>348.08</ele>
      </trkpt>
      <trkpt lat="43.46635" lon="26.48174">
        <ele>348.15</ele>
      </trkpt>
      <trkpt lat="43.46637" lon="26.48174">
        <ele>348.21</ele>
      </trkpt>
      <trkpt lat="43.46639" lon="26.48174">
        <ele>348.28</ele>
      </trkpt>
      <trkpt lat="43.46641" lon="26.48174">
        <ele>348.56</ele>
      </trkpt>
      <trkpt lat="43.46643" lon="26.48175">
        <ele>348.86</ele>
      </trkpt>
      <trkpt lat="43.46645" lon="26.48174">
        <ele>349.13</ele>
      </trkpt>
      <trkpt lat="43.46647" lon="26.48174">
        <ele>349.42</ele>
      </trkpt>
      <trkpt lat="43.46649" lon="26.48174">
        <ele>349.7</ele>
      </trkpt>
      <trkpt lat="43.46651" lon="26.48173">
        <ele>350.01</ele>
      </trkpt>
      <trkpt lat="43.46652" lon="26.48173">
        <ele>350.16</ele>
      </trkpt>
      <trkpt lat="43.46654" lon="26.48172">
        <ele>350.49</ele>
      </trkpt>
      <trkpt lat="43.46656" lon="26.48172">
        <ele>350.8</ele>
      </trkpt>
      <trkpt lat="43.46658" lon="26.48171">
        <ele>351.17</ele>
      </trkpt>
      <trkpt lat="43.4666" lon="26.48171">
        <ele>351.48</ele>
      </trkpt>
      <trkpt lat="43.46662" lon="26.4817">
        <ele>351.88</ele>
      </trkpt>
      <trkpt lat="43.46664" lon="26.4817">
        <ele>352.21</ele>
      </trkpt>
      <trkpt lat="43.46667" lon="26.4817">
        <ele>352.6</ele>
      </trkpt>
      <trkpt lat="43.46669" lon="26.48169">
        <ele>352.44</ele>
      </trkpt>
      <trkpt lat="43.46671" lon="26.48168">
        <ele>352.26</ele>
      </trkpt>
      <trkpt lat="43.46673" lon="26.48167">
        <ele>352.06</ele>
      </trkpt>
      <trkpt lat="43.46675" lon="26.48166">
        <ele>351.68</ele>
      </trkpt>
      <trkpt lat="43.46678" lon="26.48166">
        <ele>351.26</ele>
      </trkpt>
      <trkpt lat="43.4668" lon="26.48165">
        <ele>350.83</ele>
      </trkpt>
      <trkpt lat="43.46683" lon="26.48163">
        <ele>350.19</ele>
      </trkpt>
      <trkpt lat="43.46685" lon="26.48162">
        <ele>349.85</ele>
      </trkpt>
      <trkpt lat="43.46687" lon="26.48161">
        <ele>349.54</ele>
      </trkpt>
      <trkpt lat="43.46689" lon="26.4816">
        <ele>349.26</ele>
      </trkpt>
      <trkpt lat="43.46691" lon="26.4816">
        <ele>349.08</ele>
      </trkpt>
      <trkpt lat="43.46694" lon="26.4816">
        <ele>348.8</ele>
      </trkpt>
      <trkpt lat="43.46695" lon="26.4816">
        <ele>348.68</ele>
      </trkpt>
      <trkpt lat="43.46697" lon="26.48159">
        <ele>348.38</ele>
      </trkpt>
      <trkpt lat="43.46699" lon="26.48159">
        <ele>348.11</ele>
      </trkpt>
      <trkpt lat="43.46701" lon="26.48159">
        <ele>347.85</ele>
      </trkpt>
      <trkpt lat="43.46703" lon="26.48159">
        <ele>347.58</ele>
      </trkpt>
      <trkpt lat="43.46705" lon="26.48159">
        <ele>347.31</ele>
      </trkpt>
      <trkpt lat="43.46707" lon="26.48159">
        <ele>347.04</ele>
      </trkpt>
      <trkpt lat="43.46709" lon="26.48158">
        <ele>346.76</ele>
      </trkpt>
      <trkpt lat="43.46711" lon="26.48158">
        <ele>346.49</ele>
      </trkpt>
      <trkpt lat="43.46713" lon="26.48158">
        <ele>346.22</ele>
      </trkpt>
      <trkpt lat="43.46715" lon="26.48158">
        <ele>345.96</ele>
      </trkpt>
      <trkpt lat="43.46717" lon="26.48158">
        <ele>345.69</ele>
      </trkpt>
      <trkpt lat="43.46718" lon="26.48159">
        <ele>345.57</ele>
      </trkpt>
      <trkpt lat="43.4672" lon="26.48159">
        <ele>345.3</ele>
      </trkpt>
      <trkpt lat="43.46722" lon="26.4816">
        <ele>345.03</ele>
      </trkpt>
      <trkpt lat="43.46723" lon="26.4816">
        <ele>344.86</ele>
      </trkpt>
      <trkpt lat="43.46725" lon="26.4816">
        <ele>344.5</ele>
      </trkpt>
      <trkpt lat="43.46727" lon="26.4816">
        <ele>344.14</ele>
      </trkpt>
      <trkpt lat="43.46729" lon="26.4816">
        <ele>343.78</ele>
      </trkpt>
      <trkpt lat="43.46731" lon="26.4816">
        <ele>343.42</ele>
      </trkpt>
      <trkpt lat="43.46732" lon="26.4816">
        <ele>343.24</ele>
      </trkpt>
      <trkpt lat="43.46734" lon="26.4816">
        <ele>342.88</ele>
      </trkpt>
      <trkpt lat="43.46736" lon="26.4816">
        <ele>342.52</ele>
      </trkpt>
      <trkpt lat="43.46738" lon="26.48161">
        <ele>342.16</ele>
      </trkpt>
      <trkpt lat="43.4674" lon="26.48161">
        <ele>341.8</ele>
      </trkpt>
      <trkpt lat="43.46742" lon="26.48161">
        <ele>341.44</ele>
      </trkpt>
      <trkpt lat="43.46744" lon="26.48161">
        <ele>341.08</ele>
      </trkpt>
      <trkpt lat="43.46747" lon="26.48161">
        <ele>340.54</ele>
      </trkpt>
      <trkpt lat="43.46749" lon="26.48161">
        <ele>340.18</ele>
      </trkpt>
      <trkpt lat="43.46751" lon="26.48161">
        <ele>339.91</ele>
      </trkpt>
      <trkpt lat="43.46754" lon="26.48161">
        <ele>339.65</ele>
      </trkpt>
      <trkpt lat="43.46756" lon="26.4816">
        <ele>339.46</ele>
      </trkpt>
      <trkpt lat="43.46758" lon="26.48158">
        <ele>339.24</ele>
      </trkpt>
      <trkpt lat="43.4676" lon="26.48157">
        <ele>339.03</ele>
      </trkpt>
      <trkpt lat="43.46761" lon="26.48154">
        <ele>338.85</ele>
      </trkpt>
      <trkpt lat="43.46763" lon="26.48151">
        <ele>338.54</ele>
      </trkpt>
      <trkpt lat="43.46764" lon="26.48148">
        <ele>338.31</ele>
      </trkpt>
      <trkpt lat="43.46765" lon="26.48145">
        <ele>338.08</ele>
      </trkpt>
      <trkpt lat="43.46766" lon="26.48142">
        <ele>337.83</ele>
      </trkpt>
      <trkpt lat="43.46767" lon="26.48139">
        <ele>337.56</ele>
      </trkpt>
      <trkpt lat="43.46769" lon="26.48136">
        <ele>337.13</ele>
      </trkpt>
      <trkpt lat="43.4677" lon="26.48134">
        <ele>336.89</ele>
      </trkpt>
      <trkpt lat="43.46772" lon="26.48131">
        <ele>336.49</ele>
      </trkpt>
      <trkpt lat="43.46773" lon="26.48129">
        <ele>336.27</ele>
      </trkpt>
      <trkpt lat="43.46774" lon="26.48126">
        <ele>336.02</ele>
      </trkpt>
      <trkpt lat="43.46775" lon="26.48124">
        <ele>335.81</ele>
      </trkpt>
      <trkpt lat="43.46775" lon="26.48121">
        <ele>335.69</ele>
      </trkpt>
      <trkpt lat="43.46776" lon="26.48119">
        <ele>335.49</ele>
      </trkpt>
      <trkpt lat="43.46775" lon="26.48116">
        <ele>335.49</ele>
      </trkpt>
      <trkpt lat="43.46775" lon="26.48113">
        <ele>335.37</ele>
      </trkpt>
      <trkpt lat="43.46774" lon="26.48109">
        <ele>335.38</ele>
      </trkpt>
      <trkpt lat="43.46773" lon="26.48106">
        <ele>335.42</ele>
      </trkpt>
      <trkpt lat="43.46772" lon="26.48102">
        <ele>335.42</ele>
      </trkpt>
      <trkpt lat="43.46772" lon="26.48099">
        <ele>335.35</ele>
      </trkpt>
      <trkpt lat="43.46772" lon="26.48095">
        <ele>335.26</ele>
      </trkpt>
      <trkpt lat="43.46771" lon="26.48092">
        <ele>335.23</ele>
      </trkpt>
      <trkpt lat="43.46771" lon="26.48088">
        <ele>335.12</ele>
      </trkpt>
      <trkpt lat="43.46771" lon="26.48084">
        <ele>335.02</ele>
      </trkpt>
      <trkpt lat="43.46771" lon="26.4808">
        <ele>334.79</ele>
      </trkpt>
      <trkpt lat="43.46771" lon="26.48076">
        <ele>334.54</ele>
      </trkpt>
      <trkpt lat="43.46771" lon="26.48073">
        <ele>334.35</ele>
      </trkpt>
      <trkpt lat="43.46771" lon="26.48069">
        <ele>334.09</ele>
      </trkpt>
      <trkpt lat="43.46771" lon="26.48066">
        <ele>333.9</ele>
      </trkpt>
      <trkpt lat="43.46772" lon="26.48063">
        <ele>333.69</ele>
      </trkpt>
      <trkpt lat="43.46772" lon="26.48059">
        <ele>333.43</ele>
      </trkpt>
      <trkpt lat="43.46772" lon="26.48056">
        <ele>333.24</ele>
      </trkpt>
      <trkpt lat="43.46771" lon="26.48052">
        <ele>332.63</ele>
      </trkpt>
      <trkpt lat="43.46771" lon="26.48048">
        <ele>331.94</ele>
      </trkpt>
      <trkpt lat="43.46771" lon="26.48044">
        <ele>331.26</ele>
      </trkpt>
      <trkpt lat="43.4677" lon="26.48039">
        <ele>330.54</ele>
      </trkpt>
      <trkpt lat="43.46769" lon="26.48035">
        <ele>330.05</ele>
      </trkpt>
      <trkpt lat="43.46769" lon="26.48031">
        <ele>329.41</ele>
      </trkpt>
      <trkpt lat="43.46769" lon="26.48027">
        <ele>328.76</ele>
      </trkpt>
      <trkpt lat="43.46769" lon="26.48024">
        <ele>328.25</ele>
      </trkpt>
      <trkpt lat="43.46769" lon="26.4802">
        <ele>327.57</ele>
      </trkpt>
      <trkpt lat="43.46769" lon="26.48017">
        <ele>327.06</ele>
      </trkpt>
      <trkpt lat="43.46769" lon="26.48014">
        <ele>326.55</ele>
      </trkpt>
      <trkpt lat="43.46769" lon="26.48011">
        <ele>326.04</ele>
      </trkpt>
      <trkpt lat="43.4677" lon="26.48008">
        <ele>325.21</ele>
      </trkpt>
      <trkpt lat="43.46771" lon="26.48005">
        <ele>324.34</ele>
      </trkpt>
      <trkpt lat="43.46771" lon="26.48002">
        <ele>323.8</ele>
      </trkpt>
      <trkpt lat="43.46771" lon="26.47999">
        <ele>323.31</ele>
      </trkpt>
      <trkpt lat="43.46771" lon="26.47995">
        <ele>322.77</ele>
      </trkpt>
      <trkpt lat="43.46771" lon="26.47992">
        <ele>322.37</ele>
      </trkpt>
      <trkpt lat="43.4677" lon="26.47988">
        <ele>322.14</ele>
      </trkpt>
      <trkpt lat="43.4677" lon="26.47985">
        <ele>321.73</ele>
      </trkpt>
      <trkpt lat="43.46769" lon="26.47982">
        <ele>321.6</ele>
      </trkpt>
      <trkpt lat="43.46768" lon="26.47978">
        <ele>321.31</ele>
      </trkpt>
      <trkpt lat="43.46767" lon="26.47975">
        <ele>321.13</ele>
      </trkpt>
      <trkpt lat="43.46766" lon="26.47972">
        <ele>320.95</ele>
      </trkpt>
      <trkpt lat="43.46765" lon="26.4797">
        <ele>321.02</ele>
      </trkpt>
      <trkpt lat="43.46765" lon="26.47967">
        <ele>320.74</ele>
      </trkpt>
      <trkpt lat="43.46764" lon="26.47964">
        <ele>320.73</ele>
      </trkpt>
      <trkpt lat="43.46764" lon="26.47961">
        <ele>320.46</ele>
      </trkpt>
      <trkpt lat="43.46764" lon="26.47958">
        <ele>320.19</ele>
      </trkpt>
      <trkpt lat="43.46764" lon="26.47955">
        <ele>319.92</ele>
      </trkpt>
      <trkpt lat="43.46764" lon="26.47952">
        <ele>319.65</ele>
      </trkpt>
      <trkpt lat="43.46764" lon="26.47949">
        <ele>319.38</ele>
      </trkpt>
      <trkpt lat="43.46765" lon="26.47946">
        <ele>318.82</ele>
      </trkpt>
      <trkpt lat="43.46765" lon="26.47943">
        <ele>318.63</ele>
      </trkpt>
      <trkpt lat="43.46765" lon="26.4794">
        <ele>318.52</ele>
      </trkpt>
      <trkpt lat="43.46765" lon="26.47937">
        <ele>318.41</ele>
      </trkpt>
      <trkpt lat="43.46766" lon="26.47934">
        <ele>318.02</ele>
      </trkpt>
      <trkpt lat="43.46766" lon="26.47931">
        <ele>317.91</ele>
      </trkpt>
      <trkpt lat="43.46767" lon="26.47928">
        <ele>317.51</ele>
      </trkpt>
      <trkpt lat="43.46768" lon="26.47926">
        <ele>317.15</ele>
      </trkpt>
      <trkpt lat="43.46768" lon="26.47923">
        <ele>317.04</ele>
      </trkpt>
      <trkpt lat="43.46769" lon="26.4792">
        <ele>316.65</ele>
      </trkpt>
      <trkpt lat="43.4677" lon="26.47918">
        <ele>316.29</ele>
      </trkpt>
      <trkpt lat="43.46771" lon="26.47915">
        <ele>315.97</ele>
      </trkpt>
      <trkpt lat="43.46772" lon="26.47911">
        <ele>315.71</ele>
      </trkpt>
      <trkpt lat="43.46773" lon="26.47908">
        <ele>315.43</ele>
      </trkpt>
      <trkpt lat="43.46773" lon="26.47904">
        <ele>315.45</ele>
      </trkpt>
      <trkpt lat="43.46774" lon="26.47901">
        <ele>315.16</ele>
      </trkpt>
      <trkpt lat="43.46775" lon="26.47898">
        <ele>314.87</ele>
      </trkpt>
      <trkpt lat="43.46776" lon="26.47895">
        <ele>314.56</ele>
      </trkpt>
      <trkpt lat="43.46777" lon="26.47892">
        <ele>314.25</ele>
      </trkpt>
      <trkpt lat="43.46777" lon="26.47889">
        <ele>314.25</ele>
      </trkpt>
      <trkpt lat="43.46778" lon="26.47885">
        <ele>313.72</ele>
      </trkpt>
      <trkpt lat="43.46779" lon="26.47882">
        <ele>313.5</ele>
      </trkpt>
      <trkpt lat="43.4678" lon="26.47878">
        <ele>313.22</ele>
      </trkpt>
      <trkpt lat="43.4678" lon="26.47875">
        <ele>313.0</ele>
      </trkpt>
      <trkpt lat="43.4678" lon="26.47873">
        <ele>312.86</ele>
      </trkpt>
      <trkpt lat="43.4678" lon="26.4787">
        <ele>312.64</ele>
      </trkpt>
      <trkpt lat="43.46779" lon="26.47868">
        <ele>312.5</ele>
      </trkpt>
      <trkpt lat="43.46779" lon="26.47866">
        <ele>312.35</ele>
      </trkpt>
      <trkpt lat="43.46779" lon="26.47864">
        <ele>312.21</ele>
      </trkpt>
      <trkpt lat="43.46779" lon="26.47862">
        <ele>312.06</ele>
      </trkpt>
      <trkpt lat="43.46779" lon="26.47859">
        <ele>311.7</ele>
      </trkpt>
      <trkpt lat="43.46779" lon="26.47857">
        <ele>311.41</ele>
      </trkpt>
      <trkpt lat="43.4678" lon="26.47855">
        <ele>311.14</ele>
      </trkpt>
      <trkpt lat="43.46781" lon="26.47852">
        <ele>310.73</ele>
      </trkpt>
      <trkpt lat="43.46783" lon="26.47849">
        <ele>310.34</ele>
      </trkpt>
      <trkpt lat="43.46784" lon="26.47845">
        <ele>309.81</ele>
      </trkpt>
      <trkpt lat="43.46786" lon="26.47842">
        <ele>309.45</ele>
      </trkpt>
      <trkpt lat="43.46788" lon="26.47838">
        <ele>308.98</ele>
      </trkpt>
      <trkpt lat="43.46789" lon="26.47835">
        <ele>308.62</ele>
      </trkpt>
      <trkpt lat="43.4679" lon="26.47832">
        <ele>308.37</ele>
      </trkpt>
      <trkpt lat="43.46791" lon="26.47829">
        <ele>308.24</ele>
      </trkpt>
      <trkpt lat="43.46791" lon="26.47827">
        <ele>308.13</ele>
      </trkpt>
      <trkpt lat="43.46792" lon="26.47825">
        <ele>308.07</ele>
      </trkpt>
      <trkpt lat="43.46793" lon="26.47824">
        <ele>308.06</ele>
      </trkpt>
      <trkpt lat="43.46794" lon="26.47822">
        <ele>308.01</ele>
      </trkpt>
      <trkpt lat="43.46796" lon="26.47821">
        <ele>308.06</ele>
      </trkpt>
      <trkpt lat="43.46796" lon="26.47819">
        <ele>307.96</ele>
      </trkpt>
      <trkpt lat="43.46797" lon="26.47818">
        <ele>307.97</ele>
      </trkpt>
      <trkpt lat="43.46797" lon="26.47816">
        <ele>307.88</ele>
      </trkpt>
      <trkpt lat="43.46798" lon="26.47814">
        <ele>307.84</ele>
      </trkpt>
      <trkpt lat="43.46799" lon="26.47812">
        <ele>307.81</ele>
      </trkpt>
      <trkpt lat="43.46799" lon="26.4781">
        <ele>307.73</ele>
      </trkpt>
      <trkpt lat="43.468" lon="26.47808">
        <ele>307.71</ele>
      </trkpt>
      <trkpt lat="43.46801" lon="26.47806">
        <ele>307.69</ele>
      </trkpt>
      <trkpt lat="43.46801" lon="26.47805">
        <ele>307.75</ele>
      </trkpt>
      <trkpt lat="43.46802" lon="26.47803">
        <ele>308.13</ele>
      </trkpt>
      <trkpt lat="43.46803" lon="26.47801">
        <ele>308.55</ele>
      </trkpt>
      <trkpt lat="43.46803" lon="26.47799">
        <ele>308.87</ele>
      </trkpt>
      <trkpt lat="43.46804" lon="26.47797">
        <ele>309.32</ele>
      </trkpt>
      <trkpt lat="43.46805" lon="26.47795">
        <ele>309.81</ele>
      </trkpt>
      <trkpt lat="43.46806" lon="26.47793">
        <ele>310.42</ele>
      </trkpt>
      <trkpt lat="43.46807" lon="26.47791">
        <ele>311.13</ele>
      </trkpt>
      <trkpt lat="43.46808" lon="26.4779">
        <ele>311.65</ele>
      </trkpt>
      <trkpt lat="43.46809" lon="26.47789">
        <ele>312.15</ele>
      </trkpt>
      <trkpt lat="43.46809" lon="26.47789">
        <ele>312.15</ele>
      </trkpt>
      <trkpt lat="43.4681" lon="26.47788">
        <ele>312.63</ele>
      </trkpt>
      <trkpt lat="43.46811" lon="26.47787">
        <ele>313.1</ele>
      </trkpt>
      <trkpt lat="43.46812" lon="26.47787">
        <ele>313.43</ele>
      </trkpt>
      <trkpt lat="43.46813" lon="26.47787">
        <ele>313.75</ele>
      </trkpt>
      <trkpt lat="43.46814" lon="26.47787">
        <ele>314.07</ele>
      </trkpt>
      <trkpt lat="43.46815" lon="26.47787">
        <ele>314.4</ele>
      </trkpt>
      <trkpt lat="43.46815" lon="26.47787">
        <ele>314.4</ele>
      </trkpt>
      <trkpt lat="43.46816" lon="26.47787">
        <ele>314.72</ele>
      </trkpt>
      <trkpt lat="43.46817" lon="26.47787">
        <ele>315.04</ele>
      </trkpt>
      <trkpt lat="43.46817" lon="26.47787">
        <ele>315.04</ele>
      </trkpt>
      <trkpt lat="43.46818" lon="26.47787">
        <ele>315.37</ele>
      </trkpt>
      <trkpt lat="43.46818" lon="26.47788">
        <ele>315.29</ele>
      </trkpt>
      <trkpt lat="43.46819" lon="26.47788">
        <ele>315.62</ele>
      </trkpt>
      <trkpt lat="43.4682" lon="26.47787">
        <ele>316.02</ele>
      </trkpt>
      <trkpt lat="43.46821" lon="26.47787">
        <ele>316.34</ele>
      </trkpt>
      <trkpt lat="43.46823" lon="26.47786">
        <ele>317.03</ele>
      </trkpt>
      <trkpt lat="43.46825" lon="26.47786">
        <ele>317.66</ele>
      </trkpt>
      <trkpt lat="43.46826" lon="26.47785">
        <ele>318.0</ele>
      </trkpt>
      <trkpt lat="43.46829" lon="26.47785">
        <ele>318.92</ele>
      </trkpt>
      <trkpt lat="43.46831" lon="26.47785">
        <ele>319.54</ele>
      </trkpt>
      <trkpt lat="43.46832" lon="26.47785">
        <ele>319.85</ele>
      </trkpt>
      <trkpt lat="43.46834" lon="26.47785">
        <ele>320.37</ele>
      </trkpt>
      <trkpt lat="43.46835" lon="26.47785">
        <ele>320.53</ele>
      </trkpt>
      <trkpt lat="43.46837" lon="26.47785">
        <ele>320.86</ele>
      </trkpt>
      <trkpt lat="43.46838" lon="26.47784">
        <ele>320.97</ele>
      </trkpt>
      <trkpt lat="43.46839" lon="26.47783">
        <ele>321.08</ele>
      </trkpt>
      <trkpt lat="43.4684" lon="26.47783">
        <ele>321.24</ele>
      </trkpt>
      <trkpt lat="43.46841" lon="26.47782">
        <ele>321.34</ele>
      </trkpt>
      <trkpt lat="43.46842" lon="26.47782">
        <ele>321.49</ele>
      </trkpt>
      <trkpt lat="43.46843" lon="26.47781">
        <ele>321.59</ele>
      </trkpt>
      <trkpt lat="43.46845" lon="26.4778">
        <ele>321.83</ele>
      </trkpt>
      <trkpt lat="43.46846" lon="26.47779">
        <ele>321.91</ele>
      </trkpt>
      <trkpt lat="43.46847" lon="26.47778">
        <ele>321.98</ele>
      </trkpt>
      <trkpt lat="43.46848" lon="26.47777">
        <ele>322.04</ele>
      </trkpt>
      <trkpt lat="43.46849" lon="26.47776">
        <ele>322.11</ele>
      </trkpt>
      <trkpt lat="43.46849" lon="26.47776">
        <ele>322.11</ele>
      </trkpt>
      <trkpt lat="43.4685" lon="26.47775">
        <ele>322.18</ele>
      </trkpt>
      <trkpt lat="43.46851" lon="26.47773">
        <ele>322.18</ele>
      </trkpt>
      <trkpt lat="43.46852" lon="26.47772">
        <ele>322.28</ele>
      </trkpt>
      <trkpt lat="43.46853" lon="26.47771">
        <ele>322.37</ele>
      </trkpt>
      <trkpt lat="43.46854" lon="26.4777">
        <ele>322.48</ele>
      </trkpt>
      <trkpt lat="43.46855" lon="26.47769">
        <ele>322.6</ele>
      </trkpt>
      <trkpt lat="43.46857" lon="26.47767">
        <ele>322.85</ele>
      </trkpt>
      <trkpt lat="43.46858" lon="26.47766">
        <ele>322.99</ele>
      </trkpt>
      <trkpt lat="43.46859" lon="26.47764">
        <ele>323.09</ele>
      </trkpt>
      <trkpt lat="43.4686" lon="26.47763">
        <ele>323.24</ele>
      </trkpt>
      <trkpt lat="43.46861" lon="26.47762">
        <ele>323.41</ele>
      </trkpt>
      <trkpt lat="43.46863" lon="26.47761">
        <ele>323.45</ele>
      </trkpt>
      <trkpt lat="43.46864" lon="26.4776">
        <ele>323.43</ele>
      </trkpt>
      <trkpt lat="43.46866" lon="26.47759">
        <ele>323.44</ele>
      </trkpt>
      <trkpt lat="43.46867" lon="26.47758">
        <ele>323.41</ele>
      </trkpt>
      <trkpt lat="43.46868" lon="26.47756">
        <ele>323.32</ele>
      </trkpt>
      <trkpt lat="43.46868" lon="26.47754">
        <ele>323.22</ele>
      </trkpt>
      <trkpt lat="43.46869" lon="26.47752">
        <ele>323.11</ele>
      </trkpt>
      <trkpt lat="43.46869" lon="26.4775">
        <ele>323.0</ele>
      </trkpt>
      <trkpt lat="43.4687" lon="26.47748">
        <ele>322.88</ele>
      </trkpt>
      <trkpt lat="43.46871" lon="26.47746">
        <ele>322.76</ele>
      </trkpt>
      <trkpt lat="43.46873" lon="26.47744">
        <ele>322.66</ele>
      </trkpt>
      <trkpt lat="43.46874" lon="26.47742">
        <ele>322.56</ele>
      </trkpt>
      <trkpt lat="43.46876" lon="26.4774">
        <ele>322.47</ele>
      </trkpt>
      <trkpt lat="43.46877" lon="26.47738">
        <ele>322.38</ele>
      </trkpt>
      <trkpt lat="43.46879" lon="26.47737">
        <ele>322.37</ele>
      </trkpt>
      <trkpt lat="43.46881" lon="26.47735">
        <ele>322.31</ele>
      </trkpt>
      <trkpt lat="43.46883" lon="26.47734">
        <ele>322.3</ele>
      </trkpt>
      <trkpt lat="43.46885" lon="26.47734">
        <ele>322.34</ele>
      </trkpt>
      <trkpt lat="43.46888" lon="26.47733">
        <ele>322.37</ele>
      </trkpt>
      <trkpt lat="43.4689" lon="26.47733">
        <ele>322.31</ele>
      </trkpt>
      <trkpt lat="43.46892" lon="26.47733">
        <ele>322.16</ele>
      </trkpt>
      <trkpt lat="43.46894" lon="26.47733">
        <ele>322.02</ele>
      </trkpt>
      <trkpt lat="43.46896" lon="26.47733">
        <ele>321.88</ele>
      </trkpt>
      <trkpt lat="43.46898" lon="26.47733">
        <ele>321.73</ele>
      </trkpt>
      <trkpt lat="43.469" lon="26.47733">
        <ele>321.59</ele>
      </trkpt>
      <trkpt lat="43.46902" lon="26.47733">
        <ele>321.44</ele>
      </trkpt>
      <trkpt lat="43.46904" lon="26.47733">
        <ele>321.3</ele>
      </trkpt>
      <trkpt lat="43.46906" lon="26.47734">
        <ele>321.19</ele>
      </trkpt>
      <trkpt lat="43.46908" lon="26.47735">
        <ele>321.08</ele>
      </trkpt>
      <trkpt lat="43.46909" lon="26.47736">
        <ele>321.05</ele>
      </trkpt>
      <trkpt lat="43.46911" lon="26.47736">
        <ele>320.9</ele>
      </trkpt>
      <trkpt lat="43.46913" lon="26.47737">
        <ele>320.8</ele>
      </trkpt>
      <trkpt lat="43.46915" lon="26.47737">
        <ele>320.65</ele>
      </trkpt>
      <trkpt lat="43.46917" lon="26.47738">
        <ele>320.58</ele>
      </trkpt>
      <trkpt lat="43.46919" lon="26.47739">
        <ele>320.67</ele>
      </trkpt>
      <trkpt lat="43.46921" lon="26.4774">
        <ele>320.75</ele>
      </trkpt>
      <trkpt lat="43.46923" lon="26.47742">
        <ele>320.84</ele>
      </trkpt>
      <trkpt lat="43.46925" lon="26.47743">
        <ele>320.9</ele>
      </trkpt>
      <trkpt lat="43.46926" lon="26.47745">
        <ele>320.94</ele>
      </trkpt>
      <trkpt lat="43.46928" lon="26.47747">
        <ele>320.98</ele>
      </trkpt>
      <trkpt lat="43.4693" lon="26.47749">
        <ele>321.0</ele>
      </trkpt>
      <trkpt lat="43.46932" lon="26.4775">
        <ele>321.0</ele>
      </trkpt>
      <trkpt lat="43.46934" lon="26.47751">
        <ele>321.12</ele>
      </trkpt>
      <trkpt lat="43.46936" lon="26.47752">
        <ele>321.24</ele>
      </trkpt>
      <trkpt lat="43.46938" lon="26.47753">
        <ele>321.35</ele>
      </trkpt>
      <trkpt lat="43.4694" lon="26.47754">
        <ele>321.46</ele>
      </trkpt>
      <trkpt lat="43.46943" lon="26.47756">
        <ele>321.66</ele>
      </trkpt>
      <trkpt lat="43.46945" lon="26.47758">
        <ele>321.9</ele>
      </trkpt>
      <trkpt lat="43.46948" lon="26.47759">
        <ele>322.19</ele>
      </trkpt>
      <trkpt lat="43.46951" lon="26.47761">
        <ele>322.57</ele>
      </trkpt>
      <trkpt lat="43.46954" lon="26.47762">
        <ele>322.84</ele>
      </trkpt>
      <trkpt lat="43.46957" lon="26.47763">
        <ele>323.1</ele>
      </trkpt>
      <trkpt lat="43.4696" lon="26.47764">
        <ele>323.35</ele>
      </trkpt>
      <trkpt lat="43.46963" lon="26.47765">
        <ele>323.6</ele>
      </trkpt>
      <trkpt lat="43.46965" lon="26.47766">
        <ele>323.78</ele>
      </trkpt>
      <trkpt lat="43.46968" lon="26.47767">
        <ele>324.01</ele>
      </trkpt>
      <trkpt lat="43.4697" lon="26.47768">
        <ele>324.19</ele>
      </trkpt>
      <trkpt lat="43.46972" lon="26.47768">
        <ele>324.29</ele>
      </trkpt>
      <trkpt lat="43.46974" lon="26.47769">
        <ele>324.54</ele>
      </trkpt>
      <trkpt lat="43.46976" lon="26.47769">
        <ele>324.73</ele>
      </trkpt>
      <trkpt lat="43.46978" lon="26.47769">
        <ele>324.93</ele>
      </trkpt>
      <trkpt lat="43.4698" lon="26.47769">
        <ele>325.12</ele>
      </trkpt>
      <trkpt lat="43.46981" lon="26.47769">
        <ele>325.22</ele>
      </trkpt>
      <trkpt lat="43.46984" lon="26.47769">
        <ele>325.51</ele>
      </trkpt>
      <trkpt lat="43.46986" lon="26.47769">
        <ele>325.7</ele>
      </trkpt>
      <trkpt lat="43.46988" lon="26.47769">
        <ele>325.89</ele>
      </trkpt>
      <trkpt lat="43.4699" lon="26.47769">
        <ele>326.09</ele>
      </trkpt>
      <trkpt lat="43.46992" lon="26.47769">
        <ele>326.28</ele>
      </trkpt>
      <trkpt lat="43.46994" lon="26.47768">
        <ele>326.37</ele>
      </trkpt>
      <trkpt lat="43.46996" lon="26.47768">
        <ele>326.56</ele>
      </trkpt>
      <trkpt lat="43.46998" lon="26.47767">
        <ele>326.65</ele>
      </trkpt>
      <trkpt lat="43.47" lon="26.47767">
        <ele>326.84</ele>
      </trkpt>
      <trkpt lat="43.47002" lon="26.47766">
        <ele>326.57</ele>
      </trkpt>
      <trkpt lat="43.47004" lon="26.47765">
        <ele>326.32</ele>
      </trkpt>
      <trkpt lat="43.47007" lon="26.47763">
        <ele>325.92</ele>
      </trkpt>
      <trkpt lat="43.4701" lon="26.47762">
        <ele>325.62</ele>
      </trkpt>
      <trkpt lat="43.47013" lon="26.4776">
        <ele>325.28</ele>
      </trkpt>
      <trkpt lat="43.47015" lon="26.47759">
        <ele>325.08</ele>
      </trkpt>
      <trkpt lat="43.47018" lon="26.47758">
        <ele>324.84</ele>
      </trkpt>
      <trkpt lat="43.4702" lon="26.47757">
        <ele>324.67</ele>
      </trkpt>
      <trkpt lat="43.47022" lon="26.47756">
        <ele>324.51</ele>
      </trkpt>
      <trkpt lat="43.47024" lon="26.47755">
        <ele>324.36</ele>
      </trkpt>
      <trkpt lat="43.47026" lon="26.47755">
        <ele>324.27</ele>
      </trkpt>
      <trkpt lat="43.47029" lon="26.47754">
        <ele>324.24</ele>
      </trkpt>
      <trkpt lat="43.47031" lon="26.47754">
        <ele>324.41</ele>
      </trkpt>
      <trkpt lat="43.47033" lon="26.47753">
        <ele>324.52</ele>
      </trkpt>
      <trkpt lat="43.47036" lon="26.47753">
        <ele>324.76</ele>
      </trkpt>
      <trkpt lat="43.47038" lon="26.47752">
        <ele>324.86</ele>
      </trkpt>
      <trkpt lat="43.47041" lon="26.47752">
        <ele>325.09</ele>
      </trkpt>
      <trkpt lat="43.47043" lon="26.47752">
        <ele>325.25</ele>
      </trkpt>
      <trkpt lat="43.47045" lon="26.47751">
        <ele>325.32</ele>
      </trkpt>
      <trkpt lat="43.47048" lon="26.47751">
        <ele>325.54</ele>
      </trkpt>
      <trkpt lat="43.47051" lon="26.47751">
        <ele>325.77</ele>
      </trkpt>
      <trkpt lat="43.47053" lon="26.47751">
        <ele>325.92</ele>
      </trkpt>
      <trkpt lat="43.47056" lon="26.47751">
        <ele>326.2</ele>
      </trkpt>
      <trkpt lat="43.47059" lon="26.47751">
        <ele>326.85</ele>
      </trkpt>
      <trkpt lat="43.47062" lon="26.47751">
        <ele>327.5</ele>
      </trkpt>
      <trkpt lat="43.47065" lon="26.4775">
        <ele>328.04</ele>
      </trkpt>
      <trkpt lat="43.47068" lon="26.4775">
        <ele>328.69</ele>
      </trkpt>
      <trkpt lat="43.47071" lon="26.47749">
        <ele>329.35</ele>
      </trkpt>
      <trkpt lat="43.47074" lon="26.47749">
        <ele>329.98</ele>
      </trkpt>
      <trkpt lat="43.47076" lon="26.47749">
        <ele>330.41</ele>
      </trkpt>
      <trkpt lat="43.47079" lon="26.47748">
        <ele>331.03</ele>
      </trkpt>
      <trkpt lat="43.47081" lon="26.47747">
        <ele>331.42</ele>
      </trkpt>
      <trkpt lat="43.47084" lon="26.47746">
        <ele>331.95</ele>
      </trkpt>
      <trkpt lat="43.47086" lon="26.47745">
        <ele>332.19</ele>
      </trkpt>
      <trkpt lat="43.47088" lon="26.47744">
        <ele>332.42</ele>
      </trkpt>
      <trkpt lat="43.47091" lon="26.47743">
        <ele>332.78</ele>
      </trkpt>
      <trkpt lat="43.47093" lon="26.47742">
        <ele>333.0</ele>
      </trkpt>
      <trkpt lat="43.47095" lon="26.47742">
        <ele>333.27</ele>
      </trkpt>
      <trkpt lat="43.47097" lon="26.47742">
        <ele>333.54</ele>
      </trkpt>
      <trkpt lat="43.47099" lon="26.47741">
        <ele>333.75</ele>
      </trkpt>
      <trkpt lat="43.47101" lon="26.47741">
        <ele>334.01</ele>
      </trkpt>
      <trkpt lat="43.47103" lon="26.4774">
        <ele>334.22</ele>
      </trkpt>
      <trkpt lat="43.47106" lon="26.47739">
        <ele>334.54</ele>
      </trkpt>
      <trkpt lat="43.47108" lon="26.47739">
        <ele>334.8</ele>
      </trkpt>
      <trkpt lat="43.47111" lon="26.47738">
        <ele>335.12</ele>
      </trkpt>
      <trkpt lat="43.47113" lon="26.47738">
        <ele>335.34</ele>
      </trkpt>
      <trkpt lat="43.47115" lon="26.47738">
        <ele>335.56</ele>
      </trkpt>
      <trkpt lat="43.47117" lon="26.47737">
        <ele>335.7</ele>
      </trkpt>
      <trkpt lat="43.47119" lon="26.47736">
        <ele>335.84</ele>
      </trkpt>
      <trkpt lat="43.47121" lon="26.47734">
        <ele>335.92</ele>
      </trkpt>
      <trkpt lat="43.47123" lon="26.47731">
        <ele>335.92</ele>
      </trkpt>
      <trkpt lat="43.47124" lon="26.47729">
        <ele>335.88</ele>
      </trkpt>
      <trkpt lat="43.47125" lon="26.47726">
        <ele>335.77</ele>
      </trkpt>
      <trkpt lat="43.47126" lon="26.47723">
        <ele>335.66</ele>
      </trkpt>
      <trkpt lat="43.47127" lon="26.4772">
        <ele>335.68</ele>
      </trkpt>
      <trkpt lat="43.47127" lon="26.47716">
        <ele>335.62</ele>
      </trkpt>
      <trkpt lat="43.47128" lon="26.47713">
        <ele>335.69</ele>
      </trkpt>
      <trkpt lat="43.47129" lon="26.47709">
        <ele>335.76</ele>
      </trkpt>
      <trkpt lat="43.4713" lon="26.47706">
        <ele>335.85</ele>
      </trkpt>
      <trkpt lat="43.47132" lon="26.47703">
        <ele>336.08</ele>
      </trkpt>
      <trkpt lat="43.47134" lon="26.47701">
        <ele>336.34</ele>
      </trkpt>
      <trkpt lat="43.47136" lon="26.477">
        <ele>336.6</ele>
      </trkpt>
      <trkpt lat="43.47138" lon="26.47698">
        <ele>336.88</ele>
      </trkpt>
      <trkpt lat="43.4714" lon="26.47698">
        <ele>337.12</ele>
      </trkpt>
      <trkpt lat="43.47142" lon="26.47698">
        <ele>337.34</ele>
      </trkpt>
      <trkpt lat="43.47144" lon="26.47698">
        <ele>337.55</ele>
      </trkpt>
      <trkpt lat="43.47146" lon="26.47698">
        <ele>337.77</ele>
      </trkpt>
      <trkpt lat="43.47148" lon="26.47698">
        <ele>337.98</ele>
      </trkpt>
      <trkpt lat="43.4715" lon="26.47698">
        <ele>338.2</ele>
      </trkpt>
      <trkpt lat="43.47152" lon="26.47697">
        <ele>338.42</ele>
      </trkpt>
      <trkpt lat="43.47153" lon="26.47696">
        <ele>338.52</ele>
      </trkpt>
      <trkpt lat="43.47155" lon="26.47695">
        <ele>338.74</ele>
      </trkpt>
      <trkpt lat="43.47157" lon="26.47694">
        <ele>338.96</ele>
      </trkpt>
      <trkpt lat="43.47159" lon="26.47693">
        <ele>339.2</ele>
      </trkpt>
      <trkpt lat="43.47161" lon="26.47692">
        <ele>339.44</ele>
      </trkpt>
      <trkpt lat="43.47163" lon="26.4769">
        <ele>339.72</ele>
      </trkpt>
      <trkpt lat="43.47165" lon="26.47689">
        <ele>339.99</ele>
      </trkpt>
      <trkpt lat="43.47167" lon="26.47687">
        <ele>340.29</ele>
      </trkpt>
      <trkpt lat="43.47169" lon="26.47686">
        <ele>340.45</ele>
      </trkpt>
      <trkpt lat="43.47172" lon="26.47684">
        <ele>340.69</ele>
      </trkpt>
      <trkpt lat="43.47174" lon="26.47683">
        <ele>340.83</ele>
      </trkpt>
      <trkpt lat="43.47176" lon="26.47682">
        <ele>340.97</ele>
      </trkpt>
      <trkpt lat="43.47178" lon="26.47681">
        <ele>341.1</ele>
      </trkpt>
      <trkpt lat="43.4718" lon="26.47681">
        <ele>341.21</ele>
      </trkpt>
      <trkpt lat="43.47182" lon="26.4768">
        <ele>341.34</ele>
      </trkpt>
      <trkpt lat="43.47183" lon="26.47679">
        <ele>341.41</ele>
      </trkpt>
      <trkpt lat="43.47184" lon="26.47678">
        <ele>341.47</ele>
      </trkpt>
      <trkpt lat="43.47184" lon="26.47676">
        <ele>341.5</ele>
      </trkpt>
      <trkpt lat="43.47184" lon="26.47674">
        <ele>341.52</ele>
      </trkpt>
      <trkpt lat="43.47184" lon="26.47672">
        <ele>341.55</ele>
      </trkpt>
      <trkpt lat="43.47184" lon="26.4767">
        <ele>341.58</ele>
      </trkpt>
      <trkpt lat="43.47184" lon="26.47668">
        <ele>341.61</ele>
      </trkpt>
      <trkpt lat="43.47184" lon="26.47665">
        <ele>341.71</ele>
      </trkpt>
      <trkpt lat="43.47184" lon="26.47662">
        <ele>341.86</ele>
      </trkpt>
      <trkpt lat="43.47183" lon="26.47659">
        <ele>341.98</ele>
      </trkpt>
      <trkpt lat="43.47182" lon="26.47656">
        <ele>342.11</ele>
      </trkpt>
      <trkpt lat="43.47182" lon="26.47653">
        <ele>342.26</ele>
      </trkpt>
      <trkpt lat="43.47181" lon="26.4765">
        <ele>342.41</ele>
      </trkpt>
      <trkpt lat="43.47179" lon="26.47646">
        <ele>342.6</ele>
      </trkpt>
      <trkpt lat="43.47179" lon="26.47643">
        <ele>342.77</ele>
      </trkpt>
      <trkpt lat="43.47178" lon="26.4764">
        <ele>342.94</ele>
      </trkpt>
      <trkpt lat="43.47177" lon="26.47637">
        <ele>343.02</ele>
      </trkpt>
      <trkpt lat="43.47177" lon="26.47633">
        <ele>343.05</ele>
      </trkpt>
      <trkpt lat="43.47177" lon="26.4763">
        <ele>343.08</ele>
      </trkpt>
      <trkpt lat="43.47177" lon="26.47627">
        <ele>343.11</ele>
      </trkpt>
      <trkpt lat="43.47177" lon="26.47624">
        <ele>343.14</ele>
      </trkpt>
      <trkpt lat="43.47177" lon="26.4762">
        <ele>343.17</ele>
      </trkpt>
      <trkpt lat="43.47177" lon="26.47617">
        <ele>343.2</ele>
      </trkpt>
      <trkpt lat="43.47178" lon="26.47613">
        <ele>343.17</ele>
      </trkpt>
      <trkpt lat="43.47179" lon="26.4761">
        <ele>343.03</ele>
      </trkpt>
      <trkpt lat="43.4718" lon="26.47607">
        <ele>342.74</ele>
      </trkpt>
      <trkpt lat="43.47182" lon="26.47604">
        <ele>342.38</ele>
      </trkpt>
      <trkpt lat="43.47183" lon="26.47601">
        <ele>342.1</ele>
      </trkpt>
      <trkpt lat="43.47185" lon="26.47598">
        <ele>341.74</ele>
      </trkpt>
      <trkpt lat="43.47186" lon="26.47595">
        <ele>341.45</ele>
      </trkpt>
      <trkpt lat="43.47188" lon="26.47592">
        <ele>341.09</ele>
      </trkpt>
      <trkpt lat="43.4719" lon="26.47589">
        <ele>340.73</ele>
      </trkpt>
      <trkpt lat="43.47191" lon="26.47586">
        <ele>340.44</ele>
      </trkpt>
      <trkpt lat="43.47192" lon="26.47583">
        <ele>340.17</ele>
      </trkpt>
      <trkpt lat="43.47194" lon="26.4758">
        <ele>340.02</ele>
      </trkpt>
      <trkpt lat="43.47195" lon="26.47576">
        <ele>340.04</ele>
      </trkpt>
      <trkpt lat="43.47196" lon="26.47573">
        <ele>340.11</ele>
      </trkpt>
      <trkpt lat="43.47197" lon="26.47569">
        <ele>340.18</ele>
      </trkpt>
      <trkpt lat="43.47198" lon="26.47566">
        <ele>340.26</ele>
      </trkpt>
      <trkpt lat="43.47199" lon="26.47563">
        <ele>340.33</ele>
      </trkpt>
      <trkpt lat="43.472" lon="26.47561">
        <ele>340.4</ele>
      </trkpt>
      <trkpt lat="43.47202" lon="26.47559">
        <ele>340.54</ele>
      </trkpt>
      <trkpt lat="43.47203" lon="26.47557">
        <ele>340.62</ele>
      </trkpt>
      <trkpt lat="43.47205" lon="26.47556">
        <ele>340.76</ele>
      </trkpt>
      <trkpt lat="43.47206" lon="26.47555">
        <ele>340.86</ele>
      </trkpt>
      <trkpt lat="43.47207" lon="26.47553">
        <ele>341.04</ele>
      </trkpt>
      <trkpt lat="43.47208" lon="26.4755">
        <ele>341.27</ele>
      </trkpt>
      <trkpt lat="43.47209" lon="26.47548">
        <ele>341.46</ele>
      </trkpt>
      <trkpt lat="43.4721" lon="26.47545">
        <ele>341.71</ele>
      </trkpt>
      <trkpt lat="43.47211" lon="26.47541">
        <ele>342.03</ele>
      </trkpt>
      <trkpt lat="43.47213" lon="26.47537">
        <ele>342.45</ele>
      </trkpt>
      <trkpt lat="43.47214" lon="26.47534">
        <ele>342.73</ele>
      </trkpt>
      <trkpt lat="43.47215" lon="26.4753">
        <ele>343.08</ele>
      </trkpt>
      <trkpt lat="43.47216" lon="26.47527">
        <ele>343.29</ele>
      </trkpt>
      <trkpt lat="43.47218" lon="26.47524">
        <ele>343.39</ele>
      </trkpt>
      <trkpt lat="43.47219" lon="26.47522">
        <ele>343.42</ele>
      </trkpt>
      <trkpt lat="43.47221" lon="26.47519">
        <ele>343.54</ele>
      </trkpt>
      <trkpt lat="43.47222" lon="26.47517">
        <ele>343.58</ele>
      </trkpt>
      <trkpt lat="43.47224" lon="26.47515">
        <ele>343.8</ele>
      </trkpt>
      <trkpt lat="43.47225" lon="26.47512">
        <ele>343.83</ele>
      </trkpt>
      <trkpt lat="43.47226" lon="26.4751">
        <ele>343.9</ele>
      </trkpt>
      <trkpt lat="43.47227" lon="26.47508">
        <ele>343.98</ele>
      </trkpt>
      <trkpt lat="43.47228" lon="26.47505">
        <ele>344.01</ele>
      </trkpt>
      <trkpt lat="43.47229" lon="26.47503">
        <ele>344.08</ele>
      </trkpt>
      <trkpt lat="43.4723" lon="26.475">
        <ele>344.12</ele>
      </trkpt>
      <trkpt lat="43.47232" lon="26.47497">
        <ele>344.48</ele>
      </trkpt>
      <trkpt lat="43.47233" lon="26.47494">
        <ele>344.72</ele>
      </trkpt>
      <trkpt lat="43.47234" lon="26.47491">
        <ele>344.97</ele>
      </trkpt>
      <trkpt lat="43.47235" lon="26.47488">
        <ele>345.24</ele>
      </trkpt>
      <trkpt lat="43.47236" lon="26.47485">
        <ele>345.52</ele>
      </trkpt>
      <trkpt lat="43.47237" lon="26.47482">
        <ele>345.82</ele>
      </trkpt>
      <trkpt lat="43.47239" lon="26.47478">
        <ele>346.37</ele>
      </trkpt>
      <trkpt lat="43.4724" lon="26.47475">
        <ele>346.71</ele>
      </trkpt>
      <trkpt lat="43.47241" lon="26.47472">
        <ele>347.02</ele>
      </trkpt>
      <trkpt lat="43.47242" lon="26.47469">
        <ele>346.77</ele>
      </trkpt>
      <trkpt lat="43.47244" lon="26.47466">
        <ele>346.76</ele>
      </trkpt>
      <trkpt lat="43.47246" lon="26.47464">
        <ele>346.91</ele>
      </trkpt>
      <trkpt lat="43.47248" lon="26.47461">
        <ele>346.92</ele>
      </trkpt>
      <trkpt lat="43.47249" lon="26.47459">
        <ele>346.86</ele>
      </trkpt>
      <trkpt lat="43.47251" lon="26.47456">
        <ele>346.66</ele>
      </trkpt>
      <trkpt lat="43.47253" lon="26.47454">
        <ele>346.37</ele>
      </trkpt>
      <trkpt lat="43.47255" lon="26.47451">
        <ele>346.0</ele>
      </trkpt>
      <trkpt lat="43.47256" lon="26.47448">
        <ele>345.65</ele>
      </trkpt>
      <trkpt lat="43.47258" lon="26.47445">
        <ele>345.35</ele>
      </trkpt>
      <trkpt lat="43.4726" lon="26.47442">
        <ele>345.11</ele>
      </trkpt>
      <trkpt lat="43.47262" lon="26.47439">
        <ele>344.96</ele>
      </trkpt>
      <trkpt lat="43.47264" lon="26.47436">
        <ele>344.9</ele>
      </trkpt>
      <trkpt lat="43.47266" lon="26.47433">
        <ele>344.94</ele>
      </trkpt>
      <trkpt lat="43.47268" lon="26.4743">
        <ele>345.07</ele>
      </trkpt>
      <trkpt lat="43.4727" lon="26.47427">
        <ele>345.29</ele>
      </trkpt>
      <trkpt lat="43.47272" lon="26.47425">
        <ele>345.62</ele>
      </trkpt>
      <trkpt lat="43.47274" lon="26.47422">
        <ele>346.01</ele>
      </trkpt>
      <trkpt lat="43.47276" lon="26.4742">
        <ele>346.48</ele>
      </trkpt>
      <trkpt lat="43.47279" lon="26.47417">
        <ele>346.95</ele>
      </trkpt>
      <trkpt lat="43.47281" lon="26.47415">
        <ele>346.32</ele>
      </trkpt>
      <trkpt lat="43.47283" lon="26.47413">
        <ele>345.62</ele>
      </trkpt>
      <trkpt lat="43.47285" lon="26.47411">
        <ele>344.97</ele>
      </trkpt>
      <trkpt lat="43.47287" lon="26.47409">
        <ele>344.37</ele>
      </trkpt>
      <trkpt lat="43.47289" lon="26.47408">
        <ele>344.11</ele>
      </trkpt>
      <trkpt lat="43.47291" lon="26.47406">
        <ele>343.6</ele>
      </trkpt>
      <trkpt lat="43.47294" lon="26.47406">
        <ele>343.7</ele>
      </trkpt>
      <trkpt lat="43.47296" lon="26.47405">
        <ele>343.52</ele>
      </trkpt>
      <trkpt lat="43.47298" lon="26.47405">
        <ele>343.6</ele>
      </trkpt>
      <trkpt lat="43.473" lon="26.47404">
        <ele>343.46</ele>
      </trkpt>
      <trkpt lat="43.47302" lon="26.47404">
        <ele>343.56</ele>
      </trkpt>
      <trkpt lat="43.47304" lon="26.47404">
        <ele>343.65</ele>
      </trkpt>
      <trkpt lat="43.47306" lon="26.47404">
        <ele>343.73</ele>
      </trkpt>
      <trkpt lat="43.47308" lon="26.47404">
        <ele>343.78</ele>
      </trkpt>
      <trkpt lat="43.4731" lon="26.47404">
        <ele>343.84</ele>
      </trkpt>
      <trkpt lat="43.47312" lon="26.47404">
        <ele>343.89</ele>
      </trkpt>
      <trkpt lat="43.47313" lon="26.47404">
        <ele>343.92</ele>
      </trkpt>
      <trkpt lat="43.47315" lon="26.47404">
        <ele>343.97</ele>
      </trkpt>
      <trkpt lat="43.47317" lon="26.47404">
        <ele>344.02</ele>
      </trkpt>
      <trkpt lat="43.47319" lon="26.47405">
        <ele>344.15</ele>
      </trkpt>
      <trkpt lat="43.47321" lon="26.47405">
        <ele>344.19</ele>
      </trkpt>
      <trkpt lat="43.47323" lon="26.47406">
        <ele>344.27</ele>
      </trkpt>
      <trkpt lat="43.47325" lon="26.47407">
        <ele>344.32</ele>
      </trkpt>
      <trkpt lat="43.47327" lon="26.47408">
        <ele>344.34</ele>
      </trkpt>
      <trkpt lat="43.47329" lon="26.47409">
        <ele>344.33</ele>
      </trkpt>
      <trkpt lat="43.47331" lon="26.4741">
        <ele>344.29</ele>
      </trkpt>
      <trkpt lat="43.47332" lon="26.4741">
        <ele>344.27</ele>
      </trkpt>
      <trkpt lat="43.47334" lon="26.47411">
        <ele>344.18</ele>
      </trkpt>
      <trkpt lat="43.47335" lon="26.47411">
        <ele>344.16</ele>
      </trkpt>
      <trkpt lat="43.47337" lon="26.47411">
        <ele>344.1</ele>
      </trkpt>
      <trkpt lat="43.47338" lon="26.47411">
        <ele>344.07</ele>
      </trkpt>
      <trkpt lat="43.4734" lon="26.47411">
        <ele>344.01</ele>
      </trkpt>
      <trkpt lat="43.47341" lon="26.47411">
        <ele>343.98</ele>
      </trkpt>
      <trkpt lat="43.47343" lon="26.47411">
        <ele>343.93</ele>
      </trkpt>
      <trkpt lat="43.47345" lon="26.47411">
        <ele>343.87</ele>
      </trkpt>
      <trkpt lat="43.47346" lon="26.47411">
        <ele>343.84</ele>
      </trkpt>
      <trkpt lat="43.47348" lon="26.4741">
        <ele>343.84</ele>
      </trkpt>
      <trkpt lat="43.4735" lon="26.47409">
        <ele>343.84</ele>
      </trkpt>
      <trkpt lat="43.47352" lon="26.47406">
        <ele>343.97</ele>
      </trkpt>
      <trkpt lat="43.47354" lon="26.47404">
        <ele>344.05</ele>
      </trkpt>
      <trkpt lat="43.47355" lon="26.47402">
        <ele>344.16</ele>
      </trkpt>
      <trkpt lat="43.47357" lon="26.474">
        <ele>344.26</ele>
      </trkpt>
      <trkpt lat="43.47358" lon="26.47398">
        <ele>344.38</ele>
      </trkpt>
      <trkpt lat="43.47359" lon="26.47396">
        <ele>344.51</ele>
      </trkpt>
      <trkpt lat="43.47358" lon="26.47394">
        <ele>344.65</ele>
      </trkpt>
      <trkpt lat="43.47358" lon="26.47393">
        <ele>344.72</ele>
      </trkpt>
      <trkpt lat="43.47357" lon="26.47392">
        <ele>344.79</ele>
      </trkpt>
      <trkpt lat="43.47356" lon="26.47391">
        <ele>344.86</ele>
      </trkpt>
      <trkpt lat="43.47355" lon="26.4739">
        <ele>344.93</ele>
      </trkpt>
      <trkpt lat="43.47353" lon="26.47389">
        <ele>344.99</ele>
      </trkpt>
      <trkpt lat="43.47352" lon="26.47388">
        <ele>344.95</ele>
      </trkpt>
      <trkpt lat="43.4735" lon="26.47386">
        <ele>344.79</ele>
      </trkpt>
      <trkpt lat="43.47348" lon="26.47385">
        <ele>344.67</ele>
      </trkpt>
      <trkpt lat="43.47346" lon="26.47383">
        <ele>344.42</ele>
      </trkpt>
      <trkpt lat="43.47345" lon="26.47381">
        <ele>344.18</ele>
      </trkpt>
      <trkpt lat="43.47343" lon="26.47378">
        <ele>343.72</ele>
      </trkpt>
      <trkpt lat="43.47343" lon="26.47376">
        <ele>343.49</ele>
      </trkpt>
      <trkpt lat="43.47342" lon="26.47373">
        <ele>343.03</ele>
      </trkpt>
      <trkpt lat="43.47341" lon="26.4737">
        <ele>342.54</ele>
      </trkpt>
      <trkpt lat="43.4734" lon="26.47367">
        <ele>342.01</ele>
      </trkpt>
      <trkpt lat="43.47339" lon="26.47364">
        <ele>341.43</ele>
      </trkpt>
      <trkpt lat="43.47338" lon="26.47361">
        <ele>340.82</ele>
      </trkpt>
      <trkpt lat="43.47336" lon="26.47358">
        <ele>339.96</ele>
      </trkpt>
      <trkpt lat="43.47335" lon="26.47355">
        <ele>339.25</ele>
      </trkpt>
      <trkpt lat="43.47333" lon="26.47353">
        <ele>338.48</ele>
      </trkpt>
      <trkpt lat="43.47332" lon="26.4735">
        <ele>337.78</ele>
      </trkpt>
      <trkpt lat="43.4733" lon="26.47348">
        <ele>337.1</ele>
      </trkpt>
      <trkpt lat="43.47329" lon="26.47345">
        <ele>336.41</ele>
      </trkpt>
      <trkpt lat="43.47328" lon="26.47343">
        <ele>335.91</ele>
      </trkpt>
      <trkpt lat="43.47328" lon="26.4734">
        <ele>335.39</ele>
      </trkpt>
      <trkpt lat="43.47326" lon="26.47338">
        <ele>334.74</ele>
      </trkpt>
      <trkpt lat="43.47325" lon="26.47336">
        <ele>334.25</ele>
      </trkpt>
      <trkpt lat="43.47323" lon="26.47335">
        <ele>333.79</ele>
      </trkpt>
      <trkpt lat="43.47322" lon="26.47333">
        <ele>333.32</ele>
      </trkpt>
      <trkpt lat="43.4732" lon="26.47331">
        <ele>332.74</ele>
      </trkpt>
      <trkpt lat="43.47318" lon="26.47329">
        <ele>332.17</ele>
      </trkpt>
      <trkpt lat="43.47316" lon="26.47327">
        <ele>331.59</ele>
      </trkpt>
      <trkpt lat="43.47315" lon="26.47324">
        <ele>331.02</ele>
      </trkpt>
      <trkpt lat="43.47313" lon="26.47321">
        <ele>330.3</ele>
      </trkpt>
      <trkpt lat="43.47312" lon="26.47319">
        <ele>329.86</ele>
      </trkpt>
      <trkpt lat="43.4731" lon="26.47316">
        <ele>329.14</ele>
      </trkpt>
      <trkpt lat="43.47309" lon="26.47313">
        <ele>328.57</ele>
      </trkpt>
      <trkpt lat="43.47307" lon="26.47311">
        <ele>327.99</ele>
      </trkpt>
      <trkpt lat="43.47305" lon="26.47308">
        <ele>327.22</ele>
      </trkpt>
      <trkpt lat="43.47304" lon="26.47306">
        <ele>326.67</ele>
      </trkpt>
      <trkpt lat="43.47302" lon="26.47303">
        <ele>325.7</ele>
      </trkpt>
      <trkpt lat="43.47301" lon="26.473">
        <ele>324.95</ele>
      </trkpt>
      <trkpt lat="43.473" lon="26.47298">
        <ele>324.35</ele>
      </trkpt>
      <trkpt lat="43.47298" lon="26.47295">
        <ele>323.27</ele>
      </trkpt>
      <trkpt lat="43.47297" lon="26.47292">
        <ele>322.44</ele>
      </trkpt>
      <trkpt lat="43.47295" lon="26.47288">
        <ele>321.09</ele>
      </trkpt>
      <trkpt lat="43.47294" lon="26.47285">
        <ele>320.2</ele>
      </trkpt>
      <trkpt lat="43.47292" lon="26.47281">
        <ele>318.75</ele>
      </trkpt>
      <trkpt lat="43.4729" lon="26.47278">
        <ele>317.45</ele>
      </trkpt>
      <trkpt lat="43.47288" lon="26.47276">
        <ele>316.58</ele>
      </trkpt>
      <trkpt lat="43.47286" lon="26.47273">
        <ele>315.67</ele>
      </trkpt>
      <trkpt lat="43.47284" lon="26.47271">
        <ele>314.81</ele>
      </trkpt>
      <trkpt lat="43.47283" lon="26.47269">
        <ele>314.31</ele>
      </trkpt>
      <trkpt lat="43.47281" lon="26.47268">
        <ele>313.5</ele>
      </trkpt>
      <trkpt lat="43.47279" lon="26.47266">
        <ele>312.61</ele>
      </trkpt>
      <trkpt lat="43.47277" lon="26.47265">
        <ele>311.79</ele>
      </trkpt>
      <trkpt lat="43.47275" lon="26.47263">
        <ele>310.88</ele>
      </trkpt>
      <trkpt lat="43.47274" lon="26.47263">
        <ele>310.5</ele>
      </trkpt>
      <trkpt lat="43.47272" lon="26.47262">
        <ele>309.67</ele>
      </trkpt>
      <trkpt lat="43.4727" lon="26.47261">
        <ele>308.82</ele>
      </trkpt>
      <trkpt lat="43.47268" lon="26.47261">
        <ele>308.06</ele>
      </trkpt>
      <trkpt lat="43.47266" lon="26.4726">
        <ele>307.21</ele>
      </trkpt>
      <trkpt lat="43.47263" lon="26.47259">
        <ele>305.97</ele>
      </trkpt>
      <trkpt lat="43.47262" lon="26.47258">
        <ele>305.49</ele>
      </trkpt>
      <trkpt lat="43.47261" lon="26.47257">
        <ele>305.01</ele>
      </trkpt>
      <trkpt lat="43.47261" lon="26.47255">
        <ele>304.82</ele>
      </trkpt>
      <trkpt lat="43.47261" lon="26.47254">
        <ele>304.73</ele>
      </trkpt>
      <trkpt lat="43.47262" lon="26.47252">
        <ele>304.94</ele>
      </trkpt>
      <trkpt lat="43.47263" lon="26.47251">
        <ele>305.24</ele>
      </trkpt>
      <trkpt lat="43.47263" lon="26.47249">
        <ele>305.11</ele>
      </trkpt>
      <trkpt lat="43.47264" lon="26.47248">
        <ele>305.47</ele>
      </trkpt>
      <trkpt lat="43.47264" lon="26.47247">
        <ele>305.44</ele>
      </trkpt>
      <trkpt lat="43.47264" lon="26.47247">
        <ele>305.44</ele>
      </trkpt>
      <trkpt lat="43.47262" lon="26.47246">
        <ele>304.61</ele>
      </trkpt>
      <trkpt lat="43.4726" lon="26.47246">
        <ele>303.82</ele>
      </trkpt>
      <trkpt lat="43.47256" lon="26.47246">
        <ele>302.23</ele>
      </trkpt>
      <trkpt lat="43.47253" lon="26.47246">
        <ele>301.04</ele>
      </trkpt>
      <trkpt lat="43.47249" lon="26.47247">
        <ele>299.46</ele>
      </trkpt>
      <trkpt lat="43.47245" lon="26.47248">
        <ele>297.76</ele>
      </trkpt>
      <trkpt lat="43.47241" lon="26.4725">
        <ele>296.11</ele>
      </trkpt>
      <trkpt lat="43.47237" lon="26.47251">
        <ele>294.51</ele>
      </trkpt>
      <trkpt lat="43.47234" lon="26.47253">
        <ele>293.47</ele>
      </trkpt>
      <trkpt lat="43.4723" lon="26.47255">
        <ele>292.03</ele>
      </trkpt>
      <trkpt lat="43.47227" lon="26.47258">
        <ele>291.17</ele>
      </trkpt>
      <trkpt lat="43.47224" lon="26.4726">
        <ele>290.18</ele>
      </trkpt>
      <trkpt lat="43.47221" lon="26.47263">
        <ele>289.57</ele>
      </trkpt>
      <trkpt lat="43.47219" lon="26.47266">
        <ele>289.46</ele>
      </trkpt>
      <trkpt lat="43.47216" lon="26.47269">
        <ele>289.0</ele>
      </trkpt>
      <trkpt lat="43.47213" lon="26.47272">
        <ele>288.46</ele>
      </trkpt>
      <trkpt lat="43.47211" lon="26.47275">
        <ele>288.13</ele>
      </trkpt>
      <trkpt lat="43.47208" lon="26.47279">
        <ele>287.76</ele>
      </trkpt>
      <trkpt lat="43.47206" lon="26.47282">
        <ele>288.0</ele>
      </trkpt>
      <trkpt lat="43.47203" lon="26.47285">
        <ele>287.83</ele>
      </trkpt>
      <trkpt lat="43.47201" lon="26.47287">
        <ele>287.68</ele>
      </trkpt>
      <trkpt lat="43.47199" lon="26.4729">
        <ele>287.77</ele>
      </trkpt>
      <trkpt lat="43.47196" lon="26.47294">
        <ele>287.69</ele>
      </trkpt>
      <trkpt lat="43.47194" lon="26.47297">
        <ele>287.76</ele>
      </trkpt>
      <trkpt lat="43.47191" lon="26.473">
        <ele>287.96</ele>
      </trkpt>
      <trkpt lat="43.47189" lon="26.47303">
        <ele>288.36</ele>
      </trkpt>
      <trkpt lat="43.47186" lon="26.47305">
        <ele>288.33</ele>
      </trkpt>
      <trkpt lat="43.47183" lon="26.47308">
        <ele>288.49</ele>
      </trkpt>
      <trkpt lat="43.4718" lon="26.47309">
        <ele>288.06</ele>
      </trkpt>
      <trkpt lat="43.47177" lon="26.47311">
        <ele>287.71</ele>
      </trkpt>
      <trkpt lat="43.47174" lon="26.47311">
        <ele>286.98</ele>
      </trkpt>
      <trkpt lat="43.47171" lon="26.47312">
        <ele>286.34</ele>
      </trkpt>
      <trkpt lat="43.47167" lon="26.47311">
        <ele>285.28</ele>
      </trkpt>
      <trkpt lat="43.47164" lon="26.4731">
        <ele>284.88</ele>
      </trkpt>
      <trkpt lat="43.47161" lon="26.47308">
        <ele>284.4</ele>
      </trkpt>
      <trkpt lat="43.47157" lon="26.47307">
        <ele>283.79</ele>
      </trkpt>
      <trkpt lat="43.47154" lon="26.47304">
        <ele>282.78</ele>
      </trkpt>
      <trkpt lat="43.47151" lon="26.47302">
        <ele>281.86</ele>
      </trkpt>
      <trkpt lat="43.47149" lon="26.47299">
        <ele>280.87</ele>
      </trkpt>
      <trkpt lat="43.47146" lon="26.47296">
        <ele>279.78</ele>
      </trkpt>
      <trkpt lat="43.47144" lon="26.47293">
        <ele>278.86</ele>
      </trkpt>
      <trkpt lat="43.47143" lon="26.4729">
        <ele>278.07</ele>
      </trkpt>
      <trkpt lat="43.47142" lon="26.47287">
        <ele>277.29</ele>
      </trkpt>
      <trkpt lat="43.47142" lon="26.47284">
        <ele>276.62</ele>
      </trkpt>
      <trkpt lat="43.47143" lon="26.47281">
        <ele>276.03</ele>
      </trkpt>
      <trkpt lat="43.47144" lon="26.47278">
        <ele>275.42</ele>
      </trkpt>
      <trkpt lat="43.47146" lon="26.47276">
        <ele>275.45</ele>
      </trkpt>
      <trkpt lat="43.47148" lon="26.47274">
        <ele>275.48</ele>
      </trkpt>
      <trkpt lat="43.47151" lon="26.47272">
        <ele>275.51</ele>
      </trkpt>
      <trkpt lat="43.47154" lon="26.4727">
        <ele>275.48</ele>
      </trkpt>
      <trkpt lat="43.47156" lon="26.47268">
        <ele>275.36</ele>
      </trkpt>
      <trkpt lat="43.47158" lon="26.47266">
        <ele>275.21</ele>
      </trkpt>
      <trkpt lat="43.4716" lon="26.47264">
        <ele>275.01</ele>
      </trkpt>
      <trkpt lat="43.47162" lon="26.47262">
        <ele>274.77</ele>
      </trkpt>
      <trkpt lat="43.47163" lon="26.47259">
        <ele>274.39</ele>
      </trkpt>
      <trkpt lat="43.47164" lon="26.47257">
        <ele>274.1</ele>
      </trkpt>
      <trkpt lat="43.47164" lon="26.47255">
        <ele>273.84</ele>
      </trkpt>
      <trkpt lat="43.47165" lon="26.47252">
        <ele>273.39</ele>
      </trkpt>
      <trkpt lat="43.47166" lon="26.4725">
        <ele>273.05</ele>
      </trkpt>
      <trkpt lat="43.47167" lon="26.47247">
        <ele>273.33</ele>
      </trkpt>
      <trkpt lat="43.47168" lon="26.47244">
        <ele>273.89</ele>
      </trkpt>
      <trkpt lat="43.4717" lon="26.47242">
        <ele>274.71</ele>
      </trkpt>
      <trkpt lat="43.47171" lon="26.47239">
        <ele>275.23</ele>
      </trkpt>
      <trkpt lat="43.47173" lon="26.47236">
        <ele>276.06</ele>
      </trkpt>
      <trkpt lat="43.47174" lon="26.47234">
        <ele>276.49</ele>
      </trkpt>
      <trkpt lat="43.47176" lon="26.47231">
        <ele>277.27</ele>
      </trkpt>
      <trkpt lat="43.47177" lon="26.47228">
        <ele>277.71</ele>
      </trkpt>
      <trkpt lat="43.47178" lon="26.47225">
        <ele>278.15</ele>
      </trkpt>
      <trkpt lat="43.47178" lon="26.47222">
        <ele>278.29</ele>
      </trkpt>
      <trkpt lat="43.47179" lon="26.47219">
        <ele>278.94</ele>
      </trkpt>
      <trkpt lat="43.4718" lon="26.47216">
        <ele>279.54</ele>
      </trkpt>
      <trkpt lat="43.47181" lon="26.47213">
        <ele>280.09</ele>
      </trkpt>
      <trkpt lat="43.47181" lon="26.4721">
        <ele>280.41</ele>
      </trkpt>
      <trkpt lat="43.47182" lon="26.47207">
        <ele>280.89</ele>
      </trkpt>
      <trkpt lat="43.47183" lon="26.47205">
        <ele>281.24</ele>
      </trkpt>
      <trkpt lat="43.47184" lon="26.47202">
        <ele>281.63</ele>
      </trkpt>
      <trkpt lat="43.47186" lon="26.472">
        <ele>282.03</ele>
      </trkpt>
      <trkpt lat="43.47187" lon="26.47197">
        <ele>282.32</ele>
      </trkpt>
      <trkpt lat="43.47188" lon="26.47195">
        <ele>282.51</ele>
      </trkpt>
      <trkpt lat="43.47189" lon="26.47193">
        <ele>282.44</ele>
      </trkpt>
      <trkpt lat="43.47191" lon="26.4719">
        <ele>282.19</ele>
      </trkpt>
      <trkpt lat="43.47192" lon="26.47187">
        <ele>281.85</ele>
      </trkpt>
      <trkpt lat="43.47192" lon="26.47185">
        <ele>281.58</ele>
      </trkpt>
      <trkpt lat="43.47193" lon="26.47182">
        <ele>281.2</ele>
      </trkpt>
      <trkpt lat="43.47194" lon="26.4718">
        <ele>280.92</ele>
      </trkpt>
      <trkpt lat="43.47195" lon="26.47177">
        <ele>280.52</ele>
      </trkpt>
      <trkpt lat="43.47196" lon="26.47175">
        <ele>280.3</ele>
      </trkpt>
      <trkpt lat="43.47197" lon="26.47172">
        <ele>279.93</ele>
      </trkpt>
      <trkpt lat="43.47199" lon="26.4717">
        <ele>279.79</ele>
      </trkpt>
      <trkpt lat="43.47201" lon="26.47168">
        <ele>279.65</ele>
      </trkpt>
      <trkpt lat="43.47203" lon="26.47166">
        <ele>279.54</ele>
      </trkpt>
      <trkpt lat="43.47205" lon="26.47165">
        <ele>279.58</ele>
      </trkpt>
      <trkpt lat="43.47207" lon="26.47164">
        <ele>279.62</ele>
      </trkpt>
      <trkpt lat="43.47209" lon="26.47163">
        <ele>279.65</ele>
      </trkpt>
      <trkpt lat="43.47211" lon="26.47162">
        <ele>279.69</ele>
      </trkpt>
      <trkpt lat="43.47212" lon="26.47161">
        <ele>279.65</ele>
      </trkpt>
      <trkpt lat="43.47213" lon="26.4716">
        <ele>279.62</ele>
      </trkpt>
      <trkpt lat="43.47215" lon="26.47159">
        <ele>279.65</ele>
      </trkpt>
      <trkpt lat="43.47215" lon="26.47157">
        <ele>279.44</ele>
      </trkpt>
      <trkpt lat="43.47216" lon="26.47156">
        <ele>279.4</ele>
      </trkpt>
      <trkpt lat="43.47217" lon="26.47154">
        <ele>279.26</ele>
      </trkpt>
      <trkpt lat="43.47217" lon="26.47152">
        <ele>279.04</ele>
      </trkpt>
      <trkpt lat="43.47218" lon="26.4715">
        <ele>278.9</ele>
      </trkpt>
      <trkpt lat="43.47219" lon="26.47147">
        <ele>278.64</ele>
      </trkpt>
      <trkpt lat="43.47221" lon="26.47146">
        <ele>278.68</ele>
      </trkpt>
      <trkpt lat="43.47222" lon="26.47144">
        <ele>278.54</ele>
      </trkpt>
      <trkpt lat="43.47224" lon="26.47142">
        <ele>278.64</ele>
      </trkpt>
      <trkpt lat="43.47226" lon="26.47139">
        <ele>278.56</ele>
      </trkpt>
      <trkpt lat="43.47227" lon="26.47137">
        <ele>278.57</ele>
      </trkpt>
      <trkpt lat="43.47229" lon="26.47135">
        <ele>278.7</ele>
      </trkpt>
      <trkpt lat="43.4723" lon="26.47133">
        <ele>278.67</ele>
      </trkpt>
      <trkpt lat="43.47232" lon="26.47131">
        <ele>278.72</ele>
      </trkpt>
      <trkpt lat="43.47233" lon="26.47129">
        <ele>278.64</ele>
      </trkpt>
      <trkpt lat="43.47234" lon="26.47126">
        <ele>278.45</ele>
      </trkpt>
      <trkpt lat="43.47236" lon="26.47125">
        <ele>278.49</ele>
      </trkpt>
      <trkpt lat="43.47237" lon="26.47123">
        <ele>278.34</ele>
      </trkpt>
      <trkpt lat="43.47238" lon="26.47121">
        <ele>278.16</ele>
      </trkpt>
      <trkpt lat="43.47239" lon="26.4712">
        <ele>278.09</ele>
      </trkpt>
      <trkpt lat="43.4724" lon="26.47118">
        <ele>277.88</ele>
      </trkpt>
      <trkpt lat="43.47241" lon="26.47117">
        <ele>277.79</ele>
      </trkpt>
      <trkpt lat="43.47242" lon="26.47115">
        <ele>277.54</ele>
      </trkpt>
      <trkpt lat="43.47244" lon="26.47114">
        <ele>277.43</ele>
      </trkpt>
      <trkpt lat="43.47245" lon="26.47113">
        <ele>277.29</ele>
      </trkpt>
      <trkpt lat="43.47246" lon="26.47111">
        <ele>276.99</ele>
      </trkpt>
      <trkpt lat="43.47248" lon="26.4711">
        <ele>276.93</ele>
      </trkpt>
      <trkpt lat="43.47249" lon="26.47108">
        <ele>276.78</ele>
      </trkpt>
      <trkpt lat="43.4725" lon="26.47106">
        <ele>276.63</ele>
      </trkpt>
      <trkpt lat="43.47251" lon="26.47103">
        <ele>276.52</ele>
      </trkpt>
      <trkpt lat="43.47251" lon="26.47101">
        <ele>276.36</ele>
      </trkpt>
      <trkpt lat="43.47252" lon="26.47099">
        <ele>276.29</ele>
      </trkpt>
      <trkpt lat="43.47251" lon="26.47097">
        <ele>276.05</ele>
      </trkpt>
      <trkpt lat="43.47251" lon="26.47095">
        <ele>275.9</ele>
      </trkpt>
      <trkpt lat="43.4725" lon="26.47094">
        <ele>275.77</ele>
      </trkpt>
      <trkpt lat="43.47249" lon="26.47093">
        <ele>275.74</ele>
      </trkpt>
      <trkpt lat="43.47248" lon="26.47092">
        <ele>275.72</ele>
      </trkpt>
      <trkpt lat="43.47247" lon="26.4709">
        <ele>275.64</ele>
      </trkpt>
      <trkpt lat="43.47246" lon="26.47088">
        <ele>275.58</ele>
      </trkpt>
      <trkpt lat="43.47245" lon="26.47085">
        <ele>275.46</ele>
      </trkpt>
      <trkpt lat="43.47244" lon="26.47082">
        <ele>275.45</ele>
      </trkpt>
      <trkpt lat="43.47242" lon="26.47079">
        <ele>275.6</ele>
      </trkpt>
      <trkpt lat="43.47241" lon="26.47074">
        <ele>275.66</ele>
      </trkpt>
      <trkpt lat="43.47241" lon="26.4707">
        <ele>275.66</ele>
      </trkpt>
      <trkpt lat="43.47241" lon="26.47066">
        <ele>275.67</ele>
      </trkpt>
      <trkpt lat="43.47241" lon="26.47062">
        <ele>275.67</ele>
      </trkpt>
      <trkpt lat="43.47242" lon="26.47059">
        <ele>275.7</ele>
      </trkpt>
      <trkpt lat="43.47243" lon="26.47056">
        <ele>275.74</ele>
      </trkpt>
      <trkpt lat="43.47244" lon="26.47053">
        <ele>275.67</ele>
      </trkpt>
      <trkpt lat="43.47245" lon="26.4705">
        <ele>275.58</ele>
      </trkpt>
      <trkpt lat="43.47247" lon="26.47048">
        <ele>275.59</ele>
      </trkpt>
      <trkpt lat="43.47249" lon="26.47046">
        <ele>275.61</ele>
      </trkpt>
      <trkpt lat="43.47251" lon="26.47045">
        <ele>275.62</ele>
      </trkpt>
      <trkpt lat="43.47253" lon="26.47043">
        <ele>275.55</ele>
      </trkpt>
      <trkpt lat="43.47256" lon="26.47041">
        <ele>275.48</ele>
      </trkpt>
      <trkpt lat="43.47258" lon="26.47039">
        <ele>275.4</ele>
      </trkpt>
      <trkpt lat="43.4726" lon="26.47038">
        <ele>275.37</ele>
      </trkpt>
      <trkpt lat="43.47263" lon="26.47036">
        <ele>275.3</ele>
      </trkpt>
      <trkpt lat="43.47266" lon="26.47034">
        <ele>275.22</ele>
      </trkpt>
      <trkpt lat="43.47269" lon="26.47033">
        <ele>275.19</ele>
      </trkpt>
      <trkpt lat="43.47272" lon="26.47031">
        <ele>275.12</ele>
      </trkpt>
      <trkpt lat="43.47275" lon="26.47029">
        <ele>275.04</ele>
      </trkpt>
      <trkpt lat="43.47277" lon="26.47026">
        <ele>275.14</ele>
      </trkpt>
      <trkpt lat="43.4728" lon="26.47024">
        <ele>275.18</ele>
      </trkpt>
      <trkpt lat="43.47282" lon="26.47022">
        <ele>275.23</ele>
      </trkpt>
      <trkpt lat="43.47284" lon="26.4702">
        <ele>275.27</ele>
      </trkpt>
      <trkpt lat="43.47287" lon="26.47018">
        <ele>275.26</ele>
      </trkpt>
      <trkpt lat="43.47289" lon="26.47016">
        <ele>275.27</ele>
      </trkpt>
      <trkpt lat="43.47292" lon="26.47014">
        <ele>275.23</ele>
      </trkpt>
      <trkpt lat="43.47294" lon="26.47012">
        <ele>275.22</ele>
      </trkpt>
      <trkpt lat="43.47297" lon="26.4701">
        <ele>275.15</ele>
      </trkpt>
      <trkpt lat="43.473" lon="26.47009">
        <ele>275.01</ele>
      </trkpt>
      <trkpt lat="43.47302" lon="26.47007">
        <ele>274.97</ele>
      </trkpt>
      <trkpt lat="43.47304" lon="26.47005">
        <ele>274.92</ele>
      </trkpt>
      <trkpt lat="43.47306" lon="26.47002">
        <ele>274.95</ele>
      </trkpt>
      <trkpt lat="43.47308" lon="26.46999">
        <ele>275.19</ele>
      </trkpt>
      <trkpt lat="43.4731" lon="26.46996">
        <ele>275.52</ele>
      </trkpt>
      <trkpt lat="43.47312" lon="26.46994">
        <ele>275.73</ele>
      </trkpt>
      <trkpt lat="43.47313" lon="26.4699">
        <ele>276.06</ele>
      </trkpt>
      <trkpt lat="43.47315" lon="26.46987">
        <ele>276.27</ele>
      </trkpt>
      <trkpt lat="43.47316" lon="26.46984">
        <ele>276.45</ele>
      </trkpt>
      <trkpt lat="43.47318" lon="26.46981">
        <ele>276.58</ele>
      </trkpt>
      <trkpt lat="43.4732" lon="26.46979">
        <ele>276.61</ele>
      </trkpt>
      <trkpt lat="43.47321" lon="26.46976">
        <ele>276.71</ele>
      </trkpt>
      <trkpt lat="43.47323" lon="26.46974">
        <ele>276.67</ele>
      </trkpt>
      <trkpt lat="43.47325" lon="26.46972">
        <ele>276.61</ele>
      </trkpt>
      <trkpt lat="43.47327" lon="26.46969">
        <ele>276.56</ele>
      </trkpt>
      <trkpt lat="43.47329" lon="26.46967">
        <ele>276.43</ele>
      </trkpt>
      <trkpt lat="43.47331" lon="26.46964">
        <ele>276.27</ele>
      </trkpt>
      <trkpt lat="43.47333" lon="26.46962">
        <ele>276.04</ele>
      </trkpt>
      <trkpt lat="43.47335" lon="26.46959">
        <ele>276.0</ele>
      </trkpt>
      <trkpt lat="43.47337" lon="26.46956">
        <ele>276.0</ele>
      </trkpt>
      <trkpt lat="43.47339" lon="26.46954">
        <ele>276.0</ele>
      </trkpt>
      <trkpt lat="43.47342" lon="26.46951">
        <ele>276.0</ele>
      </trkpt>
      <trkpt lat="43.47344" lon="26.46948">
        <ele>276.0</ele>
      </trkpt>
      <trkpt lat="43.47347" lon="26.46945">
        <ele>276.0</ele>
      </trkpt>
      <trkpt lat="43.4735" lon="26.46942">
        <ele>276.05</ele>
      </trkpt>
      <trkpt lat="43.47353" lon="26.4694">
        <ele>276.03</ele>
      </trkpt>
      <trkpt lat="43.47356" lon="26.46937">
        <ele>275.93</ele>
      </trkpt>
      <trkpt lat="43.47359" lon="26.46935">
        <ele>275.76</ele>
      </trkpt>
      <trkpt lat="43.47361" lon="26.46932">
        <ele>275.56</ele>
      </trkpt>
      <trkpt lat="43.47364" lon="26.4693">
        <ele>275.69</ele>
      </trkpt>
      <trkpt lat="43.47366" lon="26.46927">
        <ele>275.72</ele>
      </trkpt>
      <trkpt lat="43.47369" lon="26.46925">
        <ele>275.87</ele>
      </trkpt>
      <trkpt lat="43.47371" lon="26.46923">
        <ele>275.94</ele>
      </trkpt>
      <trkpt lat="43.47373" lon="26.4692">
        <ele>275.98</ele>
      </trkpt>
      <trkpt lat="43.47376" lon="26.46918">
        <ele>276.12</ele>
      </trkpt>
      <trkpt lat="43.47378" lon="26.46915">
        <ele>276.25</ele>
      </trkpt>
      <trkpt lat="43.4738" lon="26.46913">
        <ele>276.4</ele>
      </trkpt>
      <trkpt lat="43.47382" lon="26.46911">
        <ele>276.5</ele>
      </trkpt>
      <trkpt lat="43.47385" lon="26.46908">
        <ele>276.58</ele>
      </trkpt>
      <trkpt lat="43.47387" lon="26.46906">
        <ele>276.58</ele>
      </trkpt>
      <trkpt lat="43.47389" lon="26.46903">
        <ele>276.51</ele>
      </trkpt>
      <trkpt lat="43.47391" lon="26.46901">
        <ele>276.38</ele>
      </trkpt>
      <trkpt lat="43.47393" lon="26.46898">
        <ele>276.18</ele>
      </trkpt>
      <trkpt lat="43.47395" lon="26.46895">
        <ele>275.93</ele>
      </trkpt>
      <trkpt lat="43.47397" lon="26.46892">
        <ele>275.63</ele>
      </trkpt>
      <trkpt lat="43.47399" lon="26.46889">
        <ele>275.28</ele>
      </trkpt>
      <trkpt lat="43.47401" lon="26.46885">
        <ele>275.07</ele>
      </trkpt>
      <trkpt lat="43.47403" lon="26.46882">
        <ele>274.86</ele>
      </trkpt>
      <trkpt lat="43.47405" lon="26.46879">
        <ele>274.63</ele>
      </trkpt>
      <trkpt lat="43.47407" lon="26.46876">
        <ele>274.39</ele>
      </trkpt>
      <trkpt lat="43.47409" lon="26.46873">
        <ele>274.14</ele>
      </trkpt>
      <trkpt lat="43.47411" lon="26.4687">
        <ele>273.87</ele>
      </trkpt>
      <trkpt lat="43.47413" lon="26.46867">
        <ele>273.58</ele>
      </trkpt>
      <trkpt lat="43.47415" lon="26.46864">
        <ele>273.28</ele>
      </trkpt>
      <trkpt lat="43.47417" lon="26.46861">
        <ele>273.01</ele>
      </trkpt>
      <trkpt lat="43.47419" lon="26.46858">
        <ele>273.2</ele>
      </trkpt>
      <trkpt lat="43.47421" lon="26.46855">
        <ele>273.34</ele>
      </trkpt>
      <trkpt lat="43.47423" lon="26.46853">
        <ele>273.38</ele>
      </trkpt>
      <trkpt lat="43.47425" lon="26.4685">
        <ele>273.44</ele>
      </trkpt>
      <trkpt lat="43.47428" lon="26.46847">
        <ele>273.39</ele>
      </trkpt>
      <trkpt lat="43.4743" lon="26.46844">
        <ele>273.34</ele>
      </trkpt>
      <trkpt lat="43.47432" lon="26.46842">
        <ele>273.24</ele>
      </trkpt>
      <trkpt lat="43.47434" lon="26.46839">
        <ele>273.1</ele>
      </trkpt>
      <trkpt lat="43.47436" lon="26.46837">
        <ele>272.92</ele>
      </trkpt>
      <trkpt lat="43.47438" lon="26.46835">
        <ele>272.71</ele>
      </trkpt>
      <trkpt lat="43.47441" lon="26.46833">
        <ele>272.41</ele>
      </trkpt>
      <trkpt lat="43.47443" lon="26.46831">
        <ele>272.41</ele>
      </trkpt>
      <trkpt lat="43.47445" lon="26.46828">
        <ele>272.57</ele>
      </trkpt>
      <trkpt lat="43.47447" lon="26.46826">
        <ele>272.74</ele>
      </trkpt>
      <trkpt lat="43.47449" lon="26.46824">
        <ele>272.9</ele>
      </trkpt>
      <trkpt lat="43.47452" lon="26.46821">
        <ele>273.09</ele>
      </trkpt>
      <trkpt lat="43.47454" lon="26.46819">
        <ele>273.19</ele>
      </trkpt>
      <trkpt lat="43.47456" lon="26.46817">
        <ele>273.27</ele>
      </trkpt>
      <trkpt lat="43.47458" lon="26.46814">
        <ele>273.41</ele>
      </trkpt>
      <trkpt lat="43.4746" lon="26.46812">
        <ele>273.44</ele>
      </trkpt>
      <trkpt lat="43.47462" lon="26.4681">
        <ele>273.46</ele>
      </trkpt>
      <trkpt lat="43.47464" lon="26.46808">
        <ele>273.45</ele>
      </trkpt>
      <trkpt lat="43.47465" lon="26.46806">
        <ele>273.5</ele>
      </trkpt>
      <trkpt lat="43.47467" lon="26.46803">
        <ele>273.67</ele>
      </trkpt>
      <trkpt lat="43.47468" lon="26.46801">
        <ele>273.82</ele>
      </trkpt>
      <trkpt lat="43.4747" lon="26.46799">
        <ele>273.89</ele>
      </trkpt>
      <trkpt lat="43.47471" lon="26.46796">
        <ele>274.14</ele>
      </trkpt>
      <trkpt lat="43.47472" lon="26.46794">
        <ele>274.27</ele>
      </trkpt>
      <trkpt lat="43.47473" lon="26.46792">
        <ele>274.46</ele>
      </trkpt>
      <trkpt lat="43.47475" lon="26.4679">
        <ele>274.68</ele>
      </trkpt>
      <trkpt lat="43.47476" lon="26.46788">
        <ele>274.9</ele>
      </trkpt>
      <trkpt lat="43.47478" lon="26.46786">
        <ele>275.11</ele>
      </trkpt>
      <trkpt lat="43.4748" lon="26.46784">
        <ele>275.33</ele>
      </trkpt>
      <trkpt lat="43.47483" lon="26.46783">
        <ele>275.44</ele>
      </trkpt>
      <trkpt lat="43.47485" lon="26.46781">
        <ele>275.65</ele>
      </trkpt>
      <trkpt lat="43.47487" lon="26.46779">
        <ele>275.87</ele>
      </trkpt>
      <trkpt lat="43.4749" lon="26.46777">
        <ele>276.21</ele>
      </trkpt>
      <trkpt lat="43.47493" lon="26.46776">
        <ele>276.46</ele>
      </trkpt>
      <trkpt lat="43.47496" lon="26.46775">
        <ele>276.71</ele>
      </trkpt>
      <trkpt lat="43.47499" lon="26.46774">
        <ele>276.96</ele>
      </trkpt>
      <trkpt lat="43.47502" lon="26.46774">
        <ele>276.81</ele>
      </trkpt>
      <trkpt lat="43.47506" lon="26.46775">
        <ele>276.27</ele>
      </trkpt>
      <trkpt lat="43.47509" lon="26.46776">
        <ele>275.8</ele>
      </trkpt>
      <trkpt lat="43.47512" lon="26.46776">
        <ele>275.58</ele>
      </trkpt>
      <trkpt lat="43.47516" lon="26.46777">
        <ele>275.04</ele>
      </trkpt>
      <trkpt lat="43.47519" lon="26.46778">
        <ele>274.62</ele>
      </trkpt>
      <trkpt lat="43.47522" lon="26.46779">
        <ele>274.35</ele>
      </trkpt>
      <trkpt lat="43.47525" lon="26.4678">
        <ele>274.1</ele>
      </trkpt>
      <trkpt lat="43.47527" lon="26.46781">
        <ele>273.93</ele>
      </trkpt>
      <trkpt lat="43.4753" lon="26.46781">
        <ele>273.87</ele>
      </trkpt>
      <trkpt lat="43.47533" lon="26.46782">
        <ele>273.79</ele>
      </trkpt>
      <trkpt lat="43.47536" lon="26.46782">
        <ele>273.76</ele>
      </trkpt>
      <trkpt lat="43.47539" lon="26.46782">
        <ele>273.73</ele>
      </trkpt>
      <trkpt lat="43.47542" lon="26.46782">
        <ele>273.69</ele>
      </trkpt>
      <trkpt lat="43.47544" lon="26.46782">
        <ele>273.67</ele>
      </trkpt>
      <trkpt lat="43.47547" lon="26.46781">
        <ele>273.72</ele>
      </trkpt>
      <trkpt lat="43.4755" lon="26.46781">
        <ele>273.7</ele>
      </trkpt>
      <trkpt lat="43.47553" lon="26.4678">
        <ele>273.77</ele>
      </trkpt>
      <trkpt lat="43.47556" lon="26.46779">
        <ele>273.82</ele>
      </trkpt>
      <trkpt lat="43.47559" lon="26.46779">
        <ele>273.52</ele>
      </trkpt>
      <trkpt lat="43.47562" lon="26.46778">
        <ele>273.29</ele>
      </trkpt>
      <trkpt lat="43.47565" lon="26.46777">
        <ele>273.04</ele>
      </trkpt>
      <trkpt lat="43.47568" lon="26.46777">
        <ele>272.71</ele>
      </trkpt>
      <trkpt lat="43.47571" lon="26.46776">
        <ele>272.46</ele>
      </trkpt>
      <trkpt lat="43.47574" lon="26.46775">
        <ele>272.21</ele>
      </trkpt>
      <trkpt lat="43.47576" lon="26.46774">
        <ele>272.06</ele>
      </trkpt>
      <trkpt lat="43.47579" lon="26.46774">
        <ele>271.74</ele>
      </trkpt>
      <trkpt lat="43.47582" lon="26.46773">
        <ele>271.49</ele>
      </trkpt>
      <trkpt lat="43.47584" lon="26.46772">
        <ele>271.36</ele>
      </trkpt>
      <trkpt lat="43.47586" lon="26.46771">
        <ele>271.27</ele>
      </trkpt>
      <trkpt lat="43.47589" lon="26.4677">
        <ele>271.09</ele>
      </trkpt>
      <trkpt lat="43.47591" lon="26.46769">
        <ele>270.99</ele>
      </trkpt>
      <trkpt lat="43.47593" lon="26.46768">
        <ele>270.89</ele>
      </trkpt>
      <trkpt lat="43.47596" lon="26.46767">
        <ele>270.69</ele>
      </trkpt>
      <trkpt lat="43.47598" lon="26.46766">
        <ele>270.57</ele>
      </trkpt>
      <trkpt lat="43.476" lon="26.46765">
        <ele>270.44</ele>
      </trkpt>
      <trkpt lat="43.47602" lon="26.46764">
        <ele>270.31</ele>
      </trkpt>
      <trkpt lat="43.47603" lon="26.46763">
        <ele>270.27</ele>
      </trkpt>
      <trkpt lat="43.47605" lon="26.46762">
        <ele>270.13</ele>
      </trkpt>
      <trkpt lat="43.47607" lon="26.46761">
        <ele>269.99</ele>
      </trkpt>
      <trkpt lat="43.47609" lon="26.4676">
        <ele>269.84</ele>
      </trkpt>
      <trkpt lat="43.4761" lon="26.46758">
        <ele>269.82</ele>
      </trkpt>
      <trkpt lat="43.47611" lon="26.46757">
        <ele>269.76</ele>
      </trkpt>
      <trkpt lat="43.47612" lon="26.46756">
        <ele>269.8</ele>
      </trkpt>
    </trkseg>
  </trk>
</gpx>
