<?xml version='1.0' encoding='UTF-8' standalone='yes' ?>
<gpx version="1.1" creator="OsmAnd 5.2.13" xmlns="http://www.topografix.com/GPX/1/1" xmlns:osmand="https://osmand.net/docs/technical/osmand-file-formats/osmand-gpx" xmlns:gpxtpx="https://www8.garmin.com/xmlschemas/TrackPointExtensionv1.xsd" xmlns:xsi="http://www.w3.org/2001/XMLSchema-instance" xsi:schemaLocation="http://www.topografix.com/GPX/1/1 https://www.topografix.com/GPX/1/1/gpx.xsd">
  <metadata>
    <name>кк.Боровец - х.Мусала</name>
    <desc>Bientus, Inc. - www.ramblr.com - Share your outdoor stories on a map!</desc>
    <author>
      <name>ptolev</name>
    </author>
    <link href="http://www.ramblr.com/web/mymap/trip/64417/432574" />
    <time>2016-08-07T04:58:38Z</time>
  </metadata>
  <wpt lat="42.2571178" lon="23.5971557">
    <name>Fork 1 - left</name>
    <cmt>Разклон 1 - наляво</cmt>
    <type></type>
  </wpt>
  <wpt lat="42.2545571" lon="23.5986034">
    <name>Fork 2 - right</name>
    <cmt>Разклон 2 - надясно</cmt>
    <type></type>
  </wpt>
  <wpt lat="42.2492607" lon="23.60489">
    <name>Fork 3 - left</name>
    <cmt>Разклон 3 - наляво</cmt>
    <type></type>
  </wpt>
  <wpt lat="42.247039" lon="23.6060811">
    <name>Fork 4 - left</name>
    <cmt>Разклон 4 - наляво</cmt>
    <type></type>
  </wpt>
  <wpt lat="42.2455695" lon="23.6046684">
    <name>Fork 5 - left</name>
    <cmt>Разклон 5 - наляво</cmt>
    <type></type>
  </wpt>
  <wpt lat="42.2450253" lon="23.6043674">
    <name>Fork 6 - forward</name>
    <cmt>Разклон 6 - направо</cmt>
    <type></type>
  </wpt>
  <wpt lat="42.2439141" lon="23.6036443">
    <name>Fork 7 - left</name>
    <cmt>Разклон 7 - наляво</cmt>
    <type></type>
  </wpt>
  <wpt lat="42.2148852" lon="23.5880102">
    <name>Fork 8 - left</name>
    <cmt>Разклон 8 - наляво</cmt>
    <desc>За хижата</desc>
    <type></type>
  </wpt>
  <wpt lat="42.2017639" lon="23.5911195">
    <name>Fork 9 - left</name>
    <cmt>Разклон 9 - наляво</cmt>
    <type></type>
  </wpt>
  <wpt lat="42.2470866" lon="23.6062333">
    <name>Water 1</name>
    <cmt>Вода 1</cmt>
    <desc>река Бистрица</desc>
    <type></type>
  </wpt>
  <wpt lat="42.2256092" lon="23.5924954">
    <name>Water 2</name>
    <cmt>Вода 2</cmt>
    <desc>река Бистрица</desc>
    <type></type>
  </wpt>
  <wpt lat="42.2031683" lon="23.5918588">
    <name>Water 3</name>
    <cmt>Вода 3</cmt>
    <desc>река Бистрица</desc>
    <type></type>
  </wpt>
  <wpt lat="42.2470866" lon="23.6061333">
    <name>Bench 1</name>
    <cmt>Пейка 1</cmt>
    <type></type>
  </wpt>
  <wpt lat="42.2255092" lon="23.5924954">
    <name>Bench 2</name>
    <cmt>Пейка 2</cmt>
    <type></type>
  </wpt>
  <wpt lat="42.1983625" lon="23.58744">
    <name>Musala Lodge</name>
    <cmt>х.Мусала</cmt>
    <type></type>
  </wpt>
  <trk>
    <name>кк.Боровец - х.Мусала</name>
    <trkseg>
      <trkpt lat="42.2635637" lon="23.6040038">
        <ele>1350</ele>
        <time>2016-08-07T08:37:52Z</time>
      </trkpt>
      <trkpt lat="42.2634696" lon="23.6039687">
        <ele>1351</ele>
        <time>2016-08-07T08:37:43Z</time>
      </trkpt>
      <trkpt lat="42.2633734" lon="23.60396">
        <ele>1350</ele>
        <time>2016-08-07T08:37:36Z</time>
      </trkpt>
      <trkpt lat="42.2632833" lon="23.6039137">
        <ele>1352</ele>
        <time>2016-08-07T08:37:28Z</time>
      </trkpt>
      <trkpt lat="42.2631898" lon="23.6038985">
        <ele>1350</ele>
        <time>2016-08-07T08:37:22Z</time>
      </trkpt>
      <trkpt lat="42.2631573" lon="23.6038986">
        <ele>1350</ele>
        <time>2016-08-07T08:37:20Z</time>
      </trkpt>
      <trkpt lat="42.2630611" lon="23.6038984">
        <ele>1349</ele>
        <time>2016-08-07T08:37:13Z</time>
      </trkpt>
      <trkpt lat="42.2629791" lon="23.6038413">
        <ele>1350</ele>
        <time>2016-08-07T08:37:05Z</time>
      </trkpt>
      <trkpt lat="42.262903" lon="23.6037766">
        <ele>1349</ele>
        <time>2016-08-07T08:37:00Z</time>
      </trkpt>
      <trkpt lat="42.2628326" lon="23.6036729">
        <ele>1354</ele>
        <time>2016-08-07T08:36:51Z</time>
      </trkpt>
      <trkpt lat="42.2627639" lon="23.6035923">
        <ele>1365</ele>
        <time>2016-08-07T08:36:39Z</time>
      </trkpt>
      <trkpt lat="42.262732" lon="23.6034677">
        <ele>1362</ele>
        <time>2016-08-07T08:36:32Z</time>
      </trkpt>
      <trkpt lat="42.2626365" lon="23.6034445">
        <ele>1366</ele>
        <time>2016-08-07T08:36:25Z</time>
      </trkpt>
      <trkpt lat="42.2625545" lon="23.6033854">
        <ele>1375</ele>
        <time>2016-08-07T08:36:16Z</time>
      </trkpt>
      <trkpt lat="42.2624822" lon="23.6032825">
        <ele>1370</ele>
        <time>2016-08-07T08:36:09Z</time>
      </trkpt>
      <trkpt lat="42.2624279" lon="23.603183">
        <ele>1369</ele>
        <time>2016-08-07T08:36:02Z</time>
      </trkpt>
      <trkpt lat="42.2623524" lon="23.6030862">
        <ele>1369</ele>
        <time>2016-08-07T08:35:55Z</time>
      </trkpt>
      <trkpt lat="42.2622669" lon="23.6030073">
        <ele>1369</ele>
        <time>2016-08-07T08:35:48Z</time>
      </trkpt>
      <trkpt lat="42.2621996" lon="23.602894">
        <ele>1367</ele>
        <time>2016-08-07T08:35:43Z</time>
      </trkpt>
      <trkpt lat="42.2621708" lon="23.6027706">
        <ele>1366</ele>
        <time>2016-08-07T08:35:37Z</time>
      </trkpt>
      <trkpt lat="42.2620984" lon="23.6026926">
        <ele>1369</ele>
        <time>2016-08-07T08:35:30Z</time>
      </trkpt>
      <trkpt lat="42.262025" lon="23.6026">
        <ele>1370</ele>
        <time>2016-08-07T08:35:22Z</time>
      </trkpt>
      <trkpt lat="42.2619782" lon="23.6025167">
        <ele>1374</ele>
        <time>2016-08-07T08:35:15Z</time>
      </trkpt>
      <trkpt lat="42.2618971" lon="23.6024361">
        <ele>1378</ele>
        <time>2016-08-07T08:35:07Z</time>
      </trkpt>
      <trkpt lat="42.2618466" lon="23.6023234">
        <ele>1372</ele>
        <time>2016-08-07T08:35:01Z</time>
      </trkpt>
      <trkpt lat="42.2618064" lon="23.6022125">
        <ele>1371</ele>
        <time>2016-08-07T08:34:55Z</time>
      </trkpt>
      <trkpt lat="42.2617367" lon="23.6021257">
        <ele>1368</ele>
        <time>2016-08-07T08:34:49Z</time>
      </trkpt>
      <trkpt lat="42.261651" lon="23.6020453">
        <ele>1363</ele>
        <time>2016-08-07T08:34:44Z</time>
      </trkpt>
      <trkpt lat="42.2615796" lon="23.60197">
        <ele>1380</ele>
        <time>2016-08-07T08:34:34Z</time>
      </trkpt>
      <trkpt lat="42.2615039" lon="23.6018725">
        <ele>1379</ele>
        <time>2016-08-07T08:34:28Z</time>
      </trkpt>
      <trkpt lat="42.261426" lon="23.6017947">
        <ele>1379</ele>
        <time>2016-08-07T08:34:18Z</time>
      </trkpt>
      <trkpt lat="42.2613499" lon="23.6017071">
        <ele>1375</ele>
        <time>2016-08-07T08:34:14Z</time>
      </trkpt>
      <trkpt lat="42.2612893" lon="23.601603">
        <ele>1373</ele>
        <time>2016-08-07T08:34:08Z</time>
      </trkpt>
      <trkpt lat="42.261234" lon="23.601507">
        <ele>1373</ele>
        <time>2016-08-07T08:34:01Z</time>
      </trkpt>
      <trkpt lat="42.2611672" lon="23.6013918">
        <ele>1378</ele>
        <time>2016-08-07T08:33:49Z</time>
      </trkpt>
      <trkpt lat="42.2611053" lon="23.6012976">
        <ele>1381</ele>
        <time>2016-08-07T08:33:43Z</time>
      </trkpt>
      <trkpt lat="42.2610422" lon="23.6012043">
        <ele>1385</ele>
        <time>2016-08-07T08:33:35Z</time>
      </trkpt>
      <trkpt lat="42.2609976" lon="23.6010796">
        <ele>1385</ele>
        <time>2016-08-07T08:33:29Z</time>
      </trkpt>
      <trkpt lat="42.2609518" lon="23.6009642">
        <ele>1383</ele>
        <time>2016-08-07T08:33:22Z</time>
      </trkpt>
      <trkpt lat="42.2609317" lon="23.6009346">
        <ele>1383</ele>
        <time>2016-08-07T08:33:20Z</time>
      </trkpt>
      <trkpt lat="42.2608308" lon="23.600908">
        <ele>1384</ele>
        <time>2016-08-07T08:33:14Z</time>
      </trkpt>
      <trkpt lat="42.2607313" lon="23.6008546">
        <ele>1384</ele>
        <time>2016-08-07T08:33:08Z</time>
      </trkpt>
      <trkpt lat="42.2606722" lon="23.600748">
        <ele>1380</ele>
        <time>2016-08-07T08:32:59Z</time>
      </trkpt>
      <trkpt lat="42.2605836" lon="23.6006831">
        <ele>1378</ele>
        <time>2016-08-07T08:32:53Z</time>
      </trkpt>
      <trkpt lat="42.2605201" lon="23.6005777">
        <ele>1377</ele>
        <time>2016-08-07T08:32:44Z</time>
      </trkpt>
      <trkpt lat="42.2605309" lon="23.600452">
        <ele>1385</ele>
        <time>2016-08-07T08:32:38Z</time>
      </trkpt>
      <trkpt lat="42.2604683" lon="23.6003592">
        <ele>1387</ele>
        <time>2016-08-07T08:32:32Z</time>
      </trkpt>
      <trkpt lat="42.2604014" lon="23.6002662">
        <ele>1386</ele>
        <time>2016-08-07T08:32:24Z</time>
      </trkpt>
      <trkpt lat="42.2603431" lon="23.6001623">
        <ele>1391</ele>
        <time>2016-08-07T08:32:12Z</time>
      </trkpt>
      <trkpt lat="42.2603193" lon="23.6000428">
        <ele>1398</ele>
        <time>2016-08-07T08:32:01Z</time>
      </trkpt>
      <trkpt lat="42.2602438" lon="23.5999601">
        <ele>1397</ele>
        <time>2016-08-07T08:31:55Z</time>
      </trkpt>
      <trkpt lat="42.2601443" lon="23.5998988">
        <ele>1397</ele>
        <time>2016-08-07T08:31:49Z</time>
      </trkpt>
      <trkpt lat="42.2600591" lon="23.5998532">
        <ele>1395</ele>
        <time>2016-08-07T08:31:43Z</time>
      </trkpt>
      <trkpt lat="42.2599912" lon="23.5997594">
        <ele>1399</ele>
        <time>2016-08-07T08:31:32Z</time>
      </trkpt>
      <trkpt lat="42.2599066" lon="23.5997126">
        <ele>1400</ele>
        <time>2016-08-07T08:31:23Z</time>
      </trkpt>
      <trkpt lat="42.2598327" lon="23.5996361">
        <ele>1400</ele>
        <time>2016-08-07T08:31:16Z</time>
      </trkpt>
      <trkpt lat="42.2597509" lon="23.5995713">
        <ele>1402</ele>
        <time>2016-08-07T08:31:11Z</time>
      </trkpt>
      <trkpt lat="42.2596813" lon="23.5994649">
        <ele>1401</ele>
        <time>2016-08-07T08:31:04Z</time>
      </trkpt>
      <trkpt lat="42.2596084" lon="23.599375">
        <ele>1398</ele>
        <time>2016-08-07T08:30:59Z</time>
      </trkpt>
      <trkpt lat="42.259526" lon="23.5992855">
        <ele>1395</ele>
        <time>2016-08-07T08:30:53Z</time>
      </trkpt>
      <trkpt lat="42.2594572" lon="23.5991994">
        <ele>1393</ele>
        <time>2016-08-07T08:30:46Z</time>
      </trkpt>
      <trkpt lat="42.2594042" lon="23.5990935">
        <ele>1392</ele>
        <time>2016-08-07T08:30:39Z</time>
      </trkpt>
      <trkpt lat="42.2593488" lon="23.5989766">
        <ele>1394</ele>
        <time>2016-08-07T08:30:32Z</time>
      </trkpt>
      <trkpt lat="42.2592994" lon="23.5988668">
        <ele>1395</ele>
        <time>2016-08-07T08:30:26Z</time>
      </trkpt>
      <trkpt lat="42.2592218" lon="23.5987729">
        <ele>1394</ele>
        <time>2016-08-07T08:30:21Z</time>
      </trkpt>
      <trkpt lat="42.2591604" lon="23.5986616">
        <ele>1393</ele>
        <time>2016-08-07T08:30:16Z</time>
      </trkpt>
      <trkpt lat="42.2591175" lon="23.598551">
        <ele>1397</ele>
        <time>2016-08-07T08:30:12Z</time>
      </trkpt>
      <trkpt lat="42.2590832" lon="23.5984197">
        <ele>1392</ele>
        <time>2016-08-07T08:30:03Z</time>
      </trkpt>
      <trkpt lat="42.2590194" lon="23.5983154">
        <ele>1392</ele>
        <time>2016-08-07T08:29:59Z</time>
      </trkpt>
      <trkpt lat="42.2589417" lon="23.5981904">
        <ele>1391</ele>
        <time>2016-08-07T08:29:47Z</time>
      </trkpt>
      <trkpt lat="42.2589316" lon="23.598064">
        <ele>1392</ele>
        <time>2016-08-07T08:29:39Z</time>
      </trkpt>
      <trkpt lat="42.2588806" lon="23.5979474">
        <ele>1391</ele>
        <time>2016-08-07T08:29:23Z</time>
      </trkpt>
      <trkpt lat="42.2588807" lon="23.5979456">
        <ele>1391</ele>
        <time>2016-08-07T08:29:21Z</time>
      </trkpt>
      <trkpt lat="42.2588251" lon="23.5978498">
        <ele>1393</ele>
        <time>2016-08-07T08:29:12Z</time>
      </trkpt>
      <trkpt lat="42.2587428" lon="23.5977752">
        <ele>1396</ele>
        <time>2016-08-07T08:29:06Z</time>
      </trkpt>
      <trkpt lat="42.258677" lon="23.597674">
        <ele>1397</ele>
        <time>2016-08-07T08:28:57Z</time>
      </trkpt>
      <trkpt lat="42.2585858" lon="23.5976396">
        <ele>1397</ele>
        <time>2016-08-07T08:28:52Z</time>
      </trkpt>
      <trkpt lat="42.2584971" lon="23.597612">
        <ele>1396</ele>
        <time>2016-08-07T08:28:48Z</time>
      </trkpt>
      <trkpt lat="42.2583949" lon="23.5975878">
        <ele>1388</ele>
        <time>2016-08-07T08:28:41Z</time>
      </trkpt>
      <trkpt lat="42.2583158" lon="23.5975213">
        <ele>1398</ele>
        <time>2016-08-07T08:28:30Z</time>
      </trkpt>
      <trkpt lat="42.2582386" lon="23.5974471">
        <ele>1397</ele>
        <time>2016-08-07T08:28:20Z</time>
      </trkpt>
      <trkpt lat="42.2581367" lon="23.5974426">
        <ele>1398</ele>
        <time>2016-08-07T08:28:14Z</time>
      </trkpt>
      <trkpt lat="42.2580391" lon="23.5974271">
        <ele>1400</ele>
        <time>2016-08-07T08:28:09Z</time>
      </trkpt>
      <trkpt lat="42.2579245" lon="23.5973974">
        <ele>1395</ele>
        <time>2016-08-07T08:28:03Z</time>
      </trkpt>
      <trkpt lat="42.2578598" lon="23.5973071">
        <ele>1399</ele>
        <time>2016-08-07T08:27:53Z</time>
      </trkpt>
      <trkpt lat="42.25776" lon="23.5972842">
        <ele>1396</ele>
        <time>2016-08-07T08:27:47Z</time>
      </trkpt>
      <trkpt lat="42.2576679" lon="23.5973111">
        <ele>1401</ele>
        <time>2016-08-07T08:27:38Z</time>
      </trkpt>
      <trkpt lat="42.2575779" lon="23.5973505">
        <ele>1410</ele>
        <time>2016-08-07T08:27:25Z</time>
      </trkpt>
      <trkpt lat="42.2574834" lon="23.5972993">
        <ele>1404</ele>
        <time>2016-08-07T08:27:18Z</time>
      </trkpt>
      <trkpt lat="42.2573874" lon="23.597264">
        <ele>1407</ele>
        <time>2016-08-07T08:27:11Z</time>
      </trkpt>
      <trkpt lat="42.2572936" lon="23.5972111">
        <ele>1406</ele>
        <time>2016-08-07T08:27:02Z</time>
      </trkpt>
      <trkpt lat="42.2572101" lon="23.5971455">
        <ele>1409</ele>
        <time>2016-08-07T08:26:53Z</time>
      </trkpt>
      <trkpt lat="42.2571178" lon="23.5971557">
        <ele>1407</ele>
        <time>2016-08-07T08:26:36Z</time>
      </trkpt>
      <trkpt lat="42.2571178" lon="23.5971557">
        <ele>1407</ele>
        <time>2016-08-07T08:26:36Z</time>
      </trkpt>
      <trkpt lat="42.2570372" lon="23.5972167">
        <ele>1405</ele>
        <time>2016-08-07T08:26:26Z</time>
      </trkpt>
      <trkpt lat="42.2569448" lon="23.597264">
        <ele>1407</ele>
        <time>2016-08-07T08:26:14Z</time>
      </trkpt>
      <trkpt lat="42.2568617" lon="23.59733">
        <ele>1402</ele>
        <time>2016-08-07T08:26:07Z</time>
      </trkpt>
      <trkpt lat="42.256763" lon="23.5973638">
        <ele>1400</ele>
        <time>2016-08-07T08:26:02Z</time>
      </trkpt>
      <trkpt lat="42.2566488" lon="23.597409">
        <ele>1401</ele>
        <time>2016-08-07T08:25:44Z</time>
      </trkpt>
      <trkpt lat="42.2565595" lon="23.5974386">
        <ele>1407</ele>
        <time>2016-08-07T08:25:31Z</time>
      </trkpt>
      <trkpt lat="42.2564609" lon="23.5974388">
        <ele>1427</ele>
        <time>2016-08-07T08:25:23Z</time>
      </trkpt>
      <trkpt lat="42.2564044" lon="23.5974391">
        <ele>1427</ele>
        <time>2016-08-07T08:25:19Z</time>
      </trkpt>
      <trkpt lat="42.2563103" lon="23.5973886">
        <ele>1422</ele>
        <time>2016-08-07T08:25:10Z</time>
      </trkpt>
      <trkpt lat="42.2562298" lon="23.5973178">
        <ele>1422</ele>
        <time>2016-08-07T08:25:00Z</time>
      </trkpt>
      <trkpt lat="42.2561406" lon="23.5972921">
        <ele>1425</ele>
        <time>2016-08-07T08:24:56Z</time>
      </trkpt>
      <trkpt lat="42.2560414" lon="23.5972586">
        <ele>1423</ele>
        <time>2016-08-07T08:24:52Z</time>
      </trkpt>
      <trkpt lat="42.2559484" lon="23.597232">
        <ele>1430</ele>
        <time>2016-08-07T08:24:45Z</time>
      </trkpt>
      <trkpt lat="42.2558622" lon="23.5971712">
        <ele>1432</ele>
        <time>2016-08-07T08:24:36Z</time>
      </trkpt>
      <trkpt lat="42.2557636" lon="23.5971718">
        <ele>1430</ele>
        <time>2016-08-07T08:24:27Z</time>
      </trkpt>
      <trkpt lat="42.2556944" lon="23.5972588">
        <ele>1425</ele>
        <time>2016-08-07T08:24:20Z</time>
      </trkpt>
      <trkpt lat="42.2556003" lon="23.5973055">
        <ele>1426</ele>
        <time>2016-08-07T08:24:15Z</time>
      </trkpt>
      <trkpt lat="42.2555116" lon="23.5973702">
        <ele>1425</ele>
        <time>2016-08-07T08:23:39Z</time>
      </trkpt>
      <trkpt lat="42.2555116" lon="23.5973702">
        <ele>1425</ele>
        <time>2016-08-07T08:23:39Z</time>
      </trkpt>
      <trkpt lat="42.2554413" lon="23.5974515">
        <ele>1424</ele>
        <time>2016-08-07T08:23:31Z</time>
      </trkpt>
      <trkpt lat="42.2553537" lon="23.5974878">
        <ele>1423</ele>
        <time>2016-08-07T08:23:22Z</time>
      </trkpt>
      <trkpt lat="42.2553399" lon="23.597514">
        <ele>1423</ele>
        <time>2016-08-07T08:23:20Z</time>
      </trkpt>
      <trkpt lat="42.255305" lon="23.5976365">
        <ele>1422</ele>
        <time>2016-08-07T08:23:13Z</time>
      </trkpt>
      <trkpt lat="42.2552273" lon="23.5977124">
        <ele>1424</ele>
        <time>2016-08-07T08:23:07Z</time>
      </trkpt>
      <trkpt lat="42.255149" lon="23.5977727">
        <ele>1421</ele>
        <time>2016-08-07T08:23:03Z</time>
      </trkpt>
      <trkpt lat="42.2550547" lon="23.5978468">
        <ele>1421</ele>
        <time>2016-08-07T08:22:58Z</time>
      </trkpt>
      <trkpt lat="42.2549734" lon="23.5979144">
        <ele>1417</ele>
        <time>2016-08-07T08:22:53Z</time>
      </trkpt>
      <trkpt lat="42.2548866" lon="23.5979806">
        <ele>1418</ele>
        <time>2016-08-07T08:22:48Z</time>
      </trkpt>
      <trkpt lat="42.2548155" lon="23.5980592">
        <ele>1416</ele>
        <time>2016-08-07T08:22:44Z</time>
      </trkpt>
      <trkpt lat="42.2547348" lon="23.5981397">
        <ele>1429</ele>
        <time>2016-08-07T08:22:38Z</time>
      </trkpt>
      <trkpt lat="42.2546792" lon="23.5982474">
        <ele>1429</ele>
        <time>2016-08-07T08:22:27Z</time>
      </trkpt>
      <trkpt lat="42.254636" lon="23.5983672">
        <ele>1431</ele>
        <time>2016-08-07T08:22:20Z</time>
      </trkpt>
      <trkpt lat="42.2545968" lon="23.598485">
        <ele>1435</ele>
        <time>2016-08-07T08:21:54Z</time>
      </trkpt>
      <trkpt lat="42.2545571" lon="23.5986034">
        <ele>1431</ele>
        <time>2016-08-07T08:21:34Z</time>
      </trkpt>
      <trkpt lat="42.2545571" lon="23.5986034">
        <ele>1431</ele>
        <time>2016-08-07T08:21:34Z</time>
      </trkpt>
      <trkpt lat="42.2545222" lon="23.5987208">
        <ele>1432</ele>
        <time>2016-08-07T08:21:23Z</time>
      </trkpt>
      <trkpt lat="42.2544326" lon="23.5987566">
        <ele>1433</ele>
        <time>2016-08-07T08:20:52Z</time>
      </trkpt>
      <trkpt lat="42.254344" lon="23.5987088">
        <ele>1433</ele>
        <time>2016-08-07T08:20:47Z</time>
      </trkpt>
      <trkpt lat="42.2542471" lon="23.5986929">
        <ele>1436</ele>
        <time>2016-08-07T08:20:42Z</time>
      </trkpt>
      <trkpt lat="42.2541412" lon="23.598689">
        <ele>1439</ele>
        <time>2016-08-07T08:20:36Z</time>
      </trkpt>
      <trkpt lat="42.2540403" lon="23.5987404">
        <ele>1447</ele>
        <time>2016-08-07T08:20:28Z</time>
      </trkpt>
      <trkpt lat="42.2539364" lon="23.5987456">
        <ele>1450</ele>
        <time>2016-08-07T08:20:23Z</time>
      </trkpt>
      <trkpt lat="42.2538401" lon="23.5987443">
        <ele>1450</ele>
        <time>2016-08-07T08:20:12Z</time>
      </trkpt>
      <trkpt lat="42.2537825" lon="23.5988392">
        <ele>1448</ele>
        <time>2016-08-07T08:19:58Z</time>
      </trkpt>
      <trkpt lat="42.2537092" lon="23.5989333">
        <ele>1448</ele>
        <time>2016-08-07T08:19:50Z</time>
      </trkpt>
      <trkpt lat="42.2536364" lon="23.5990302">
        <ele>1445</ele>
        <time>2016-08-07T08:19:36Z</time>
      </trkpt>
      <trkpt lat="42.2535913" lon="23.5991405">
        <ele>1448</ele>
        <time>2016-08-07T08:19:22Z</time>
      </trkpt>
      <trkpt lat="42.2535456" lon="23.5991656">
        <ele>1451</ele>
        <time>2016-08-07T08:19:16Z</time>
      </trkpt>
      <trkpt lat="42.2534777" lon="23.5992633">
        <ele>1453</ele>
        <time>2016-08-07T08:19:06Z</time>
      </trkpt>
      <trkpt lat="42.2534251" lon="23.5993675">
        <ele>1455</ele>
        <time>2016-08-07T08:19:00Z</time>
      </trkpt>
      <trkpt lat="42.253342" lon="23.5994416">
        <ele>1457</ele>
        <time>2016-08-07T08:18:51Z</time>
      </trkpt>
      <trkpt lat="42.2532498" lon="23.5994516">
        <ele>1458</ele>
        <time>2016-08-07T08:18:43Z</time>
      </trkpt>
      <trkpt lat="42.2531788" lon="23.599542">
        <ele>1457</ele>
        <time>2016-08-07T08:18:35Z</time>
      </trkpt>
      <trkpt lat="42.253102" lon="23.5996145">
        <ele>1455</ele>
        <time>2016-08-07T08:18:29Z</time>
      </trkpt>
      <trkpt lat="42.2530291" lon="23.5997166">
        <ele>1452</ele>
        <time>2016-08-07T08:18:21Z</time>
      </trkpt>
      <trkpt lat="42.2530016" lon="23.5998339">
        <ele>1455</ele>
        <time>2016-08-07T08:18:16Z</time>
      </trkpt>
      <trkpt lat="42.2529624" lon="23.5999607">
        <ele>1457</ele>
        <time>2016-08-07T08:18:08Z</time>
      </trkpt>
      <trkpt lat="42.2529235" lon="23.6000864">
        <ele>1461</ele>
        <time>2016-08-07T08:18:00Z</time>
      </trkpt>
      <trkpt lat="42.2528801" lon="23.6001992">
        <ele>1462</ele>
        <time>2016-08-07T08:17:51Z</time>
      </trkpt>
      <trkpt lat="42.2528869" lon="23.6003208">
        <ele>1471</ele>
        <time>2016-08-07T08:17:22Z</time>
      </trkpt>
      <trkpt lat="42.2528678" lon="23.6003624">
        <ele>1466</ele>
        <time>2016-08-07T08:17:11Z</time>
      </trkpt>
      <trkpt lat="42.2529022" lon="23.6004942">
        <ele>1468</ele>
        <time>2016-08-07T08:16:52Z</time>
      </trkpt>
      <trkpt lat="42.2528865" lon="23.6006226">
        <ele>1463</ele>
        <time>2016-08-07T08:16:43Z</time>
      </trkpt>
      <trkpt lat="42.2528184" lon="23.600717">
        <ele>1463</ele>
        <time>2016-08-07T08:16:37Z</time>
      </trkpt>
      <trkpt lat="42.2527981" lon="23.6008402">
        <ele>1465</ele>
        <time>2016-08-07T08:16:29Z</time>
      </trkpt>
      <trkpt lat="42.2527637" lon="23.6009545">
        <ele>1464</ele>
        <time>2016-08-07T08:16:17Z</time>
      </trkpt>
    </trkseg>
    <trkseg>
      <trkpt lat="42.2526889" lon="23.6010318">
        <ele>1467</ele>
        <time>2016-08-07T08:16:08Z</time>
      </trkpt>
      <trkpt lat="42.2526197" lon="23.6011161">
        <ele>1473</ele>
        <time>2016-08-07T08:15:59Z</time>
      </trkpt>
      <trkpt lat="42.2525475" lon="23.6011922">
        <ele>1475</ele>
        <time>2016-08-07T08:15:51Z</time>
      </trkpt>
      <trkpt lat="42.2525029" lon="23.6013005">
        <ele>1479</ele>
        <time>2016-08-07T08:15:41Z</time>
      </trkpt>
      <trkpt lat="42.2524307" lon="23.6013802">
        <ele>1480</ele>
        <time>2016-08-07T08:15:34Z</time>
      </trkpt>
      <trkpt lat="42.2523432" lon="23.6014201">
        <ele>1482</ele>
        <time>2016-08-07T08:15:21Z</time>
      </trkpt>
      <trkpt lat="42.25233" lon="23.6014265">
        <ele>1481</ele>
        <time>2016-08-07T08:15:20Z</time>
      </trkpt>
      <trkpt lat="42.2522582" lon="23.601514">
        <ele>1484</ele>
        <time>2016-08-07T08:15:12Z</time>
      </trkpt>
      <trkpt lat="42.2522207" lon="23.6016258">
        <ele>1487</ele>
        <time>2016-08-07T08:15:00Z</time>
      </trkpt>
      <trkpt lat="42.252163" lon="23.6017342">
        <ele>1489</ele>
        <time>2016-08-07T08:14:52Z</time>
      </trkpt>
      <trkpt lat="42.2520988" lon="23.6018338">
        <ele>1489</ele>
        <time>2016-08-07T08:14:48Z</time>
      </trkpt>
      <trkpt lat="42.2520269" lon="23.6019083">
        <ele>1491</ele>
        <time>2016-08-07T08:14:41Z</time>
      </trkpt>
      <trkpt lat="42.2519718" lon="23.6020216">
        <ele>1492</ele>
        <time>2016-08-07T08:14:31Z</time>
      </trkpt>
      <trkpt lat="42.2519209" lon="23.6021425">
        <ele>1489</ele>
        <time>2016-08-07T08:14:20Z</time>
      </trkpt>
      <trkpt lat="42.251859" lon="23.6022451">
        <ele>1494</ele>
        <time>2016-08-07T08:14:09Z</time>
      </trkpt>
      <trkpt lat="42.2518265" lon="23.6023649">
        <ele>1496</ele>
        <time>2016-08-07T08:14:03Z</time>
      </trkpt>
      <trkpt lat="42.2517577" lon="23.6024778">
        <ele>1492</ele>
        <time>2016-08-07T08:13:55Z</time>
      </trkpt>
      <trkpt lat="42.2516734" lon="23.6025496">
        <ele>1496</ele>
        <time>2016-08-07T08:13:47Z</time>
      </trkpt>
      <trkpt lat="42.2516156" lon="23.6026638">
        <ele>1493</ele>
        <time>2016-08-07T08:13:42Z</time>
      </trkpt>
      <trkpt lat="42.2515368" lon="23.6027343">
        <ele>1491</ele>
        <time>2016-08-07T08:13:35Z</time>
      </trkpt>
      <trkpt lat="42.2514497" lon="23.6027724">
        <ele>1493</ele>
        <time>2016-08-07T08:13:29Z</time>
      </trkpt>
      <trkpt lat="42.2513556" lon="23.6028415">
        <ele>1492</ele>
        <time>2016-08-07T08:13:24Z</time>
      </trkpt>
      <trkpt lat="42.2512737" lon="23.6029">
        <ele>1498</ele>
        <time>2016-08-07T08:13:19Z</time>
      </trkpt>
      <trkpt lat="42.2511908" lon="23.6029594">
        <ele>1498</ele>
        <time>2016-08-07T08:13:14Z</time>
      </trkpt>
      <trkpt lat="42.2511133" lon="23.603048">
        <ele>1504</ele>
        <time>2016-08-07T08:13:08Z</time>
      </trkpt>
      <trkpt lat="42.2510212" lon="23.6031272">
        <ele>1506</ele>
        <time>2016-08-07T08:12:58Z</time>
      </trkpt>
      <trkpt lat="42.2509727" lon="23.6032297">
        <ele>1503</ele>
        <time>2016-08-07T08:12:42Z</time>
      </trkpt>
      <trkpt lat="42.2509148" lon="23.6033266">
        <ele>1503</ele>
        <time>2016-08-07T08:12:36Z</time>
      </trkpt>
      <trkpt lat="42.250837" lon="23.603403">
        <ele>1506</ele>
        <time>2016-08-07T08:12:26Z</time>
      </trkpt>
      <trkpt lat="42.2507719" lon="23.6034952">
        <ele>1507</ele>
        <time>2016-08-07T08:11:57Z</time>
      </trkpt>
      <trkpt lat="42.2506883" lon="23.6035524">
        <ele>1506</ele>
        <time>2016-08-07T08:11:50Z</time>
      </trkpt>
      <trkpt lat="42.2506123" lon="23.6036403">
        <ele>1508</ele>
        <time>2016-08-07T08:11:43Z</time>
      </trkpt>
      <trkpt lat="42.2505465" lon="23.6037256">
        <ele>1508</ele>
        <time>2016-08-07T08:11:37Z</time>
      </trkpt>
      <trkpt lat="42.2504697" lon="23.6038089">
        <ele>1512</ele>
        <time>2016-08-07T08:11:31Z</time>
      </trkpt>
      <trkpt lat="42.2504004" lon="23.603908">
        <ele>1516</ele>
        <time>2016-08-07T08:11:21Z</time>
      </trkpt>
      <trkpt lat="42.2503662" lon="23.6039563">
        <ele>1514</ele>
        <time>2016-08-07T08:11:14Z</time>
      </trkpt>
      <trkpt lat="42.2502994" lon="23.6040397">
        <ele>1518</ele>
        <time>2016-08-07T08:11:06Z</time>
      </trkpt>
      <trkpt lat="42.2502234" lon="23.6041256">
        <ele>1521</ele>
        <time>2016-08-07T08:10:58Z</time>
      </trkpt>
      <trkpt lat="42.2501452" lon="23.6041968">
        <ele>1521</ele>
        <time>2016-08-07T08:10:44Z</time>
      </trkpt>
      <trkpt lat="42.2500598" lon="23.6042612">
        <ele>1522</ele>
        <time>2016-08-07T08:10:36Z</time>
      </trkpt>
      <trkpt lat="42.2499703" lon="23.604319">
        <ele>1520</ele>
        <time>2016-08-07T08:10:29Z</time>
      </trkpt>
      <trkpt lat="42.2498848" lon="23.604369">
        <ele>1521</ele>
        <time>2016-08-07T08:10:22Z</time>
      </trkpt>
      <trkpt lat="42.2498002" lon="23.6044135">
        <ele>1522</ele>
        <time>2016-08-07T08:10:11Z</time>
      </trkpt>
      <trkpt lat="42.2497091" lon="23.6044661">
        <ele>1519</ele>
        <time>2016-08-07T08:10:03Z</time>
      </trkpt>
      <trkpt lat="42.2496165" lon="23.6045152">
        <ele>1517</ele>
        <time>2016-08-07T08:09:55Z</time>
      </trkpt>
      <trkpt lat="42.2495302" lon="23.6045496">
        <ele>1522</ele>
        <time>2016-08-07T08:09:46Z</time>
      </trkpt>
      <trkpt lat="42.2494474" lon="23.6046128">
        <ele>1519</ele>
        <time>2016-08-07T08:09:38Z</time>
      </trkpt>
      <trkpt lat="42.2493634" lon="23.6046769">
        <ele>1521</ele>
        <time>2016-08-07T08:09:31Z</time>
      </trkpt>
      <trkpt lat="42.2492847" lon="23.6047665">
        <ele>1524</ele>
        <time>2016-08-07T08:09:21Z</time>
      </trkpt>
      <trkpt lat="42.2492607" lon="23.60489">
        <ele>1528</ele>
        <time>2016-08-07T08:09:07Z</time>
      </trkpt>
      <trkpt lat="42.2492607" lon="23.60489">
        <ele>1528</ele>
        <time>2016-08-07T08:09:07Z</time>
      </trkpt>
      <trkpt lat="42.2492284" lon="23.6050053">
        <ele>1530</ele>
        <time>2016-08-07T08:08:45Z</time>
      </trkpt>
      <trkpt lat="42.2491434" lon="23.6050667">
        <ele>1534</ele>
        <time>2016-08-07T08:08:36Z</time>
      </trkpt>
      <trkpt lat="42.2490542" lon="23.605101">
        <ele>1532</ele>
        <time>2016-08-07T08:08:30Z</time>
      </trkpt>
      <trkpt lat="42.2489775" lon="23.6051657">
        <ele>1534</ele>
        <time>2016-08-07T08:08:20Z</time>
      </trkpt>
      <trkpt lat="42.2489091" lon="23.6052565">
        <ele>1535</ele>
        <time>2016-08-07T08:08:07Z</time>
      </trkpt>
      <trkpt lat="42.2488213" lon="23.6052902">
        <ele>1543</ele>
        <time>2016-08-07T08:07:56Z</time>
      </trkpt>
      <trkpt lat="42.2487236" lon="23.6052695">
        <ele>1548</ele>
        <time>2016-08-07T08:07:42Z</time>
      </trkpt>
      <trkpt lat="42.2486512" lon="23.605357">
        <ele>1547</ele>
        <time>2016-08-07T08:07:36Z</time>
      </trkpt>
      <trkpt lat="42.2485636" lon="23.6053903">
        <ele>1548</ele>
        <time>2016-08-07T08:07:21Z</time>
      </trkpt>
      <trkpt lat="42.248539" lon="23.6053993">
        <ele>1553</ele>
        <time>2016-08-07T08:07:16Z</time>
      </trkpt>
      <trkpt lat="42.2484803" lon="23.6055035">
        <ele>1551</ele>
        <time>2016-08-07T08:07:10Z</time>
      </trkpt>
      <trkpt lat="42.2484213" lon="23.605617">
        <ele>1552</ele>
        <time>2016-08-07T08:07:04Z</time>
      </trkpt>
      <trkpt lat="42.2483371" lon="23.6056682">
        <ele>1552</ele>
        <time>2016-08-07T08:06:59Z</time>
      </trkpt>
      <trkpt lat="42.2482402" lon="23.6056909">
        <ele>1554</ele>
        <time>2016-08-07T08:06:53Z</time>
      </trkpt>
      <trkpt lat="42.2481606" lon="23.6057802">
        <ele>1555</ele>
        <time>2016-08-07T08:06:45Z</time>
      </trkpt>
      <trkpt lat="42.248069" lon="23.6057818">
        <ele>1554</ele>
        <time>2016-08-07T08:06:40Z</time>
      </trkpt>
      <trkpt lat="42.2479884" lon="23.6058598">
        <ele>1547</ele>
        <time>2016-08-07T08:06:34Z</time>
      </trkpt>
      <trkpt lat="42.2479323" lon="23.605968">
        <ele>1549</ele>
        <time>2016-08-07T08:06:25Z</time>
      </trkpt>
      <trkpt lat="42.2478453" lon="23.6060157">
        <ele>1562</ele>
        <time>2016-08-07T08:06:08Z</time>
      </trkpt>
      <trkpt lat="42.2477802" lon="23.6061036">
        <ele>1565</ele>
        <time>2016-08-07T08:06:02Z</time>
      </trkpt>
      <trkpt lat="42.2477036" lon="23.6061791">
        <ele>1563</ele>
        <time>2016-08-07T08:05:24Z</time>
      </trkpt>
      <trkpt lat="42.2476297" lon="23.6062574">
        <ele>1566</ele>
        <time>2016-08-07T08:05:18Z</time>
      </trkpt>
      <trkpt lat="42.2475498" lon="23.6063388">
        <ele>1577</ele>
        <time>2016-08-07T08:05:08Z</time>
      </trkpt>
      <trkpt lat="42.247463" lon="23.6063943">
        <ele>1580</ele>
        <time>2016-08-07T08:05:01Z</time>
      </trkpt>
      <trkpt lat="42.2473634" lon="23.6064347">
        <ele>1575</ele>
        <time>2016-08-07T08:04:55Z</time>
      </trkpt>
      <trkpt lat="42.2472733" lon="23.6064238">
        <ele>1577</ele>
        <time>2016-08-07T08:04:49Z</time>
      </trkpt>
      <trkpt lat="42.2471897" lon="23.6063559">
        <ele>1571</ele>
        <time>2016-08-07T08:03:59Z</time>
      </trkpt>
      <trkpt lat="42.2471827" lon="23.6063504">
        <ele>1572</ele>
        <time>2016-08-07T08:03:58Z</time>
      </trkpt>
      <trkpt lat="42.2470866" lon="23.6061333">
        <ele>1563</ele>
        <time>2016-08-07T07:57:07Z</time>
      </trkpt>
      <trkpt lat="42.2470866" lon="23.6061333">
        <ele>1563</ele>
        <time>2016-08-07T07:57:07Z</time>
      </trkpt>
      <trkpt lat="42.247039" lon="23.6060811">
        <ele>1572</ele>
        <time>2016-08-07T07:56:46Z</time>
      </trkpt>
      <trkpt lat="42.247039" lon="23.6060811">
        <ele>1572</ele>
        <time>2016-08-07T07:56:46Z</time>
      </trkpt>
      <trkpt lat="42.2469541" lon="23.605997">
        <ele>1572</ele>
        <time>2016-08-07T07:56:40Z</time>
      </trkpt>
      <trkpt lat="42.2468766" lon="23.6059127">
        <ele>1572</ele>
        <time>2016-08-07T07:56:15Z</time>
      </trkpt>
      <trkpt lat="42.2468347" lon="23.6057989">
        <ele>1573</ele>
        <time>2016-08-07T07:56:06Z</time>
      </trkpt>
      <trkpt lat="42.2467881" lon="23.6056911">
        <ele>1575</ele>
        <time>2016-08-07T07:56:01Z</time>
      </trkpt>
      <trkpt lat="42.2467178" lon="23.6055961">
        <ele>1575</ele>
        <time>2016-08-07T07:55:35Z</time>
      </trkpt>
      <trkpt lat="42.246629" lon="23.6055457">
        <ele>1574</ele>
        <time>2016-08-07T07:55:21Z</time>
      </trkpt>
      <trkpt lat="42.2465303" lon="23.6055485">
        <ele>1580</ele>
        <time>2016-08-07T07:55:15Z</time>
      </trkpt>
      <trkpt lat="42.24644" lon="23.6055494">
        <ele>1585</ele>
        <time>2016-08-07T07:55:09Z</time>
      </trkpt>
      <trkpt lat="42.2463429" lon="23.605526">
        <ele>1582</ele>
        <time>2016-08-07T07:54:46Z</time>
      </trkpt>
      <trkpt lat="42.2462697" lon="23.6054498">
        <ele>1590</ele>
        <time>2016-08-07T07:54:30Z</time>
      </trkpt>
      <trkpt lat="42.2461785" lon="23.605422">
        <ele>1596</ele>
        <time>2016-08-07T07:54:23Z</time>
      </trkpt>
      <trkpt lat="42.2461145" lon="23.6053335">
        <ele>1597</ele>
        <time>2016-08-07T07:54:16Z</time>
      </trkpt>
      <trkpt lat="42.2460182" lon="23.605266">
        <ele>1598</ele>
        <time>2016-08-07T07:54:11Z</time>
      </trkpt>
      <trkpt lat="42.2459399" lon="23.6052033">
        <ele>1598</ele>
        <time>2016-08-07T07:54:07Z</time>
      </trkpt>
      <trkpt lat="42.2458467" lon="23.6051392">
        <ele>1601</ele>
        <time>2016-08-07T07:53:22Z</time>
      </trkpt>
      <trkpt lat="42.2457638" lon="23.6050132">
        <ele>1606</ele>
        <time>2016-08-07T07:53:07Z</time>
      </trkpt>
      <trkpt lat="42.24573" lon="23.6049825">
        <ele>1605</ele>
        <time>2016-08-07T07:52:58Z</time>
      </trkpt>
      <trkpt lat="42.2456539" lon="23.6049026">
        <ele>1612</ele>
        <time>2016-08-07T07:52:49Z</time>
      </trkpt>
      <trkpt lat="42.245618" lon="23.6047866">
        <ele>1619</ele>
        <time>2016-08-07T07:52:29Z</time>
      </trkpt>
      <trkpt lat="42.2455695" lon="23.6046684">
        <ele>1622</ele>
        <time>2016-08-07T07:50:51Z</time>
      </trkpt>
      <trkpt lat="42.2455695" lon="23.6046684">
        <ele>1622</ele>
        <time>2016-08-07T07:50:51Z</time>
      </trkpt>
      <trkpt lat="42.2454814" lon="23.6047043">
        <ele>1623</ele>
        <time>2016-08-07T07:50:40Z</time>
      </trkpt>
      <trkpt lat="42.2454814" lon="23.6047043">
        <ele>1623</ele>
        <time>2016-08-07T07:50:40Z</time>
      </trkpt>
      <trkpt lat="42.2453807" lon="23.6047009">
        <ele>1617</ele>
        <time>2016-08-07T07:50:33Z</time>
      </trkpt>
      <trkpt lat="42.2452851" lon="23.604706">
        <ele>1617</ele>
        <time>2016-08-07T07:50:26Z</time>
      </trkpt>
      <trkpt lat="42.2452052" lon="23.6046437">
        <ele>1620</ele>
        <time>2016-08-07T07:49:56Z</time>
      </trkpt>
      <trkpt lat="42.2451642" lon="23.6045355">
        <ele>1618</ele>
        <time>2016-08-07T07:49:47Z</time>
      </trkpt>
      <trkpt lat="42.2450819" lon="23.6044706">
        <ele>1616</ele>
        <time>2016-08-07T07:49:40Z</time>
      </trkpt>
      <trkpt lat="42.2450253" lon="23.6043674">
        <ele>1616</ele>
        <time>2016-08-07T07:49:07Z</time>
      </trkpt>
      <trkpt lat="42.2450253" lon="23.6043674">
        <ele>1616</ele>
        <time>2016-08-07T07:49:07Z</time>
      </trkpt>
      <trkpt lat="42.2449933" lon="23.604358">
        <ele>1616</ele>
        <time>2016-08-07T07:49:03Z</time>
      </trkpt>
      <trkpt lat="42.2448982" lon="23.6042987">
        <ele>1618</ele>
        <time>2016-08-07T07:48:55Z</time>
      </trkpt>
      <trkpt lat="42.2448364" lon="23.6042102">
        <ele>1621</ele>
        <time>2016-08-07T07:48:47Z</time>
      </trkpt>
      <trkpt lat="42.244763" lon="23.6041108">
        <ele>1617</ele>
        <time>2016-08-07T07:48:38Z</time>
      </trkpt>
      <trkpt lat="42.2446711" lon="23.6040849">
        <ele>1622</ele>
        <time>2016-08-07T07:48:27Z</time>
      </trkpt>
      <trkpt lat="42.2446317" lon="23.6039746">
        <ele>1624</ele>
        <time>2016-08-07T07:48:18Z</time>
      </trkpt>
      <trkpt lat="42.2445415" lon="23.6039285">
        <ele>1630</ele>
        <time>2016-08-07T07:48:10Z</time>
      </trkpt>
      <trkpt lat="42.244451" lon="23.6039207">
        <ele>1636</ele>
        <time>2016-08-07T07:48:04Z</time>
      </trkpt>
      <trkpt lat="42.2443511" lon="23.6039298">
        <ele>1632</ele>
        <time>2016-08-07T07:47:51Z</time>
      </trkpt>
      <trkpt lat="42.2442612" lon="23.6039207">
        <ele>1630</ele>
        <time>2016-08-07T07:47:43Z</time>
      </trkpt>
      <trkpt lat="42.2441682" lon="23.6039265">
        <ele>1639</ele>
        <time>2016-08-07T07:47:06Z</time>
      </trkpt>
      <trkpt lat="42.2441252" lon="23.6038884">
        <ele>1645</ele>
        <time>2016-08-07T07:46:37Z</time>
      </trkpt>
      <trkpt lat="42.244035" lon="23.6038361">
        <ele>1648</ele>
        <time>2016-08-07T07:46:25Z</time>
      </trkpt>
      <trkpt lat="42.2439714" lon="23.6037479">
        <ele>1658</ele>
        <time>2016-08-07T07:45:35Z</time>
      </trkpt>
      <trkpt lat="42.2439141" lon="23.6036443">
        <ele>1658</ele>
        <time>2016-08-07T07:45:03Z</time>
      </trkpt>
      <trkpt lat="42.2439141" lon="23.6036443">
        <ele>1658</ele>
        <time>2016-08-07T07:45:03Z</time>
      </trkpt>
      <trkpt lat="42.2438395" lon="23.6036287">
        <ele>1655</ele>
        <time>2016-08-07T07:44:50Z</time>
      </trkpt>
      <trkpt lat="42.2437586" lon="23.6035639">
        <ele>1654</ele>
        <time>2016-08-07T07:44:41Z</time>
      </trkpt>
      <trkpt lat="42.243668" lon="23.6035147">
        <ele>1653</ele>
        <time>2016-08-07T07:44:33Z</time>
      </trkpt>
      <trkpt lat="42.243589" lon="23.6034503">
        <ele>1659</ele>
        <time>2016-08-07T07:44:22Z</time>
      </trkpt>
      <trkpt lat="42.2435118" lon="23.6033844">
        <ele>1661</ele>
        <time>2016-08-07T07:44:14Z</time>
      </trkpt>
      <trkpt lat="42.2434178" lon="23.6033503">
        <ele>1662</ele>
        <time>2016-08-07T07:43:55Z</time>
      </trkpt>
      <trkpt lat="42.2433406" lon="23.6032765">
        <ele>1661</ele>
        <time>2016-08-07T07:43:46Z</time>
      </trkpt>
      <trkpt lat="42.2432556" lon="23.6032329">
        <ele>1665</ele>
        <time>2016-08-07T07:43:38Z</time>
      </trkpt>
      <trkpt lat="42.243188" lon="23.603152">
        <ele>1664</ele>
        <time>2016-08-07T07:43:30Z</time>
      </trkpt>
      <trkpt lat="42.243118" lon="23.603071">
        <ele>1664</ele>
        <time>2016-08-07T07:43:21Z</time>
      </trkpt>
      <trkpt lat="42.2430406" lon="23.6029889">
        <ele>1663</ele>
        <time>2016-08-07T07:43:13Z</time>
      </trkpt>
      <trkpt lat="42.2429964" lon="23.6028767">
        <ele>1667</ele>
        <time>2016-08-07T07:43:04Z</time>
      </trkpt>
      <trkpt lat="42.2429327" lon="23.6027895">
        <ele>1669</ele>
        <time>2016-08-07T07:42:55Z</time>
      </trkpt>
      <trkpt lat="42.2428803" lon="23.6026771">
        <ele>1676</ele>
        <time>2016-08-07T07:42:44Z</time>
      </trkpt>
      <trkpt lat="42.2427987" lon="23.6026031">
        <ele>1682</ele>
        <time>2016-08-07T07:41:39Z</time>
      </trkpt>
      <trkpt lat="42.2427378" lon="23.6025021">
        <ele>1679</ele>
        <time>2016-08-07T07:41:31Z</time>
      </trkpt>
      <trkpt lat="42.2426523" lon="23.6024354">
        <ele>1679</ele>
        <time>2016-08-07T07:41:20Z</time>
      </trkpt>
      <trkpt lat="42.2425628" lon="23.602391">
        <ele>1677</ele>
        <time>2016-08-07T07:41:02Z</time>
      </trkpt>
      <trkpt lat="42.2425545" lon="23.6024084">
        <ele>1677</ele>
        <time>2016-08-07T07:39:19Z</time>
      </trkpt>
      <trkpt lat="42.242464" lon="23.6023703">
        <ele>1680</ele>
        <time>2016-08-07T07:39:07Z</time>
      </trkpt>
      <trkpt lat="42.2423865" lon="23.6023047">
        <ele>1682</ele>
        <time>2016-08-07T07:38:59Z</time>
      </trkpt>
      <trkpt lat="42.2423137" lon="23.6022192">
        <ele>1687</ele>
        <time>2016-08-07T07:38:46Z</time>
      </trkpt>
      <trkpt lat="42.2423368" lon="23.602094">
        <ele>1692</ele>
        <time>2016-08-07T07:38:36Z</time>
      </trkpt>
      <trkpt lat="42.2422907" lon="23.6019899">
        <ele>1694</ele>
        <time>2016-08-07T07:38:25Z</time>
      </trkpt>
      <trkpt lat="42.2422392" lon="23.6018268">
        <ele>1693</ele>
        <time>2016-08-07T07:38:10Z</time>
      </trkpt>
      <trkpt lat="42.242189" lon="23.6017157">
        <ele>1699</ele>
        <time>2016-08-07T07:37:57Z</time>
      </trkpt>
      <trkpt lat="42.2421471" lon="23.6016068">
        <ele>1699</ele>
        <time>2016-08-07T07:37:49Z</time>
      </trkpt>
      <trkpt lat="42.2421065" lon="23.6014981">
        <ele>1701</ele>
        <time>2016-08-07T07:37:40Z</time>
      </trkpt>
      <trkpt lat="42.2420344" lon="23.6014112">
        <ele>1709</ele>
        <time>2016-08-07T07:37:27Z</time>
      </trkpt>
      <trkpt lat="42.2419563" lon="23.6013443">
        <ele>1709</ele>
        <time>2016-08-07T07:37:19Z</time>
      </trkpt>
      <trkpt lat="42.2418774" lon="23.6012594">
        <ele>1711</ele>
        <time>2016-08-07T07:37:10Z</time>
      </trkpt>
      <trkpt lat="42.241805" lon="23.6011716">
        <ele>1712</ele>
        <time>2016-08-07T07:37:01Z</time>
      </trkpt>
      <trkpt lat="42.2417941" lon="23.6011614">
        <ele>1711</ele>
        <time>2016-08-07T07:37:00Z</time>
      </trkpt>
      <trkpt lat="42.2417177" lon="23.6010955">
        <ele>1712</ele>
        <time>2016-08-07T07:36:51Z</time>
      </trkpt>
      <trkpt lat="42.2416271" lon="23.6010531">
        <ele>1716</ele>
        <time>2016-08-07T07:36:38Z</time>
      </trkpt>
      <trkpt lat="42.2415599" lon="23.6009655">
        <ele>1717</ele>
        <time>2016-08-07T07:36:24Z</time>
      </trkpt>
      <trkpt lat="42.2414767" lon="23.6009045">
        <ele>1718</ele>
        <time>2016-08-07T07:36:17Z</time>
      </trkpt>
      <trkpt lat="42.241377" lon="23.6008622">
        <ele>1719</ele>
        <time>2016-08-07T07:36:11Z</time>
      </trkpt>
      <trkpt lat="42.2412742" lon="23.6008638">
        <ele>1721</ele>
        <time>2016-08-07T07:36:06Z</time>
      </trkpt>
      <trkpt lat="42.2411834" lon="23.60084">
        <ele>1720</ele>
        <time>2016-08-07T07:36:01Z</time>
      </trkpt>
      <trkpt lat="42.2410768" lon="23.6008346">
        <ele>1725</ele>
        <time>2016-08-07T07:35:48Z</time>
      </trkpt>
      <trkpt lat="42.2409819" lon="23.6008207">
        <ele>1726</ele>
        <time>2016-08-07T07:35:41Z</time>
      </trkpt>
      <trkpt lat="42.2408739" lon="23.600798">
        <ele>1725</ele>
        <time>2016-08-07T07:35:32Z</time>
      </trkpt>
      <trkpt lat="42.2407682" lon="23.6008066">
        <ele>1728</ele>
        <time>2016-08-07T07:35:21Z</time>
      </trkpt>
      <trkpt lat="42.2406712" lon="23.6008079">
        <ele>1729</ele>
        <time>2016-08-07T07:35:18Z</time>
      </trkpt>
      <trkpt lat="42.2405671" lon="23.6008111">
        <ele>1730</ele>
        <time>2016-08-07T07:35:01Z</time>
      </trkpt>
      <trkpt lat="42.2405658" lon="23.6008112">
        <ele>1730</ele>
        <time>2016-08-07T07:32:59Z</time>
      </trkpt>
      <trkpt lat="42.2405638" lon="23.600811">
        <ele>1730</ele>
        <time>2016-08-07T07:30:59Z</time>
      </trkpt>
      <trkpt lat="42.2405779" lon="23.6007074">
        <ele>1731</ele>
        <time>2016-08-07T07:29:02Z</time>
      </trkpt>
      <trkpt lat="42.240497" lon="23.6006325">
        <ele>1732</ele>
        <time>2016-08-07T07:28:55Z</time>
      </trkpt>
      <trkpt lat="42.2404111" lon="23.6005694">
        <ele>1733</ele>
        <time>2016-08-07T07:28:35Z</time>
      </trkpt>
      <trkpt lat="42.2402852" lon="23.600522">
        <ele>1734</ele>
        <time>2016-08-07T07:28:26Z</time>
      </trkpt>
      <trkpt lat="42.2401869" lon="23.6005252">
        <ele>1736</ele>
        <time>2016-08-07T07:28:19Z</time>
      </trkpt>
      <trkpt lat="42.240098" lon="23.6004932">
        <ele>1735</ele>
        <time>2016-08-07T07:28:15Z</time>
      </trkpt>
      <trkpt lat="42.2400083" lon="23.6004753">
        <ele>1733</ele>
        <time>2016-08-07T07:28:12Z</time>
      </trkpt>
      <trkpt lat="42.2399122" lon="23.600473">
        <ele>1733</ele>
        <time>2016-08-07T07:28:07Z</time>
      </trkpt>
      <trkpt lat="42.2398145" lon="23.6004273">
        <ele>1734</ele>
        <time>2016-08-07T07:27:25Z</time>
      </trkpt>
      <trkpt lat="42.2397675" lon="23.6003171">
        <ele>1738</ele>
        <time>2016-08-07T07:27:11Z</time>
      </trkpt>
      <trkpt lat="42.2396838" lon="23.6002506">
        <ele>1749</ele>
        <time>2016-08-07T07:26:59Z</time>
      </trkpt>
      <trkpt lat="42.2396646" lon="23.6002155">
        <ele>1748</ele>
        <time>2016-08-07T07:26:58Z</time>
      </trkpt>
      <trkpt lat="42.2396039" lon="23.6001232">
        <ele>1753</ele>
        <time>2016-08-07T07:26:41Z</time>
      </trkpt>
      <trkpt lat="42.2396037" lon="23.5999856">
        <ele>1758</ele>
        <time>2016-08-07T07:26:33Z</time>
      </trkpt>
      <trkpt lat="42.2395947" lon="23.5998515">
        <ele>1756</ele>
        <time>2016-08-07T07:26:25Z</time>
      </trkpt>
      <trkpt lat="42.2395787" lon="23.5997277">
        <ele>1754</ele>
        <time>2016-08-07T07:26:17Z</time>
      </trkpt>
      <trkpt lat="42.239503" lon="23.5996404">
        <ele>1759</ele>
        <time>2016-08-07T07:26:09Z</time>
      </trkpt>
      <trkpt lat="42.2394432" lon="23.5995313">
        <ele>1758</ele>
        <time>2016-08-07T07:26:02Z</time>
      </trkpt>
      <trkpt lat="42.2394004" lon="23.5994088">
        <ele>1755</ele>
        <time>2016-08-07T07:25:56Z</time>
      </trkpt>
      <trkpt lat="42.2393426" lon="23.5993106">
        <ele>1749</ele>
        <time>2016-08-07T07:25:36Z</time>
      </trkpt>
      <trkpt lat="42.2392914" lon="23.599412">
        <ele>1761</ele>
        <time>2016-08-07T07:25:20Z</time>
      </trkpt>
      <trkpt lat="42.2392087" lon="23.5993562">
        <ele>1768</ele>
        <time>2016-08-07T07:25:06Z</time>
      </trkpt>
      <trkpt lat="42.2391181" lon="23.5993176">
        <ele>1774</ele>
        <time>2016-08-07T07:24:59Z</time>
      </trkpt>
      <trkpt lat="42.2390855" lon="23.5992256">
        <ele>1774</ele>
        <time>2016-08-07T07:24:53Z</time>
      </trkpt>
      <trkpt lat="42.2389973" lon="23.5991921">
        <ele>1775</ele>
        <time>2016-08-07T07:24:48Z</time>
      </trkpt>
      <trkpt lat="42.2389138" lon="23.5991161">
        <ele>1779</ele>
        <time>2016-08-07T07:24:40Z</time>
      </trkpt>
      <trkpt lat="42.2388441" lon="23.5990273">
        <ele>1778</ele>
        <time>2016-08-07T07:24:33Z</time>
      </trkpt>
      <trkpt lat="42.2387525" lon="23.5989692">
        <ele>1777</ele>
        <time>2016-08-07T07:24:26Z</time>
      </trkpt>
      <trkpt lat="42.2386874" lon="23.5988638">
        <ele>1775</ele>
        <time>2016-08-07T07:24:18Z</time>
      </trkpt>
      <trkpt lat="42.2386714" lon="23.5987417">
        <ele>1780</ele>
        <time>2016-08-07T07:24:09Z</time>
      </trkpt>
      <trkpt lat="42.2386204" lon="23.5986321">
        <ele>1782</ele>
        <time>2016-08-07T07:24:00Z</time>
      </trkpt>
      <trkpt lat="42.2386099" lon="23.598503">
        <ele>1787</ele>
        <time>2016-08-07T07:23:44Z</time>
      </trkpt>
      <trkpt lat="42.2385534" lon="23.5984011">
        <ele>1784</ele>
        <time>2016-08-07T07:23:36Z</time>
      </trkpt>
      <trkpt lat="42.2384949" lon="23.598297">
        <ele>1787</ele>
        <time>2016-08-07T07:23:25Z</time>
      </trkpt>
      <trkpt lat="42.2384351" lon="23.5981981">
        <ele>1793</ele>
        <time>2016-08-07T07:23:15Z</time>
      </trkpt>
      <trkpt lat="42.2383824" lon="23.5980974">
        <ele>1794</ele>
        <time>2016-08-07T07:23:06Z</time>
      </trkpt>
      <trkpt lat="42.2383247" lon="23.5979994">
        <ele>1795</ele>
        <time>2016-08-07T07:22:58Z</time>
      </trkpt>
      <trkpt lat="42.2382507" lon="23.5979183">
        <ele>1793</ele>
        <time>2016-08-07T07:22:49Z</time>
      </trkpt>
      <trkpt lat="42.2381847" lon="23.5978211">
        <ele>1792</ele>
        <time>2016-08-07T07:22:45Z</time>
      </trkpt>
      <trkpt lat="42.2381228" lon="23.5977128">
        <ele>1793</ele>
        <time>2016-08-07T07:22:36Z</time>
      </trkpt>
      <trkpt lat="42.2380678" lon="23.5975971">
        <ele>1795</ele>
        <time>2016-08-07T07:22:26Z</time>
      </trkpt>
      <trkpt lat="42.2380043" lon="23.5975046">
        <ele>1799</ele>
        <time>2016-08-07T07:22:15Z</time>
      </trkpt>
      <trkpt lat="42.2379269" lon="23.5974078">
        <ele>1796</ele>
        <time>2016-08-07T07:22:06Z</time>
      </trkpt>
      <trkpt lat="42.2378741" lon="23.5973016">
        <ele>1798</ele>
        <time>2016-08-07T07:21:57Z</time>
      </trkpt>
      <trkpt lat="42.2378252" lon="23.5971978">
        <ele>1799</ele>
        <time>2016-08-07T07:21:51Z</time>
      </trkpt>
      <trkpt lat="42.237737" lon="23.5971393">
        <ele>1799</ele>
        <time>2016-08-07T07:21:43Z</time>
      </trkpt>
      <trkpt lat="42.2376762" lon="23.5970491">
        <ele>1801</ele>
        <time>2016-08-07T07:21:33Z</time>
      </trkpt>
      <trkpt lat="42.2376313" lon="23.5969344">
        <ele>1800</ele>
        <time>2016-08-07T07:21:26Z</time>
      </trkpt>
      <trkpt lat="42.2375437" lon="23.5968665">
        <ele>1797</ele>
        <time>2016-08-07T07:21:17Z</time>
      </trkpt>
      <trkpt lat="42.2374936" lon="23.5967537">
        <ele>1798</ele>
        <time>2016-08-07T07:21:07Z</time>
      </trkpt>
      <trkpt lat="42.2374202" lon="23.5966835">
        <ele>1801</ele>
        <time>2016-08-07T07:20:59Z</time>
      </trkpt>
      <trkpt lat="42.2374047" lon="23.5966519">
        <ele>1802</ele>
        <time>2016-08-07T07:20:57Z</time>
      </trkpt>
      <trkpt lat="42.2373179" lon="23.5965894">
        <ele>1801</ele>
        <time>2016-08-07T07:20:50Z</time>
      </trkpt>
      <trkpt lat="42.237244" lon="23.5964974">
        <ele>1798</ele>
        <time>2016-08-07T07:20:43Z</time>
      </trkpt>
      <trkpt lat="42.2371531" lon="23.5964562">
        <ele>1801</ele>
        <time>2016-08-07T07:20:36Z</time>
      </trkpt>
      <trkpt lat="42.2370729" lon="23.5963959">
        <ele>1800</ele>
        <time>2016-08-07T07:20:29Z</time>
      </trkpt>
      <trkpt lat="42.2369817" lon="23.5963586">
        <ele>1805</ele>
        <time>2016-08-07T07:20:17Z</time>
      </trkpt>
      <trkpt lat="42.2369124" lon="23.5962666">
        <ele>1804</ele>
        <time>2016-08-07T07:20:11Z</time>
      </trkpt>
      <trkpt lat="42.2368545" lon="23.5961597">
        <ele>1807</ele>
        <time>2016-08-07T07:20:05Z</time>
      </trkpt>
      <trkpt lat="42.2368176" lon="23.5960355">
        <ele>1808</ele>
        <time>2016-08-07T07:19:57Z</time>
      </trkpt>
      <trkpt lat="42.2367663" lon="23.5959291">
        <ele>1811</ele>
        <time>2016-08-07T07:19:49Z</time>
      </trkpt>
      <trkpt lat="42.2366788" lon="23.5959">
        <ele>1810</ele>
        <time>2016-08-07T07:19:42Z</time>
      </trkpt>
      <trkpt lat="42.2366026" lon="23.5958226">
        <ele>1817</ele>
        <time>2016-08-07T07:18:55Z</time>
      </trkpt>
      <trkpt lat="42.2365303" lon="23.5957469">
        <ele>1817</ele>
        <time>2016-08-07T07:18:46Z</time>
      </trkpt>
      <trkpt lat="42.2364678" lon="23.5956538">
        <ele>1832</ele>
        <time>2016-08-07T07:18:34Z</time>
      </trkpt>
      <trkpt lat="42.2363698" lon="23.595608">
        <ele>1832</ele>
        <time>2016-08-07T07:18:31Z</time>
      </trkpt>
      <trkpt lat="42.236307" lon="23.5955091">
        <ele>1824</ele>
        <time>2016-08-07T07:18:27Z</time>
      </trkpt>
      <trkpt lat="42.2361777" lon="23.5951814">
        <ele>1815</ele>
        <time>2016-08-07T07:18:05Z</time>
      </trkpt>
      <trkpt lat="42.2360891" lon="23.5951408">
        <ele>1818</ele>
        <time>2016-08-07T07:17:58Z</time>
      </trkpt>
      <trkpt lat="42.2359839" lon="23.5951071">
        <ele>1816</ele>
        <time>2016-08-07T07:17:53Z</time>
      </trkpt>
      <trkpt lat="42.2359111" lon="23.5950155">
        <ele>1824</ele>
        <time>2016-08-07T07:17:45Z</time>
      </trkpt>
      <trkpt lat="42.2358476" lon="23.5949167">
        <ele>1829</ele>
        <time>2016-08-07T07:17:08Z</time>
      </trkpt>
      <trkpt lat="42.2358196" lon="23.5947709">
        <ele>1833</ele>
        <time>2016-08-07T07:16:59Z</time>
      </trkpt>
      <trkpt lat="42.2357338" lon="23.5947098">
        <ele>1828</ele>
        <time>2016-08-07T07:16:50Z</time>
      </trkpt>
      <trkpt lat="42.2356387" lon="23.5946988">
        <ele>1831</ele>
        <time>2016-08-07T07:16:42Z</time>
      </trkpt>
      <trkpt lat="42.235574" lon="23.5945995">
        <ele>1835</ele>
        <time>2016-08-07T07:16:35Z</time>
      </trkpt>
      <trkpt lat="42.2354903" lon="23.5945472">
        <ele>1836</ele>
        <time>2016-08-07T07:16:28Z</time>
      </trkpt>
      <trkpt lat="42.2354027" lon="23.5944746">
        <ele>1832</ele>
        <time>2016-08-07T07:16:18Z</time>
      </trkpt>
      <trkpt lat="42.2353207" lon="23.5944205">
        <ele>1834</ele>
        <time>2016-08-07T07:16:09Z</time>
      </trkpt>
      <trkpt lat="42.2352313" lon="23.5943793">
        <ele>1841</ele>
        <time>2016-08-07T07:15:58Z</time>
      </trkpt>
      <trkpt lat="42.2351377" lon="23.5943493">
        <ele>1845</ele>
        <time>2016-08-07T07:15:51Z</time>
      </trkpt>
      <trkpt lat="42.2350532" lon="23.5942682">
        <ele>1847</ele>
        <time>2016-08-07T07:15:44Z</time>
      </trkpt>
      <trkpt lat="42.2349826" lon="23.594186">
        <ele>1843</ele>
        <time>2016-08-07T07:15:37Z</time>
      </trkpt>
      <trkpt lat="42.2349015" lon="23.5941205">
        <ele>1839</ele>
        <time>2016-08-07T07:15:29Z</time>
      </trkpt>
      <trkpt lat="42.2348108" lon="23.5940674">
        <ele>1838</ele>
        <time>2016-08-07T07:15:22Z</time>
      </trkpt>
      <trkpt lat="42.2347104" lon="23.5940385">
        <ele>1839</ele>
        <time>2016-08-07T07:15:15Z</time>
      </trkpt>
      <trkpt lat="42.2346194" lon="23.5940338">
        <ele>1840</ele>
        <time>2016-08-07T07:15:09Z</time>
      </trkpt>
      <trkpt lat="42.2345275" lon="23.5940226">
        <ele>1841</ele>
        <time>2016-08-07T07:14:59Z</time>
      </trkpt>
      <trkpt lat="42.2344906" lon="23.5939808">
        <ele>1843</ele>
        <time>2016-08-07T07:14:54Z</time>
      </trkpt>
      <trkpt lat="42.2344191" lon="23.5938974">
        <ele>1847</ele>
        <time>2016-08-07T07:14:42Z</time>
      </trkpt>
      <trkpt lat="42.2343219" lon="23.5938829">
        <ele>1854</ele>
        <time>2016-08-07T07:14:32Z</time>
      </trkpt>
      <trkpt lat="42.2342297" lon="23.5938652">
        <ele>1856</ele>
        <time>2016-08-07T07:14:24Z</time>
      </trkpt>
      <trkpt lat="42.2341483" lon="23.5938115">
        <ele>1854</ele>
        <time>2016-08-07T07:14:17Z</time>
      </trkpt>
      <trkpt lat="42.2340618" lon="23.5937723">
        <ele>1856</ele>
        <time>2016-08-07T07:14:07Z</time>
      </trkpt>
      <trkpt lat="42.2339588" lon="23.5937642">
        <ele>1857</ele>
        <time>2016-08-07T07:14:01Z</time>
      </trkpt>
      <trkpt lat="42.233859" lon="23.5937589">
        <ele>1858</ele>
        <time>2016-08-07T07:13:53Z</time>
      </trkpt>
      <trkpt lat="42.2337617" lon="23.5937524">
        <ele>1859</ele>
        <time>2016-08-07T07:13:45Z</time>
      </trkpt>
      <trkpt lat="42.2336725" lon="23.5937024">
        <ele>1855</ele>
        <time>2016-08-07T07:13:35Z</time>
      </trkpt>
      <trkpt lat="42.2335739" lon="23.5936834">
        <ele>1857</ele>
        <time>2016-08-07T07:13:26Z</time>
      </trkpt>
      <trkpt lat="42.2334918" lon="23.5937417">
        <ele>1860</ele>
        <time>2016-08-07T07:13:18Z</time>
      </trkpt>
      <trkpt lat="42.2334089" lon="23.5937909">
        <ele>1859</ele>
        <time>2016-08-07T07:13:12Z</time>
      </trkpt>
      <trkpt lat="42.233316" lon="23.5937777">
        <ele>1858</ele>
        <time>2016-08-07T07:13:06Z</time>
      </trkpt>
      <trkpt lat="42.233226" lon="23.5937535">
        <ele>1855</ele>
        <time>2016-08-07T07:12:59Z</time>
      </trkpt>
      <trkpt lat="42.2331895" lon="23.5937806">
        <ele>1862</ele>
        <time>2016-08-07T07:12:55Z</time>
      </trkpt>
      <trkpt lat="42.2331031" lon="23.5937355">
        <ele>1861</ele>
        <time>2016-08-07T07:12:48Z</time>
      </trkpt>
      <trkpt lat="42.2330144" lon="23.593691">
        <ele>1861</ele>
        <time>2016-08-07T07:12:41Z</time>
      </trkpt>
      <trkpt lat="42.232948" lon="23.5935958">
        <ele>1865</ele>
        <time>2016-08-07T07:12:35Z</time>
      </trkpt>
      <trkpt lat="42.232878" lon="23.5935149">
        <ele>1866</ele>
        <time>2016-08-07T07:12:29Z</time>
      </trkpt>
      <trkpt lat="42.2327822" lon="23.5934604">
        <ele>1863</ele>
        <time>2016-08-07T07:12:23Z</time>
      </trkpt>
      <trkpt lat="42.2326895" lon="23.5934492">
        <ele>1866</ele>
        <time>2016-08-07T07:12:18Z</time>
      </trkpt>
      <trkpt lat="42.2325913" lon="23.593436">
        <ele>1869</ele>
        <time>2016-08-07T07:12:06Z</time>
      </trkpt>
      <trkpt lat="42.2325007" lon="23.5934443">
        <ele>1869</ele>
        <time>2016-08-07T07:12:00Z</time>
      </trkpt>
      <trkpt lat="42.2324057" lon="23.593452">
        <ele>1872</ele>
        <time>2016-08-07T07:11:52Z</time>
      </trkpt>
      <trkpt lat="42.2323124" lon="23.5934486">
        <ele>1872</ele>
        <time>2016-08-07T07:11:41Z</time>
      </trkpt>
      <trkpt lat="42.2322102" lon="23.5934328">
        <ele>1878</ele>
        <time>2016-08-07T07:11:34Z</time>
      </trkpt>
      <trkpt lat="42.2321103" lon="23.5934195">
        <ele>1880</ele>
        <time>2016-08-07T07:11:24Z</time>
      </trkpt>
      <trkpt lat="42.232007" lon="23.5934369">
        <ele>1880</ele>
        <time>2016-08-07T07:11:16Z</time>
      </trkpt>
      <trkpt lat="42.2319125" lon="23.5934703">
        <ele>1894</ele>
        <time>2016-08-07T07:11:07Z</time>
      </trkpt>
      <trkpt lat="42.2318283" lon="23.5935399">
        <ele>1895</ele>
        <time>2016-08-07T07:10:56Z</time>
      </trkpt>
      <trkpt lat="42.2317385" lon="23.5935657">
        <ele>1897</ele>
        <time>2016-08-07T07:10:49Z</time>
      </trkpt>
      <trkpt lat="42.2316424" lon="23.5935755">
        <ele>1898</ele>
        <time>2016-08-07T07:10:40Z</time>
      </trkpt>
      <trkpt lat="42.231529" lon="23.5935278">
        <ele>1899</ele>
        <time>2016-08-07T07:10:31Z</time>
      </trkpt>
      <trkpt lat="42.2314329" lon="23.5934906">
        <ele>1900</ele>
        <time>2016-08-07T07:09:59Z</time>
      </trkpt>
      <trkpt lat="42.2313013" lon="23.5935426">
        <ele>1899</ele>
        <time>2016-08-07T07:09:37Z</time>
      </trkpt>
      <trkpt lat="42.2312004" lon="23.5935534">
        <ele>1898</ele>
        <time>2016-08-07T07:09:30Z</time>
      </trkpt>
      <trkpt lat="42.2311077" lon="23.5935363">
        <ele>1900</ele>
        <time>2016-08-07T07:09:22Z</time>
      </trkpt>
      <trkpt lat="42.2310088" lon="23.5934821">
        <ele>1901</ele>
        <time>2016-08-07T07:09:16Z</time>
      </trkpt>
      <trkpt lat="42.230874" lon="23.5935111">
        <ele>1900</ele>
        <time>2016-08-07T07:08:59Z</time>
      </trkpt>
    </trkseg>
    <trkseg>
      <trkpt lat="42.2308132" lon="23.5935117">
        <ele>1899</ele>
        <time>2016-08-07T07:08:54Z</time>
      </trkpt>
      <trkpt lat="42.2307178" lon="23.5934996">
        <ele>1901</ele>
        <time>2016-08-07T07:08:47Z</time>
      </trkpt>
      <trkpt lat="42.2306253" lon="23.5934867">
        <ele>1901</ele>
        <time>2016-08-07T07:08:38Z</time>
      </trkpt>
      <trkpt lat="42.2305461" lon="23.5934102">
        <ele>1899</ele>
        <time>2016-08-07T07:08:30Z</time>
      </trkpt>
      <trkpt lat="42.2304497" lon="23.593439">
        <ele>1898</ele>
        <time>2016-08-07T07:08:21Z</time>
      </trkpt>
      <trkpt lat="42.2303589" lon="23.5934729">
        <ele>1898</ele>
        <time>2016-08-07T07:08:16Z</time>
      </trkpt>
      <trkpt lat="42.2302651" lon="23.5935272">
        <ele>1903</ele>
        <time>2016-08-07T07:07:39Z</time>
      </trkpt>
      <trkpt lat="42.2301697" lon="23.5935271">
        <ele>1900</ele>
        <time>2016-08-07T07:07:34Z</time>
      </trkpt>
      <trkpt lat="42.2300652" lon="23.5935308">
        <ele>1895</ele>
        <time>2016-08-07T07:07:28Z</time>
      </trkpt>
      <trkpt lat="42.2299687" lon="23.5935026">
        <ele>1898</ele>
        <time>2016-08-07T07:07:22Z</time>
      </trkpt>
      <trkpt lat="42.2298732" lon="23.5934729">
        <ele>1891</ele>
        <time>2016-08-07T07:06:59Z</time>
      </trkpt>
      <trkpt lat="42.2298634" lon="23.59348">
        <ele>1891</ele>
        <time>2016-08-07T07:06:58Z</time>
      </trkpt>
      <trkpt lat="42.2297727" lon="23.5934919">
        <ele>1898</ele>
        <time>2016-08-07T07:06:50Z</time>
      </trkpt>
      <trkpt lat="42.2296858" lon="23.5935277">
        <ele>1898</ele>
        <time>2016-08-07T07:06:44Z</time>
      </trkpt>
      <trkpt lat="42.2295906" lon="23.5935624">
        <ele>1900</ele>
        <time>2016-08-07T07:06:36Z</time>
      </trkpt>
      <trkpt lat="42.2295033" lon="23.5936021">
        <ele>1902</ele>
        <time>2016-08-07T07:06:29Z</time>
      </trkpt>
      <trkpt lat="42.2294217" lon="23.593655">
        <ele>1902</ele>
        <time>2016-08-07T07:06:21Z</time>
      </trkpt>
      <trkpt lat="42.2293417" lon="23.5935986">
        <ele>1902</ele>
        <time>2016-08-07T07:06:12Z</time>
      </trkpt>
      <trkpt lat="42.2292443" lon="23.5935695">
        <ele>1902</ele>
        <time>2016-08-07T07:06:05Z</time>
      </trkpt>
      <trkpt lat="42.2291594" lon="23.5935234">
        <ele>1904</ele>
        <time>2016-08-07T07:05:58Z</time>
      </trkpt>
      <trkpt lat="42.2290665" lon="23.5934912">
        <ele>1909</ele>
        <time>2016-08-07T07:05:46Z</time>
      </trkpt>
      <trkpt lat="42.228974" lon="23.5934827">
        <ele>1910</ele>
        <time>2016-08-07T07:05:38Z</time>
      </trkpt>
      <trkpt lat="42.2288729" lon="23.5934438">
        <ele>1910</ele>
        <time>2016-08-07T07:05:32Z</time>
      </trkpt>
      <trkpt lat="42.2287762" lon="23.5934301">
        <ele>1908</ele>
        <time>2016-08-07T07:05:26Z</time>
      </trkpt>
      <trkpt lat="42.2286877" lon="23.5934052">
        <ele>1907</ele>
        <time>2016-08-07T07:05:18Z</time>
      </trkpt>
      <trkpt lat="42.2285953" lon="23.5934033">
        <ele>1913</ele>
        <time>2016-08-07T07:05:08Z</time>
      </trkpt>
      <trkpt lat="42.2285035" lon="23.5933878">
        <ele>1915</ele>
        <time>2016-08-07T07:04:59Z</time>
      </trkpt>
      <trkpt lat="42.2284742" lon="23.5933928">
        <ele>1915</ele>
        <time>2016-08-07T07:04:57Z</time>
      </trkpt>
      <trkpt lat="42.2283818" lon="23.593402">
        <ele>1917</ele>
        <time>2016-08-07T07:04:50Z</time>
      </trkpt>
      <trkpt lat="42.2283016" lon="23.5933438">
        <ele>1922</ele>
        <time>2016-08-07T07:04:36Z</time>
      </trkpt>
      <trkpt lat="42.2282004" lon="23.5933046">
        <ele>1917</ele>
        <time>2016-08-07T07:04:29Z</time>
      </trkpt>
      <trkpt lat="42.2281054" lon="23.5933316">
        <ele>1921</ele>
        <time>2016-08-07T07:04:21Z</time>
      </trkpt>
      <trkpt lat="42.2280048" lon="23.5933316">
        <ele>1923</ele>
        <time>2016-08-07T07:04:15Z</time>
      </trkpt>
      <trkpt lat="42.2279088" lon="23.5933302">
        <ele>1924</ele>
        <time>2016-08-07T07:04:09Z</time>
      </trkpt>
      <trkpt lat="42.2278209" lon="23.5932724">
        <ele>1922</ele>
        <time>2016-08-07T07:04:02Z</time>
      </trkpt>
      <trkpt lat="42.2277265" lon="23.5932562">
        <ele>1924</ele>
        <time>2016-08-07T07:03:52Z</time>
      </trkpt>
      <trkpt lat="42.227662" lon="23.5931598">
        <ele>1922</ele>
        <time>2016-08-07T07:03:44Z</time>
      </trkpt>
      <trkpt lat="42.2275694" lon="23.5931609">
        <ele>1923</ele>
        <time>2016-08-07T07:03:37Z</time>
      </trkpt>
      <trkpt lat="42.2274651" lon="23.5931602">
        <ele>1936</ele>
        <time>2016-08-07T07:03:25Z</time>
      </trkpt>
      <trkpt lat="42.2273804" lon="23.5931166">
        <ele>1936</ele>
        <time>2016-08-07T07:03:20Z</time>
      </trkpt>
      <trkpt lat="42.2272755" lon="23.5931079">
        <ele>1930</ele>
        <time>2016-08-07T07:03:13Z</time>
      </trkpt>
      <trkpt lat="42.227193" lon="23.5930445">
        <ele>1931</ele>
        <time>2016-08-07T07:03:08Z</time>
      </trkpt>
      <trkpt lat="42.2270862" lon="23.5930303">
        <ele>1928</ele>
        <time>2016-08-07T07:02:59Z</time>
      </trkpt>
      <trkpt lat="42.2270457" lon="23.5930184">
        <ele>1930</ele>
        <time>2016-08-07T07:02:54Z</time>
      </trkpt>
      <trkpt lat="42.2269549" lon="23.593002">
        <ele>1932</ele>
        <time>2016-08-07T07:02:46Z</time>
      </trkpt>
      <trkpt lat="42.2268633" lon="23.5929685">
        <ele>1927</ele>
        <time>2016-08-07T07:02:38Z</time>
      </trkpt>
      <trkpt lat="42.2267807" lon="23.5929">
        <ele>1930</ele>
        <time>2016-08-07T07:02:31Z</time>
      </trkpt>
      <trkpt lat="42.2267047" lon="23.5928262">
        <ele>1926</ele>
        <time>2016-08-07T07:02:24Z</time>
      </trkpt>
      <trkpt lat="42.2266169" lon="23.5927948">
        <ele>1933</ele>
        <time>2016-08-07T07:02:10Z</time>
      </trkpt>
      <trkpt lat="42.2265415" lon="23.5927164">
        <ele>1933</ele>
        <time>2016-08-07T07:02:02Z</time>
      </trkpt>
      <trkpt lat="42.2264656" lon="23.5926467">
        <ele>1936</ele>
        <time>2016-08-07T07:01:56Z</time>
      </trkpt>
      <trkpt lat="42.2263822" lon="23.5925789">
        <ele>1931</ele>
        <time>2016-08-07T07:01:50Z</time>
      </trkpt>
      <trkpt lat="42.2262912" lon="23.5925659">
        <ele>1928</ele>
        <time>2016-08-07T07:01:44Z</time>
      </trkpt>
      <trkpt lat="42.2262006" lon="23.5925167">
        <ele>1930</ele>
        <time>2016-08-07T07:01:32Z</time>
      </trkpt>
      <trkpt lat="42.2261149" lon="23.5924524">
        <ele>1932</ele>
        <time>2016-08-07T07:01:24Z</time>
      </trkpt>
      <trkpt lat="42.2260478" lon="23.5923558">
        <ele>1934</ele>
        <time>2016-08-07T07:01:15Z</time>
      </trkpt>
      <trkpt lat="42.2259581" lon="23.5923151">
        <ele>1929</ele>
        <time>2016-08-07T07:01:07Z</time>
      </trkpt>
      <trkpt lat="42.2258629" lon="23.5923086">
        <ele>1940</ele>
        <time>2016-08-07T07:00:56Z</time>
      </trkpt>
      <trkpt lat="42.2258447" lon="23.5922991">
        <ele>1939</ele>
        <time>2016-08-07T07:00:54Z</time>
      </trkpt>
      <trkpt lat="42.2255092" lon="23.5924954">
        <ele>1947</ele>
        <time>2016-08-07T06:41:27Z</time>
      </trkpt>
      <trkpt lat="42.2255092" lon="23.5924954">
        <ele>1947</ele>
        <time>2016-08-07T06:41:27Z</time>
      </trkpt>
      <trkpt lat="42.2255092" lon="23.5924954">
        <ele>1947</ele>
        <time>2016-08-07T06:41:27Z</time>
      </trkpt>
      <trkpt lat="42.2255626" lon="23.5926026">
        <ele>1944</ele>
        <time>2016-08-07T06:41:18Z</time>
      </trkpt>
      <trkpt lat="42.225558" lon="23.5927323">
        <ele>1940</ele>
        <time>2016-08-07T06:41:10Z</time>
      </trkpt>
      <trkpt lat="42.2255199" lon="23.5928526">
        <ele>1941</ele>
        <time>2016-08-07T06:41:01Z</time>
      </trkpt>
      <trkpt lat="42.2254297" lon="23.5928242">
        <ele>1940</ele>
        <time>2016-08-07T06:40:53Z</time>
      </trkpt>
      <trkpt lat="42.2254033" lon="23.5928324">
        <ele>1940</ele>
        <time>2016-08-07T06:40:52Z</time>
      </trkpt>
      <trkpt lat="42.225312" lon="23.5928249">
        <ele>1942</ele>
        <time>2016-08-07T06:40:47Z</time>
      </trkpt>
      <trkpt lat="42.2252196" lon="23.5927819">
        <ele>1947</ele>
        <time>2016-08-07T06:40:40Z</time>
      </trkpt>
      <trkpt lat="42.2251267" lon="23.5927312">
        <ele>1949</ele>
        <time>2016-08-07T06:40:29Z</time>
      </trkpt>
      <trkpt lat="42.2250402" lon="23.5926952">
        <ele>1954</ele>
        <time>2016-08-07T06:40:18Z</time>
      </trkpt>
      <trkpt lat="42.2249554" lon="23.5926393">
        <ele>1952</ele>
        <time>2016-08-07T06:40:13Z</time>
      </trkpt>
      <trkpt lat="42.2248511" lon="23.5926008">
        <ele>1947</ele>
        <time>2016-08-07T06:40:09Z</time>
      </trkpt>
      <trkpt lat="42.2247452" lon="23.592569">
        <ele>1948</ele>
        <time>2016-08-07T06:40:05Z</time>
      </trkpt>
      <trkpt lat="42.2246396" lon="23.5925005">
        <ele>1949</ele>
        <time>2016-08-07T06:39:51Z</time>
      </trkpt>
      <trkpt lat="42.2245818" lon="23.5924069">
        <ele>1953</ele>
        <time>2016-08-07T06:39:34Z</time>
      </trkpt>
      <trkpt lat="42.2244898" lon="23.5923368">
        <ele>1955</ele>
        <time>2016-08-07T06:39:28Z</time>
      </trkpt>
      <trkpt lat="42.2244324" lon="23.5922424">
        <ele>1961</ele>
        <time>2016-08-07T06:39:19Z</time>
      </trkpt>
      <trkpt lat="42.2243299" lon="23.5922409">
        <ele>1960</ele>
        <time>2016-08-07T06:39:14Z</time>
      </trkpt>
      <trkpt lat="42.2242308" lon="23.5922366">
        <ele>1959</ele>
        <time>2016-08-07T06:39:06Z</time>
      </trkpt>
      <trkpt lat="42.2241388" lon="23.5921926">
        <ele>1963</ele>
        <time>2016-08-07T06:38:53Z</time>
      </trkpt>
      <trkpt lat="42.2241285" lon="23.592191">
        <ele>1963</ele>
        <time>2016-08-07T06:38:50Z</time>
      </trkpt>
      <trkpt lat="42.2240395" lon="23.5922307">
        <ele>1964</ele>
        <time>2016-08-07T06:38:40Z</time>
      </trkpt>
      <trkpt lat="42.223947" lon="23.592243">
        <ele>1970</ele>
        <time>2016-08-07T06:38:35Z</time>
      </trkpt>
      <trkpt lat="42.223845" lon="23.5922053">
        <ele>1971</ele>
        <time>2016-08-07T06:38:27Z</time>
      </trkpt>
      <trkpt lat="42.2236115" lon="23.592159">
        <ele>1973</ele>
        <time>2016-08-07T06:37:34Z</time>
      </trkpt>
      <trkpt lat="42.2235646" lon="23.5922772">
        <ele>1979</ele>
        <time>2016-08-07T06:37:27Z</time>
      </trkpt>
      <trkpt lat="42.223494" lon="23.5923752">
        <ele>1976</ele>
        <time>2016-08-07T06:37:23Z</time>
      </trkpt>
      <trkpt lat="42.223479" lon="23.592506">
        <ele>1979</ele>
        <time>2016-08-07T06:36:53Z</time>
      </trkpt>
      <trkpt lat="42.22348" lon="23.5924579">
        <ele>1978</ele>
        <time>2016-08-07T06:36:36Z</time>
      </trkpt>
      <trkpt lat="42.223475" lon="23.592587">
        <ele>1983</ele>
        <time>2016-08-07T06:36:28Z</time>
      </trkpt>
      <trkpt lat="42.2234524" lon="23.5927241">
        <ele>1980</ele>
        <time>2016-08-07T06:36:19Z</time>
      </trkpt>
      <trkpt lat="42.2233651" lon="23.5927763">
        <ele>1982</ele>
        <time>2016-08-07T06:36:10Z</time>
      </trkpt>
      <trkpt lat="42.2232712" lon="23.592773">
        <ele>1978</ele>
        <time>2016-08-07T06:36:03Z</time>
      </trkpt>
      <trkpt lat="42.2232056" lon="23.5926822">
        <ele>1988</ele>
        <time>2016-08-07T06:35:49Z</time>
      </trkpt>
      <trkpt lat="42.2231506" lon="23.5925732">
        <ele>1992</ele>
        <time>2016-08-07T06:35:36Z</time>
      </trkpt>
      <trkpt lat="42.2230875" lon="23.5924751">
        <ele>1991</ele>
        <time>2016-08-07T06:35:31Z</time>
      </trkpt>
      <trkpt lat="42.2230242" lon="23.5923762">
        <ele>1992</ele>
        <time>2016-08-07T06:35:25Z</time>
      </trkpt>
      <trkpt lat="42.2229558" lon="23.5922718">
        <ele>1994</ele>
        <time>2016-08-07T06:35:17Z</time>
      </trkpt>
      <trkpt lat="42.2228816" lon="23.5921873">
        <ele>1996</ele>
        <time>2016-08-07T06:35:10Z</time>
      </trkpt>
      <trkpt lat="42.2227993" lon="23.592122">
        <ele>1999</ele>
        <time>2016-08-07T06:35:01Z</time>
      </trkpt>
      <trkpt lat="42.2227063" lon="23.5920735">
        <ele>1997</ele>
        <time>2016-08-07T06:34:53Z</time>
      </trkpt>
      <trkpt lat="42.2226761" lon="23.5920647">
        <ele>1996</ele>
        <time>2016-08-07T06:34:51Z</time>
      </trkpt>
      <trkpt lat="42.2225963" lon="23.5919974">
        <ele>2001</ele>
        <time>2016-08-07T06:34:41Z</time>
      </trkpt>
      <trkpt lat="42.2225089" lon="23.5919608">
        <ele>2006</ele>
        <time>2016-08-07T06:34:32Z</time>
      </trkpt>
      <trkpt lat="42.22241" lon="23.5919459">
        <ele>2006</ele>
        <time>2016-08-07T06:34:26Z</time>
      </trkpt>
      <trkpt lat="42.2223217" lon="23.5919186">
        <ele>2006</ele>
        <time>2016-08-07T06:34:21Z</time>
      </trkpt>
      <trkpt lat="42.2222203" lon="23.5918989">
        <ele>2008</ele>
        <time>2016-08-07T06:34:11Z</time>
      </trkpt>
      <trkpt lat="42.2221256" lon="23.5918953">
        <ele>2002</ele>
        <time>2016-08-07T06:34:05Z</time>
      </trkpt>
      <trkpt lat="42.2220347" lon="23.5918589">
        <ele>2001</ele>
        <time>2016-08-07T06:33:56Z</time>
      </trkpt>
      <trkpt lat="42.2219372" lon="23.5918664">
        <ele>2002</ele>
        <time>2016-08-07T06:33:45Z</time>
      </trkpt>
      <trkpt lat="42.2218429" lon="23.5918719">
        <ele>2007</ele>
        <time>2016-08-07T06:33:38Z</time>
      </trkpt>
      <trkpt lat="42.2217468" lon="23.5918372">
        <ele>2004</ele>
        <time>2016-08-07T06:33:31Z</time>
      </trkpt>
      <trkpt lat="42.221664" lon="23.5917792">
        <ele>2004</ele>
        <time>2016-08-07T06:33:24Z</time>
      </trkpt>
      <trkpt lat="42.2216006" lon="23.5916788">
        <ele>2013</ele>
        <time>2016-08-07T06:33:14Z</time>
      </trkpt>
      <trkpt lat="42.2215176" lon="23.5916283">
        <ele>2017</ele>
        <time>2016-08-07T06:33:08Z</time>
      </trkpt>
      <trkpt lat="42.2214245" lon="23.5915838">
        <ele>2013</ele>
        <time>2016-08-07T06:33:03Z</time>
      </trkpt>
      <trkpt lat="42.221344" lon="23.5914935">
        <ele>2015</ele>
        <time>2016-08-07T06:32:53Z</time>
      </trkpt>
      <trkpt lat="42.2213326" lon="23.5914824">
        <ele>2014</ele>
        <time>2016-08-07T06:32:52Z</time>
      </trkpt>
      <trkpt lat="42.2212412" lon="23.5914372">
        <ele>2013</ele>
        <time>2016-08-07T06:32:42Z</time>
      </trkpt>
      <trkpt lat="42.2211492" lon="23.5914096">
        <ele>2018</ele>
        <time>2016-08-07T06:32:31Z</time>
      </trkpt>
      <trkpt lat="42.221055" lon="23.5914084">
        <ele>2020</ele>
        <time>2016-08-07T06:32:26Z</time>
      </trkpt>
      <trkpt lat="42.220962" lon="23.5913741">
        <ele>2020</ele>
        <time>2016-08-07T06:32:11Z</time>
      </trkpt>
      <trkpt lat="42.220872" lon="23.5913353">
        <ele>2018</ele>
        <time>2016-08-07T06:32:04Z</time>
      </trkpt>
      <trkpt lat="42.2207898" lon="23.5912745">
        <ele>2020</ele>
        <time>2016-08-07T06:31:56Z</time>
      </trkpt>
      <trkpt lat="42.2207109" lon="23.5912069">
        <ele>2022</ele>
        <time>2016-08-07T06:31:46Z</time>
      </trkpt>
      <trkpt lat="42.220616" lon="23.5911728">
        <ele>2025</ele>
        <time>2016-08-07T06:31:39Z</time>
      </trkpt>
      <trkpt lat="42.2205127" lon="23.5911368">
        <ele>2022</ele>
        <time>2016-08-07T06:31:31Z</time>
      </trkpt>
      <trkpt lat="42.220424" lon="23.5910943">
        <ele>2023</ele>
        <time>2016-08-07T06:31:25Z</time>
      </trkpt>
      <trkpt lat="42.2203417" lon="23.5910438">
        <ele>2023</ele>
        <time>2016-08-07T06:31:15Z</time>
      </trkpt>
      <trkpt lat="42.2202577" lon="23.5909907">
        <ele>2027</ele>
        <time>2016-08-07T06:31:02Z</time>
      </trkpt>
      <trkpt lat="42.2201653" lon="23.5909491">
        <ele>2028</ele>
        <time>2016-08-07T06:30:53Z</time>
      </trkpt>
      <trkpt lat="42.2200773" lon="23.5909175">
        <ele>2029</ele>
        <time>2016-08-07T06:30:46Z</time>
      </trkpt>
      <trkpt lat="42.2199819" lon="23.5908912">
        <ele>2031</ele>
        <time>2016-08-07T06:30:37Z</time>
      </trkpt>
      <trkpt lat="42.2198829" lon="23.5908883">
        <ele>2034</ele>
        <time>2016-08-07T06:30:28Z</time>
      </trkpt>
      <trkpt lat="42.2197906" lon="23.5908555">
        <ele>2033</ele>
        <time>2016-08-07T06:30:23Z</time>
      </trkpt>
      <trkpt lat="42.2197003" lon="23.5908336">
        <ele>2035</ele>
        <time>2016-08-07T06:30:18Z</time>
      </trkpt>
      <trkpt lat="42.219607" lon="23.5908227">
        <ele>2033</ele>
        <time>2016-08-07T06:29:58Z</time>
      </trkpt>
      <trkpt lat="42.2195178" lon="23.5908051">
        <ele>2037</ele>
        <time>2016-08-07T06:29:50Z</time>
      </trkpt>
      <trkpt lat="42.2194208" lon="23.5907773">
        <ele>2037</ele>
        <time>2016-08-07T06:29:44Z</time>
      </trkpt>
      <trkpt lat="42.2193386" lon="23.5907121">
        <ele>2036</ele>
        <time>2016-08-07T06:29:36Z</time>
      </trkpt>
      <trkpt lat="42.2192432" lon="23.5906846">
        <ele>2041</ele>
        <time>2016-08-07T06:29:28Z</time>
      </trkpt>
      <trkpt lat="42.2191518" lon="23.5906687">
        <ele>2043</ele>
        <time>2016-08-07T06:29:13Z</time>
      </trkpt>
      <trkpt lat="42.2190629" lon="23.5906435">
        <ele>2043</ele>
        <time>2016-08-07T06:29:01Z</time>
      </trkpt>
      <trkpt lat="42.2189744" lon="23.5906184">
        <ele>2047</ele>
        <time>2016-08-07T06:28:53Z</time>
      </trkpt>
      <trkpt lat="42.2189295" lon="23.5906102">
        <ele>2047</ele>
        <time>2016-08-07T06:28:49Z</time>
      </trkpt>
      <trkpt lat="42.2188357" lon="23.5906307">
        <ele>2051</ele>
        <time>2016-08-07T06:28:36Z</time>
      </trkpt>
      <trkpt lat="42.2187307" lon="23.590638">
        <ele>2051</ele>
        <time>2016-08-07T06:28:29Z</time>
      </trkpt>
      <trkpt lat="42.2186386" lon="23.5906139">
        <ele>2051</ele>
        <time>2016-08-07T06:28:21Z</time>
      </trkpt>
      <trkpt lat="42.2185505" lon="23.5905571">
        <ele>2058</ele>
        <time>2016-08-07T06:28:14Z</time>
      </trkpt>
      <trkpt lat="42.2184657" lon="23.5904897">
        <ele>2061</ele>
        <time>2016-08-07T06:27:25Z</time>
      </trkpt>
      <trkpt lat="42.2183868" lon="23.5904304">
        <ele>2054</ele>
        <time>2016-08-07T06:26:43Z</time>
      </trkpt>
      <trkpt lat="42.2183339" lon="23.5903172">
        <ele>2057</ele>
        <time>2016-08-07T06:26:32Z</time>
      </trkpt>
      <trkpt lat="42.2182906" lon="23.5902018">
        <ele>2058</ele>
        <time>2016-08-07T06:26:25Z</time>
      </trkpt>
      <trkpt lat="42.218238" lon="23.5901033">
        <ele>2058</ele>
        <time>2016-08-07T06:26:16Z</time>
      </trkpt>
      <trkpt lat="42.2181813" lon="23.5900089">
        <ele>2058</ele>
        <time>2016-08-07T06:26:09Z</time>
      </trkpt>
      <trkpt lat="42.218124" lon="23.5899085">
        <ele>2060</ele>
        <time>2016-08-07T06:26:01Z</time>
      </trkpt>
      <trkpt lat="42.2180844" lon="23.5897895">
        <ele>2061</ele>
        <time>2016-08-07T06:25:53Z</time>
      </trkpt>
      <trkpt lat="42.2179954" lon="23.5897277">
        <ele>2062</ele>
        <time>2016-08-07T06:25:45Z</time>
      </trkpt>
      <trkpt lat="42.2179059" lon="23.5896615">
        <ele>2062</ele>
        <time>2016-08-07T06:25:36Z</time>
      </trkpt>
      <trkpt lat="42.217834" lon="23.5895747">
        <ele>2067</ele>
        <time>2016-08-07T06:25:25Z</time>
      </trkpt>
      <trkpt lat="42.217751" lon="23.5895222">
        <ele>2066</ele>
        <time>2016-08-07T06:25:18Z</time>
      </trkpt>
      <trkpt lat="42.2176701" lon="23.5894511">
        <ele>2067</ele>
        <time>2016-08-07T06:25:10Z</time>
      </trkpt>
      <trkpt lat="42.2175825" lon="23.5894092">
        <ele>2069</ele>
        <time>2016-08-07T06:25:02Z</time>
      </trkpt>
      <trkpt lat="42.2174968" lon="23.589342">
        <ele>2068</ele>
        <time>2016-08-07T06:24:53Z</time>
      </trkpt>
      <trkpt lat="42.2174346" lon="23.5893007">
        <ele>2070</ele>
        <time>2016-08-07T06:24:48Z</time>
      </trkpt>
      <trkpt lat="42.2173678" lon="23.5892022">
        <ele>2071</ele>
        <time>2016-08-07T06:24:36Z</time>
      </trkpt>
      <trkpt lat="42.2173151" lon="23.5890976">
        <ele>2075</ele>
        <time>2016-08-07T06:24:26Z</time>
      </trkpt>
      <trkpt lat="42.2172224" lon="23.5890505">
        <ele>2072</ele>
        <time>2016-08-07T06:23:24Z</time>
      </trkpt>
      <trkpt lat="42.2171542" lon="23.5889704">
        <ele>2073</ele>
        <time>2016-08-07T06:23:16Z</time>
      </trkpt>
      <trkpt lat="42.2170719" lon="23.5889099">
        <ele>2077</ele>
        <time>2016-08-07T06:23:07Z</time>
      </trkpt>
      <trkpt lat="42.2170338" lon="23.5887928">
        <ele>2080</ele>
        <time>2016-08-07T06:22:57Z</time>
      </trkpt>
      <trkpt lat="42.2169655" lon="23.5887124">
        <ele>2081</ele>
        <time>2016-08-07T06:22:47Z</time>
      </trkpt>
      <trkpt lat="42.2168699" lon="23.5886823">
        <ele>2085</ele>
        <time>2016-08-07T06:22:39Z</time>
      </trkpt>
      <trkpt lat="42.2167854" lon="23.5886338">
        <ele>2087</ele>
        <time>2016-08-07T06:22:26Z</time>
      </trkpt>
      <trkpt lat="42.2166897" lon="23.5886245">
        <ele>2089</ele>
        <time>2016-08-07T06:22:13Z</time>
      </trkpt>
      <trkpt lat="42.216594" lon="23.5885864">
        <ele>2090</ele>
        <time>2016-08-07T06:22:05Z</time>
      </trkpt>
      <trkpt lat="42.2165003" lon="23.588574">
        <ele>2090</ele>
        <time>2016-08-07T06:21:59Z</time>
      </trkpt>
      <trkpt lat="42.2164173" lon="23.5884989">
        <ele>2094</ele>
        <time>2016-08-07T06:21:49Z</time>
      </trkpt>
      <trkpt lat="42.2163304" lon="23.588445">
        <ele>2099</ele>
        <time>2016-08-07T06:21:35Z</time>
      </trkpt>
      <trkpt lat="42.2162528" lon="23.5883683">
        <ele>2101</ele>
        <time>2016-08-07T06:21:17Z</time>
      </trkpt>
      <trkpt lat="42.2161597" lon="23.5883353">
        <ele>2102</ele>
        <time>2016-08-07T06:21:07Z</time>
      </trkpt>
      <trkpt lat="42.2160751" lon="23.5882868">
        <ele>2103</ele>
        <time>2016-08-07T06:21:00Z</time>
      </trkpt>
      <trkpt lat="42.2159748" lon="23.5882528">
        <ele>2105</ele>
        <time>2016-08-07T06:20:52Z</time>
      </trkpt>
      <trkpt lat="42.2159482" lon="23.5882413">
        <ele>2107</ele>
        <time>2016-08-07T06:20:50Z</time>
      </trkpt>
      <trkpt lat="42.2158606" lon="23.5882052">
        <ele>2109</ele>
        <time>2016-08-07T06:20:43Z</time>
      </trkpt>
      <trkpt lat="42.2157696" lon="23.5881924">
        <ele>2109</ele>
        <time>2016-08-07T06:20:37Z</time>
      </trkpt>
      <trkpt lat="42.2156749" lon="23.5882105">
        <ele>2107</ele>
        <time>2016-08-07T06:20:05Z</time>
      </trkpt>
      <trkpt lat="42.2155853" lon="23.5881779">
        <ele>2113</ele>
        <time>2016-08-07T06:19:56Z</time>
      </trkpt>
      <trkpt lat="42.2154905" lon="23.5881559">
        <ele>2115</ele>
        <time>2016-08-07T06:19:47Z</time>
      </trkpt>
      <trkpt lat="42.2153912" lon="23.588149">
        <ele>2116</ele>
        <time>2016-08-07T06:19:39Z</time>
      </trkpt>
      <trkpt lat="42.2153004" lon="23.5881322">
        <ele>2119</ele>
        <time>2016-08-07T06:19:31Z</time>
      </trkpt>
      <trkpt lat="42.2152064" lon="23.5881089">
        <ele>2118</ele>
        <time>2016-08-07T06:19:24Z</time>
      </trkpt>
      <trkpt lat="42.2151223" lon="23.588065">
        <ele>2116</ele>
        <time>2016-08-07T06:19:18Z</time>
      </trkpt>
      <trkpt lat="42.215032" lon="23.5880181">
        <ele>2116</ele>
        <time>2016-08-07T06:19:11Z</time>
      </trkpt>
      <trkpt lat="42.2149466" lon="23.5879591">
        <ele>2120</ele>
        <time>2016-08-07T06:19:02Z</time>
      </trkpt>
      <trkpt lat="42.2148566" lon="23.5879517">
        <ele>2122</ele>
        <time>2016-08-07T06:18:53Z</time>
      </trkpt>
      <trkpt lat="42.2148852" lon="23.5880102">
        <ele>2114</ele>
        <time>2016-08-07T06:18:24Z</time>
      </trkpt>
      <trkpt lat="42.2148852" lon="23.5880102">
        <ele>2114</ele>
        <time>2016-08-07T06:18:24Z</time>
      </trkpt>
      <trkpt lat="42.2146714" lon="23.5879652">
        <ele>2121</ele>
        <time>2016-08-07T06:18:04Z</time>
      </trkpt>
      <trkpt lat="42.2145815" lon="23.587936">
        <ele>2126</ele>
        <time>2016-08-07T06:17:37Z</time>
      </trkpt>
      <trkpt lat="42.2144893" lon="23.5879684">
        <ele>2127</ele>
        <time>2016-08-07T06:17:27Z</time>
      </trkpt>
      <trkpt lat="42.2143944" lon="23.5879647">
        <ele>2124</ele>
        <time>2016-08-07T06:17:20Z</time>
      </trkpt>
      <trkpt lat="42.2143133" lon="23.5880472">
        <ele>2127</ele>
        <time>2016-08-07T06:17:00Z</time>
      </trkpt>
      <trkpt lat="42.2142268" lon="23.5881172">
        <ele>2125</ele>
        <time>2016-08-07T06:16:51Z</time>
      </trkpt>
      <trkpt lat="42.2141999" lon="23.5881261">
        <ele>2125</ele>
        <time>2016-08-07T06:16:49Z</time>
      </trkpt>
      <trkpt lat="42.2141084" lon="23.588165">
        <ele>2133</ele>
        <time>2016-08-07T06:16:36Z</time>
      </trkpt>
      <trkpt lat="42.2140205" lon="23.588215">
        <ele>2133</ele>
        <time>2016-08-07T06:16:21Z</time>
      </trkpt>
      <trkpt lat="42.2139638" lon="23.5883123">
        <ele>2134</ele>
        <time>2016-08-07T06:16:01Z</time>
      </trkpt>
      <trkpt lat="42.213873" lon="23.5883276">
        <ele>2136</ele>
        <time>2016-08-07T06:15:17Z</time>
      </trkpt>
      <trkpt lat="42.2137826" lon="23.5883286">
        <ele>2139</ele>
        <time>2016-08-07T06:15:05Z</time>
      </trkpt>
      <trkpt lat="42.2136894" lon="23.5883619">
        <ele>2138</ele>
        <time>2016-08-07T06:14:51Z</time>
      </trkpt>
      <trkpt lat="42.213662" lon="23.5884">
        <ele>2137</ele>
        <time>2016-08-07T06:14:03Z</time>
      </trkpt>
      <trkpt lat="42.21357" lon="23.588419">
        <ele>2138</ele>
        <time>2016-08-07T06:13:53Z</time>
      </trkpt>
      <trkpt lat="42.213475" lon="23.5884577">
        <ele>2144</ele>
        <time>2016-08-07T06:13:35Z</time>
      </trkpt>
      <trkpt lat="42.2133888" lon="23.5884215">
        <ele>2148</ele>
        <time>2016-08-07T06:13:23Z</time>
      </trkpt>
      <trkpt lat="42.2132972" lon="23.5884104">
        <ele>2149</ele>
        <time>2016-08-07T06:13:18Z</time>
      </trkpt>
      <trkpt lat="42.213198" lon="23.5883918">
        <ele>2147</ele>
        <time>2016-08-07T06:13:09Z</time>
      </trkpt>
      <trkpt lat="42.2131033" lon="23.5883432">
        <ele>2148</ele>
        <time>2016-08-07T06:13:02Z</time>
      </trkpt>
      <trkpt lat="42.2130083" lon="23.5883019">
        <ele>2147</ele>
        <time>2016-08-07T06:12:58Z</time>
      </trkpt>
      <trkpt lat="42.2129186" lon="23.5882706">
        <ele>2145</ele>
        <time>2016-08-07T06:12:54Z</time>
      </trkpt>
      <trkpt lat="42.2128228" lon="23.5882398">
        <ele>2147</ele>
        <time>2016-08-07T06:12:20Z</time>
      </trkpt>
      <trkpt lat="42.2127356" lon="23.5881879">
        <ele>2148</ele>
        <time>2016-08-07T06:12:12Z</time>
      </trkpt>
      <trkpt lat="42.2126445" lon="23.5881589">
        <ele>2147</ele>
        <time>2016-08-07T06:12:03Z</time>
      </trkpt>
      <trkpt lat="42.2125514" lon="23.5881739">
        <ele>2146</ele>
        <time>2016-08-07T06:11:55Z</time>
      </trkpt>
      <trkpt lat="42.2124677" lon="23.5881261">
        <ele>2144</ele>
        <time>2016-08-07T06:11:43Z</time>
      </trkpt>
      <trkpt lat="42.212374" lon="23.5881149">
        <ele>2151</ele>
        <time>2016-08-07T06:11:24Z</time>
      </trkpt>
      <trkpt lat="42.212279" lon="23.5880929">
        <ele>2150</ele>
        <time>2016-08-07T06:11:17Z</time>
      </trkpt>
      <trkpt lat="42.2121788" lon="23.5880895">
        <ele>2149</ele>
        <time>2016-08-07T06:11:07Z</time>
      </trkpt>
      <trkpt lat="42.2120888" lon="23.5880448">
        <ele>2152</ele>
        <time>2016-08-07T06:10:59Z</time>
      </trkpt>
      <trkpt lat="42.211998" lon="23.5880729">
        <ele>2153</ele>
        <time>2016-08-07T06:10:47Z</time>
      </trkpt>
      <trkpt lat="42.211899" lon="23.5880474">
        <ele>2157</ele>
        <time>2016-08-07T06:09:55Z</time>
      </trkpt>
      <trkpt lat="42.2118014" lon="23.5880087">
        <ele>2157</ele>
        <time>2016-08-07T06:09:48Z</time>
      </trkpt>
      <trkpt lat="42.211697" lon="23.587982">
        <ele>2152</ele>
        <time>2016-08-07T06:09:42Z</time>
      </trkpt>
      <trkpt lat="42.2116044" lon="23.5879566">
        <ele>2155</ele>
        <time>2016-08-07T06:09:09Z</time>
      </trkpt>
      <trkpt lat="42.2115104" lon="23.5879463">
        <ele>2167</ele>
        <time>2016-08-07T06:08:55Z</time>
      </trkpt>
      <trkpt lat="42.2114081" lon="23.5879217">
        <ele>2166</ele>
        <time>2016-08-07T06:08:47Z</time>
      </trkpt>
      <trkpt lat="42.2113686" lon="23.5879041">
        <ele>2167</ele>
        <time>2016-08-07T06:08:34Z</time>
      </trkpt>
      <trkpt lat="42.2112776" lon="23.5879129">
        <ele>2163</ele>
        <time>2016-08-07T06:08:17Z</time>
      </trkpt>
      <trkpt lat="42.211185" lon="23.5878951">
        <ele>2162</ele>
        <time>2016-08-07T06:08:09Z</time>
      </trkpt>
      <trkpt lat="42.2110873" lon="23.5878741">
        <ele>2160</ele>
        <time>2016-08-07T06:07:58Z</time>
      </trkpt>
      <trkpt lat="42.2110732" lon="23.5877507">
        <ele>2166</ele>
        <time>2016-08-07T06:07:47Z</time>
      </trkpt>
      <trkpt lat="42.2109847" lon="23.5877787">
        <ele>2168</ele>
        <time>2016-08-07T06:07:40Z</time>
      </trkpt>
      <trkpt lat="42.2109386" lon="23.587912">
        <ele>2170</ele>
        <time>2016-08-07T06:07:30Z</time>
      </trkpt>
      <trkpt lat="42.2108535" lon="23.5878552">
        <ele>2170</ele>
        <time>2016-08-07T06:06:59Z</time>
      </trkpt>
      <trkpt lat="42.2107589" lon="23.5878236">
        <ele>2173</ele>
        <time>2016-08-07T06:06:46Z</time>
      </trkpt>
      <trkpt lat="42.21067" lon="23.5878214">
        <ele>2175</ele>
        <time>2016-08-07T06:06:40Z</time>
      </trkpt>
      <trkpt lat="42.210577" lon="23.5878036">
        <ele>2175</ele>
        <time>2016-08-07T06:06:29Z</time>
      </trkpt>
      <trkpt lat="42.2104835" lon="23.5878057">
        <ele>2178</ele>
        <time>2016-08-07T06:06:19Z</time>
      </trkpt>
      <trkpt lat="42.2103905" lon="23.5878243">
        <ele>2182</ele>
        <time>2016-08-07T06:06:09Z</time>
      </trkpt>
      <trkpt lat="42.2102972" lon="23.5878068">
        <ele>2184</ele>
        <time>2016-08-07T06:05:59Z</time>
      </trkpt>
      <trkpt lat="42.2102133" lon="23.5877522">
        <ele>2189</ele>
        <time>2016-08-07T06:05:45Z</time>
      </trkpt>
      <trkpt lat="42.2101199" lon="23.5877566">
        <ele>2188</ele>
        <time>2016-08-07T06:05:38Z</time>
      </trkpt>
      <trkpt lat="42.2100241" lon="23.5877755">
        <ele>2192</ele>
        <time>2016-08-07T06:05:29Z</time>
      </trkpt>
      <trkpt lat="42.2099346" lon="23.5878063">
        <ele>2190</ele>
        <time>2016-08-07T06:05:23Z</time>
      </trkpt>
      <trkpt lat="42.2098414" lon="23.5877967">
        <ele>2190</ele>
        <time>2016-08-07T06:04:52Z</time>
      </trkpt>
      <trkpt lat="42.2097847" lon="23.5878994">
        <ele>2193</ele>
        <time>2016-08-07T06:04:46Z</time>
      </trkpt>
      <trkpt lat="42.209762" lon="23.5879521">
        <ele>2192</ele>
        <time>2016-08-07T06:04:24Z</time>
      </trkpt>
      <trkpt lat="42.2096973" lon="23.5880442">
        <ele>2189</ele>
        <time>2016-08-07T06:03:38Z</time>
      </trkpt>
      <trkpt lat="42.2096246" lon="23.5881314">
        <ele>2191</ele>
        <time>2016-08-07T06:03:32Z</time>
      </trkpt>
      <trkpt lat="42.2095504" lon="23.5882087">
        <ele>2193</ele>
        <time>2016-08-07T06:03:23Z</time>
      </trkpt>
      <trkpt lat="42.209474" lon="23.5882922">
        <ele>2204</ele>
        <time>2016-08-07T06:02:46Z</time>
      </trkpt>
      <trkpt lat="42.2094538" lon="23.588288">
        <ele>2208</ele>
        <time>2016-08-07T06:02:22Z</time>
      </trkpt>
      <trkpt lat="42.209494" lon="23.5884044">
        <ele>2206</ele>
        <time>2016-08-07T06:02:12Z</time>
      </trkpt>
      <trkpt lat="42.2095542" lon="23.5884958">
        <ele>2207</ele>
        <time>2016-08-07T06:01:53Z</time>
      </trkpt>
      <trkpt lat="42.2094649" lon="23.5885355">
        <ele>2206</ele>
        <time>2016-08-07T06:01:44Z</time>
      </trkpt>
      <trkpt lat="42.2093719" lon="23.5884972">
        <ele>2210</ele>
        <time>2016-08-07T06:01:30Z</time>
      </trkpt>
      <trkpt lat="42.2092849" lon="23.5885376">
        <ele>2211</ele>
        <time>2016-08-07T06:01:23Z</time>
      </trkpt>
      <trkpt lat="42.2091872" lon="23.588553">
        <ele>2206</ele>
        <time>2016-08-07T06:01:15Z</time>
      </trkpt>
      <trkpt lat="42.2090892" lon="23.5885662">
        <ele>2208</ele>
        <time>2016-08-07T06:01:01Z</time>
      </trkpt>
      <trkpt lat="42.208992" lon="23.5885573">
        <ele>2216</ele>
        <time>2016-08-07T06:00:52Z</time>
      </trkpt>
      <trkpt lat="42.2088885" lon="23.5885548">
        <ele>2219</ele>
        <time>2016-08-07T06:00:21Z</time>
      </trkpt>
      <trkpt lat="42.2087983" lon="23.5885695">
        <ele>2223</ele>
        <time>2016-08-07T06:00:10Z</time>
      </trkpt>
      <trkpt lat="42.2087179" lon="23.5886299">
        <ele>2228</ele>
        <time>2016-08-07T05:59:38Z</time>
      </trkpt>
      <trkpt lat="42.2086241" lon="23.5886322">
        <ele>2235</ele>
        <time>2016-08-07T05:59:26Z</time>
      </trkpt>
      <trkpt lat="42.2085625" lon="23.5887346">
        <ele>2232</ele>
        <time>2016-08-07T05:58:46Z</time>
      </trkpt>
      <trkpt lat="42.2085568" lon="23.5886659">
        <ele>2235</ele>
        <time>2016-08-07T05:58:30Z</time>
      </trkpt>
      <trkpt lat="42.208494" lon="23.5887761">
        <ele>2227</ele>
        <time>2016-08-07T05:58:05Z</time>
      </trkpt>
      <trkpt lat="42.2084443" lon="23.5888879">
        <ele>2234</ele>
        <time>2016-08-07T05:57:53Z</time>
      </trkpt>
      <trkpt lat="42.2083504" lon="23.5889384">
        <ele>2229</ele>
        <time>2016-08-07T05:57:45Z</time>
      </trkpt>
      <trkpt lat="42.208257" lon="23.588971">
        <ele>2224</ele>
        <time>2016-08-07T05:57:37Z</time>
      </trkpt>
      <trkpt lat="42.2081645" lon="23.5890096">
        <ele>2224</ele>
        <time>2016-08-07T05:57:30Z</time>
      </trkpt>
      <trkpt lat="42.2080794" lon="23.5890743">
        <ele>2221</ele>
        <time>2016-08-07T05:57:23Z</time>
      </trkpt>
      <trkpt lat="42.20799" lon="23.5891316">
        <ele>2236</ele>
        <time>2016-08-07T05:56:57Z</time>
      </trkpt>
      <trkpt lat="42.2078954" lon="23.5891558">
        <ele>2236</ele>
        <time>2016-08-07T05:56:46Z</time>
      </trkpt>
    </trkseg>
    <trkseg>
      <trkpt lat="42.2078344" lon="23.5891768">
        <ele>2239</ele>
        <time>2016-08-07T05:56:39Z</time>
      </trkpt>
      <trkpt lat="42.2077593" lon="23.5892501">
        <ele>2241</ele>
        <time>2016-08-07T05:56:09Z</time>
      </trkpt>
      <trkpt lat="42.2076691" lon="23.589304">
        <ele>2241</ele>
        <time>2016-08-07T05:56:02Z</time>
      </trkpt>
      <trkpt lat="42.207585" lon="23.5893698">
        <ele>2241</ele>
        <time>2016-08-07T05:55:56Z</time>
      </trkpt>
      <trkpt lat="42.2074886" lon="23.5893965">
        <ele>2234</ele>
        <time>2016-08-07T05:55:50Z</time>
      </trkpt>
      <trkpt lat="42.2073893" lon="23.5894398">
        <ele>2233</ele>
        <time>2016-08-07T05:55:42Z</time>
      </trkpt>
      <trkpt lat="42.2073012" lon="23.5894695">
        <ele>2234</ele>
        <time>2016-08-07T05:55:34Z</time>
      </trkpt>
      <trkpt lat="42.2072065" lon="23.5894939">
        <ele>2237</ele>
        <time>2016-08-07T05:55:26Z</time>
      </trkpt>
      <trkpt lat="42.2071165" lon="23.589572">
        <ele>2237</ele>
        <time>2016-08-07T05:55:21Z</time>
      </trkpt>
      <trkpt lat="42.2070201" lon="23.589625">
        <ele>2243</ele>
        <time>2016-08-07T05:54:41Z</time>
      </trkpt>
      <trkpt lat="42.2069435" lon="23.5896947">
        <ele>2240</ele>
        <time>2016-08-07T05:54:31Z</time>
      </trkpt>
      <trkpt lat="42.2068475" lon="23.5897348">
        <ele>2236</ele>
        <time>2016-08-07T05:54:24Z</time>
      </trkpt>
      <trkpt lat="42.2067576" lon="23.5897794">
        <ele>2247</ele>
        <time>2016-08-07T05:54:09Z</time>
      </trkpt>
      <trkpt lat="42.2066679" lon="23.5897474">
        <ele>2251</ele>
        <time>2016-08-07T05:53:57Z</time>
      </trkpt>
      <trkpt lat="42.2065825" lon="23.5898106">
        <ele>2251</ele>
        <time>2016-08-07T05:53:48Z</time>
      </trkpt>
      <trkpt lat="42.2064855" lon="23.5898278">
        <ele>2256</ele>
        <time>2016-08-07T05:53:26Z</time>
      </trkpt>
      <trkpt lat="42.2064123" lon="23.5899023">
        <ele>2251</ele>
        <time>2016-08-07T05:53:18Z</time>
      </trkpt>
      <trkpt lat="42.2063176" lon="23.589935">
        <ele>2251</ele>
        <time>2016-08-07T05:53:12Z</time>
      </trkpt>
      <trkpt lat="42.2062206" lon="23.5899497">
        <ele>2250</ele>
        <time>2016-08-07T05:53:00Z</time>
      </trkpt>
      <trkpt lat="42.2061302" lon="23.5899878">
        <ele>2253</ele>
        <time>2016-08-07T05:52:46Z</time>
      </trkpt>
      <trkpt lat="42.2061068" lon="23.5900462">
        <ele>2257</ele>
        <time>2016-08-07T05:52:40Z</time>
      </trkpt>
      <trkpt lat="42.2060506" lon="23.5901498">
        <ele>2259</ele>
        <time>2016-08-07T05:52:30Z</time>
      </trkpt>
      <trkpt lat="42.2059862" lon="23.59024">
        <ele>2259</ele>
        <time>2016-08-07T05:52:24Z</time>
      </trkpt>
      <trkpt lat="42.2059251" lon="23.5903354">
        <ele>2258</ele>
        <time>2016-08-07T05:52:18Z</time>
      </trkpt>
      <trkpt lat="42.2058649" lon="23.5904577">
        <ele>2259</ele>
        <time>2016-08-07T05:52:13Z</time>
      </trkpt>
      <trkpt lat="42.2057758" lon="23.5905342">
        <ele>2262</ele>
        <time>2016-08-07T05:51:40Z</time>
      </trkpt>
      <trkpt lat="42.2057656" lon="23.5906598">
        <ele>2262</ele>
        <time>2016-08-07T05:51:28Z</time>
      </trkpt>
      <trkpt lat="42.2056951" lon="23.5907587">
        <ele>2264</ele>
        <time>2016-08-07T05:51:21Z</time>
      </trkpt>
      <trkpt lat="42.2056224" lon="23.5908614">
        <ele>2262</ele>
        <time>2016-08-07T05:51:14Z</time>
      </trkpt>
      <trkpt lat="42.2055298" lon="23.5909244">
        <ele>2263</ele>
        <time>2016-08-07T05:51:06Z</time>
      </trkpt>
      <trkpt lat="42.2054485" lon="23.590979">
        <ele>2264</ele>
        <time>2016-08-07T05:50:59Z</time>
      </trkpt>
      <trkpt lat="42.2053494" lon="23.5910174">
        <ele>2265</ele>
        <time>2016-08-07T05:50:54Z</time>
      </trkpt>
      <trkpt lat="42.2052504" lon="23.5910618">
        <ele>2265</ele>
        <time>2016-08-07T05:50:47Z</time>
      </trkpt>
      <trkpt lat="42.2051999" lon="23.5911026">
        <ele>2267</ele>
        <time>2016-08-07T05:50:33Z</time>
      </trkpt>
      <trkpt lat="42.2051094" lon="23.5911192">
        <ele>2270</ele>
        <time>2016-08-07T05:50:25Z</time>
      </trkpt>
      <trkpt lat="42.2050159" lon="23.5911592">
        <ele>2261</ele>
        <time>2016-08-07T05:50:16Z</time>
      </trkpt>
      <trkpt lat="42.2049178" lon="23.5911605">
        <ele>2263</ele>
        <time>2016-08-07T05:50:07Z</time>
      </trkpt>
      <trkpt lat="42.2048241" lon="23.5911562">
        <ele>2264</ele>
        <time>2016-08-07T05:50:00Z</time>
      </trkpt>
      <trkpt lat="42.2047309" lon="23.5911863">
        <ele>2263</ele>
        <time>2016-08-07T05:49:53Z</time>
      </trkpt>
      <trkpt lat="42.2046409" lon="23.5912392">
        <ele>2263</ele>
        <time>2016-08-07T05:49:42Z</time>
      </trkpt>
      <trkpt lat="42.2045663" lon="23.5913214">
        <ele>2265</ele>
        <time>2016-08-07T05:49:30Z</time>
      </trkpt>
      <trkpt lat="42.2044766" lon="23.59135">
        <ele>2265</ele>
        <time>2016-08-07T05:49:24Z</time>
      </trkpt>
      <trkpt lat="42.2043732" lon="23.5914033">
        <ele>2262</ele>
        <time>2016-08-07T05:49:16Z</time>
      </trkpt>
      <trkpt lat="42.2042971" lon="23.5914705">
        <ele>2264</ele>
        <time>2016-08-07T05:49:08Z</time>
      </trkpt>
      <trkpt lat="42.2042014" lon="23.5915164">
        <ele>2266</ele>
        <time>2016-08-07T05:49:02Z</time>
      </trkpt>
      <trkpt lat="42.2041144" lon="23.5915871">
        <ele>2266</ele>
        <time>2016-08-07T05:48:56Z</time>
      </trkpt>
      <trkpt lat="42.2040342" lon="23.5916475">
        <ele>2266</ele>
        <time>2016-08-07T05:48:46Z</time>
      </trkpt>
      <trkpt lat="42.2040318" lon="23.5916488">
        <ele>2265</ele>
        <time>2016-08-07T05:48:44Z</time>
      </trkpt>
      <trkpt lat="42.2039407" lon="23.5916431">
        <ele>2254</ele>
        <time>2016-08-07T05:48:32Z</time>
      </trkpt>
      <trkpt lat="42.2038462" lon="23.5916718">
        <ele>2255</ele>
        <time>2016-08-07T05:48:22Z</time>
      </trkpt>
      <trkpt lat="42.2037612" lon="23.5917181">
        <ele>2266</ele>
        <time>2016-08-07T05:48:12Z</time>
      </trkpt>
      <trkpt lat="42.2036814" lon="23.5917925">
        <ele>2261</ele>
        <time>2016-08-07T05:48:06Z</time>
      </trkpt>
      <trkpt lat="42.2035898" lon="23.5918296">
        <ele>2267</ele>
        <time>2016-08-07T05:47:55Z</time>
      </trkpt>
      <trkpt lat="42.2035088" lon="23.5918874">
        <ele>2268</ele>
        <time>2016-08-07T05:47:46Z</time>
      </trkpt>
      <trkpt lat="42.2034171" lon="23.5919115">
        <ele>2268</ele>
        <time>2016-08-07T05:46:17Z</time>
      </trkpt>
      <trkpt lat="42.2033323" lon="23.5919554">
        <ele>2268</ele>
        <time>2016-08-07T05:46:03Z</time>
      </trkpt>
      <trkpt lat="42.2032472" lon="23.5919023">
        <ele>2268</ele>
        <time>2016-08-07T05:44:47Z</time>
      </trkpt>
      <trkpt lat="42.2031683" lon="23.5918588">
        <ele>2269</ele>
        <time>2016-08-07T05:44:05Z</time>
      </trkpt>
      <trkpt lat="42.2031683" lon="23.5918588">
        <ele>2269</ele>
        <time>2016-08-07T05:44:05Z</time>
      </trkpt>
      <trkpt lat="42.2030798" lon="23.5918019">
        <ele>2267</ele>
        <time>2016-08-07T05:43:56Z</time>
      </trkpt>
      <trkpt lat="42.2029951" lon="23.5918638">
        <ele>2270</ele>
        <time>2016-08-07T05:43:41Z</time>
      </trkpt>
      <trkpt lat="42.2029176" lon="23.5919399">
        <ele>2273</ele>
        <time>2016-08-07T05:43:32Z</time>
      </trkpt>
      <trkpt lat="42.2028282" lon="23.5919894">
        <ele>2272</ele>
        <time>2016-08-07T05:43:19Z</time>
      </trkpt>
      <trkpt lat="42.2027362" lon="23.5920364">
        <ele>2273</ele>
        <time>2016-08-07T05:43:10Z</time>
      </trkpt>
      <trkpt lat="42.2026476" lon="23.5920725">
        <ele>2273</ele>
        <time>2016-08-07T05:43:01Z</time>
      </trkpt>
      <trkpt lat="42.2025562" lon="23.5920818">
        <ele>2278</ele>
        <time>2016-08-07T05:42:46Z</time>
      </trkpt>
      <trkpt lat="42.2024992" lon="23.5921154">
        <ele>2280</ele>
        <time>2016-08-07T05:42:36Z</time>
      </trkpt>
      <trkpt lat="42.2024159" lon="23.5920516">
        <ele>2280</ele>
        <time>2016-08-07T05:42:26Z</time>
      </trkpt>
      <trkpt lat="42.2023936" lon="23.5919219">
        <ele>2286</ele>
        <time>2016-08-07T05:42:19Z</time>
      </trkpt>
      <trkpt lat="42.2023514" lon="23.5918111">
        <ele>2283</ele>
        <time>2016-08-07T05:42:11Z</time>
      </trkpt>
      <trkpt lat="42.2023288" lon="23.5916875">
        <ele>2285</ele>
        <time>2016-08-07T05:41:59Z</time>
      </trkpt>
      <trkpt lat="42.2022496" lon="23.591608">
        <ele>2286</ele>
        <time>2016-08-07T05:41:52Z</time>
      </trkpt>
      <trkpt lat="42.2021728" lon="23.5915379">
        <ele>2286</ele>
        <time>2016-08-07T05:41:29Z</time>
      </trkpt>
      <trkpt lat="42.202109" lon="23.5914378">
        <ele>2287</ele>
        <time>2016-08-07T05:41:21Z</time>
      </trkpt>
      <trkpt lat="42.2020526" lon="23.591327">
        <ele>2285</ele>
        <time>2016-08-07T05:41:09Z</time>
      </trkpt>
      <trkpt lat="42.201971" lon="23.5912746">
        <ele>2284</ele>
        <time>2016-08-07T05:40:59Z</time>
      </trkpt>
      <trkpt lat="42.201888" lon="23.5911969">
        <ele>2287</ele>
        <time>2016-08-07T05:40:43Z</time>
      </trkpt>
      <trkpt lat="42.2017999" lon="23.5911602">
        <ele>2289</ele>
        <time>2016-08-07T05:40:29Z</time>
      </trkpt>
      <trkpt lat="42.2017926" lon="23.5911499">
        <ele>2290</ele>
        <time>2016-08-07T05:40:28Z</time>
      </trkpt>
      <trkpt lat="42.2016337" lon="23.591096">
        <ele>2286</ele>
        <time>2016-08-07T05:21:34Z</time>
      </trkpt>
      <trkpt lat="42.2015396" lon="23.5910638">
        <ele>2288</ele>
        <time>2016-08-07T05:21:26Z</time>
      </trkpt>
      <trkpt lat="42.201444" lon="23.5910587">
        <ele>2292</ele>
        <time>2016-08-07T05:21:18Z</time>
      </trkpt>
      <trkpt lat="42.2013414" lon="23.5910483">
        <ele>2290</ele>
        <time>2016-08-07T05:21:03Z</time>
      </trkpt>
      <trkpt lat="42.2012443" lon="23.5910184">
        <ele>2298</ele>
        <time>2016-08-07T05:20:46Z</time>
      </trkpt>
      <trkpt lat="42.2012203" lon="23.5910316">
        <ele>2298</ele>
        <time>2016-08-07T05:20:41Z</time>
      </trkpt>
      <trkpt lat="42.2011298" lon="23.5910162">
        <ele>2298</ele>
        <time>2016-08-07T05:19:57Z</time>
      </trkpt>
      <trkpt lat="42.2010412" lon="23.5909723">
        <ele>2296</ele>
        <time>2016-08-07T05:19:49Z</time>
      </trkpt>
      <trkpt lat="42.20095" lon="23.5909464">
        <ele>2303</ele>
        <time>2016-08-07T05:19:37Z</time>
      </trkpt>
      <trkpt lat="42.2008533" lon="23.5909691">
        <ele>2305</ele>
        <time>2016-08-07T05:19:06Z</time>
      </trkpt>
      <trkpt lat="42.2007517" lon="23.5909546">
        <ele>2306</ele>
        <time>2016-08-07T05:18:59Z</time>
      </trkpt>
      <trkpt lat="42.2006442" lon="23.590945">
        <ele>2309</ele>
        <time>2016-08-07T05:18:52Z</time>
      </trkpt>
      <trkpt lat="42.200553" lon="23.5909478">
        <ele>2312</ele>
        <time>2016-08-07T05:18:46Z</time>
      </trkpt>
      <trkpt lat="42.200461" lon="23.5909245">
        <ele>2310</ele>
        <time>2016-08-07T05:18:42Z</time>
      </trkpt>
      <trkpt lat="42.2003644" lon="23.5908916">
        <ele>2315</ele>
        <time>2016-08-07T05:17:11Z</time>
      </trkpt>
      <trkpt lat="42.2002762" lon="23.5908649">
        <ele>2315</ele>
        <time>2016-08-07T05:17:05Z</time>
      </trkpt>
      <trkpt lat="42.200339" lon="23.5909521">
        <ele>2314</ele>
        <time>2016-08-07T05:16:46Z</time>
      </trkpt>
      <trkpt lat="42.2003288" lon="23.5909497">
        <ele>2313</ele>
        <time>2016-08-07T05:14:42Z</time>
      </trkpt>
      <trkpt lat="42.2002992" lon="23.5909155">
        <ele>2315</ele>
        <time>2016-08-07T05:14:06Z</time>
      </trkpt>
      <trkpt lat="42.200204" lon="23.5909014">
        <ele>2313</ele>
        <time>2016-08-07T05:13:09Z</time>
      </trkpt>
      <trkpt lat="42.2001166" lon="23.5908655">
        <ele>2313</ele>
        <time>2016-08-07T05:12:57Z</time>
      </trkpt>
      <trkpt lat="42.2000328" lon="23.5908079">
        <ele>2312</ele>
        <time>2016-08-07T05:12:50Z</time>
      </trkpt>
      <trkpt lat="42.1999326" lon="23.5907644">
        <ele>2317</ele>
        <time>2016-08-07T05:12:40Z</time>
      </trkpt>
      <trkpt lat="42.1998541" lon="23.5907301">
        <ele>2318</ele>
        <time>2016-08-07T05:11:42Z</time>
      </trkpt>
      <trkpt lat="42.1997952" lon="23.5906312">
        <ele>2319</ele>
        <time>2016-08-07T05:11:29Z</time>
      </trkpt>
      <trkpt lat="42.1997062" lon="23.5905978">
        <ele>2321</ele>
        <time>2016-08-07T05:11:17Z</time>
      </trkpt>
      <trkpt lat="42.1996226" lon="23.5905355">
        <ele>2325</ele>
        <time>2016-08-07T05:11:07Z</time>
      </trkpt>
      <trkpt lat="42.1995726" lon="23.5904305">
        <ele>2329</ele>
        <time>2016-08-07T05:10:50Z</time>
      </trkpt>
      <trkpt lat="42.1995452" lon="23.5903106">
        <ele>2332</ele>
        <time>2016-08-07T05:10:39Z</time>
      </trkpt>
      <trkpt lat="42.1995773" lon="23.5901845">
        <ele>2332</ele>
        <time>2016-08-07T05:10:17Z</time>
      </trkpt>
      <trkpt lat="42.1995251" lon="23.5900786">
        <ele>2335</ele>
        <time>2016-08-07T05:10:07Z</time>
      </trkpt>
      <trkpt lat="42.1995485" lon="23.5899412">
        <ele>2335</ele>
        <time>2016-08-07T05:10:00Z</time>
      </trkpt>
      <trkpt lat="42.1995402" lon="23.5898159">
        <ele>2336</ele>
        <time>2016-08-07T05:09:50Z</time>
      </trkpt>
      <trkpt lat="42.1995657" lon="23.5896958">
        <ele>2337</ele>
        <time>2016-08-07T05:09:41Z</time>
      </trkpt>
      <trkpt lat="42.1995517" lon="23.5895652">
        <ele>2343</ele>
        <time>2016-08-07T05:09:28Z</time>
      </trkpt>
      <trkpt lat="42.1994856" lon="23.589472">
        <ele>2344</ele>
        <time>2016-08-07T05:09:17Z</time>
      </trkpt>
      <trkpt lat="42.1994294" lon="23.5893741">
        <ele>2341</ele>
        <time>2016-08-07T05:09:05Z</time>
      </trkpt>
      <trkpt lat="42.1993426" lon="23.5893213">
        <ele>2344</ele>
        <time>2016-08-07T05:08:54Z</time>
      </trkpt>
      <trkpt lat="42.199334" lon="23.5891947">
        <ele>2348</ele>
        <time>2016-08-07T05:08:39Z</time>
      </trkpt>
      <trkpt lat="42.1993338" lon="23.5891548">
        <ele>2348</ele>
        <time>2016-08-07T05:08:36Z</time>
      </trkpt>
      <trkpt lat="42.1992761" lon="23.5890523">
        <ele>2356</ele>
        <time>2016-08-07T05:08:20Z</time>
      </trkpt>
      <trkpt lat="42.199229" lon="23.5889443">
        <ele>2355</ele>
        <time>2016-08-07T05:08:10Z</time>
      </trkpt>
      <trkpt lat="42.1991725" lon="23.5888386">
        <ele>2356</ele>
        <time>2016-08-07T05:04:38Z</time>
      </trkpt>
      <trkpt lat="42.1991715" lon="23.5887956">
        <ele>2355</ele>
        <time>2016-08-07T05:03:36Z</time>
      </trkpt>
      <trkpt lat="42.1990975" lon="23.5887154">
        <ele>2357</ele>
        <time>2016-08-07T05:03:26Z</time>
      </trkpt>
      <trkpt lat="42.1990552" lon="23.5886025">
        <ele>2357</ele>
        <time>2016-08-07T05:03:20Z</time>
      </trkpt>
      <trkpt lat="42.1989691" lon="23.5885353">
        <ele>2360</ele>
        <time>2016-08-07T05:03:08Z</time>
      </trkpt>
      <trkpt lat="42.1989189" lon="23.5884228">
        <ele>2361</ele>
        <time>2016-08-07T05:02:57Z</time>
      </trkpt>
      <trkpt lat="42.1988633" lon="23.5883246">
        <ele>2362</ele>
        <time>2016-08-07T05:02:48Z</time>
      </trkpt>
      <trkpt lat="42.1987809" lon="23.5882733">
        <ele>2363</ele>
        <time>2016-08-07T05:02:38Z</time>
      </trkpt>
      <trkpt lat="42.1987434" lon="23.5882506">
        <ele>2363</ele>
        <time>2016-08-07T05:02:35Z</time>
      </trkpt>
      <trkpt lat="42.1986486" lon="23.5882662">
        <ele>2370</ele>
        <time>2016-08-07T05:02:25Z</time>
      </trkpt>
      <trkpt lat="42.1985622" lon="23.5882142">
        <ele>2371</ele>
        <time>2016-08-07T05:02:13Z</time>
      </trkpt>
      <trkpt lat="42.1984692" lon="23.5882058">
        <ele>2371</ele>
        <time>2016-08-07T05:02:06Z</time>
      </trkpt>
      <trkpt lat="42.1984058" lon="23.5881027">
        <ele>2378</ele>
        <time>2016-08-07T05:01:56Z</time>
      </trkpt>
      <trkpt lat="42.1983881" lon="23.5879681">
        <ele>2374</ele>
        <time>2016-08-07T05:01:49Z</time>
      </trkpt>
      <trkpt lat="42.1983264" lon="23.5878711">
        <ele>2377</ele>
        <time>2016-08-07T05:01:34Z</time>
      </trkpt>
      <trkpt lat="42.1983701" lon="23.5877607">
        <ele>2374</ele>
        <time>2016-08-07T05:01:16Z</time>
      </trkpt>
      <trkpt lat="42.1984714" lon="23.5877781">
        <ele>2374</ele>
        <time>2016-08-07T04:59:44Z</time>
      </trkpt>
      <trkpt lat="42.1983851" lon="23.58774">
        <ele>2371</ele>
        <time>2016-08-07T04:59:34Z</time>
      </trkpt>
      <trkpt lat="42.1982951" lon="23.5876966">
        <ele>2372</ele>
        <time>2016-08-07T04:59:27Z</time>
      </trkpt>
      <trkpt lat="42.1981973" lon="23.5876892">
        <ele>2376</ele>
        <time>2016-08-07T04:59:16Z</time>
      </trkpt>
      <trkpt lat="42.1981064" lon="23.5876818">
        <ele>2374</ele>
        <time>2016-08-07T04:59:06Z</time>
      </trkpt>
      <trkpt lat="42.198019" lon="23.587646">
        <ele>2387</ele>
        <time>2016-08-07T04:58:40Z</time>
      </trkpt>
      <trkpt lat="42.1980242" lon="23.5876506">
        <ele>2388</ele>
        <time>2016-08-07T04:58:39Z</time>
      </trkpt>
    </trkseg>
  </trk>
  <extensions>
    <osmand:color>#00000000</osmand:color>
    <osmand:show_arrows>false</osmand:show_arrows>
    <osmand:show_start_finish>true</osmand:show_start_finish>
    <osmand:split_interval>0.0</osmand:split_interval>
    <osmand:vertical_exaggeration_scale>1.0</osmand:vertical_exaggeration_scale>
    <osmand:elevation_meters>1000.0</osmand:elevation_meters>
    <osmand:points_groups>
      <group name="" />
    </osmand:points_groups>
  </extensions>
</gpx>